[2026-08-28 10:40:04] [INF] Now listening on: http://localhost:5054
[2026-08-28 10:40:04] [INF] Application started. Press Ctrl+C to shut down.
[2026-08-28 10:40:04] [INF] Hosting environment: Development
[2026-08-28 10:40:04] [INF] Content root path: C:\Users\Z100179\Desktop\MainFolder\Backend
[2026-08-28 10:40:05] [WRN] Failed to determine the https port for redirect.
[2026-08-28 10:40:05] [INF] HTTP GET /swagger/index.html responded 200 in 158.5145 ms
[2026-08-28 10:40:06] [INF] HTTP GET /swagger/v1/swagger.json responded 200 in 178.9838 ms
[2026-08-28 16:09:38] [INF] HTTP GET /api/dashboard/summary responded 401 in 351.7864 ms
[2026-08-28 16:09:38] [INF] HTTP GET /api/dashboard/summary responded 401 in 20.1640 ms
[2026-08-28 16:09:38] [INF] Refresh started
[2026-08-28 16:09:39] [INF] Access token refreshed successfully for user 1
[2026-08-28 16:09:39] [INF] Refresh ended in 1135.15 ms
[2026-08-28 16:09:39] [INF] HTTP POST /api/auth/refresh responded 200 in 1386.4718 ms
[2026-08-28 16:09:39] [INF] Executing dashboard summary query. Filters: DepartmentId=ALL, EmploymentTypeId=ALL, LocationId=ALL. Query: 
        SELECT
            COUNT(*) AS TotalEmployees,
            COALESCE(SUM(CASE WHEN IsActive = 1 THEN 1 ELSE 0 END), 0) AS ActiveEmployees,
            COALESCE(AVG(CAST(Attendance AS DECIMAL(10, 2))), 0) AS AverageAttendance,
            COALESCE(AVG(CAST(Performance AS DECIMAL(10, 2))), 0) AS AveragePerformance
        FROM Employees
        WHERE (@DepartmentId IS NULL OR DepartmentId = @DepartmentId)
          AND (@EmploymentTypeId IS NULL OR EmploymentTypeId = @EmploymentTypeId)
          AND (@LocationId IS NULL OR LocationId = @LocationId)
[2026-08-28 16:09:39] [INF] Dashboard summary query executed. Filters: DepartmentId=ALL, EmploymentTypeId=ALL, LocationId=ALL. Result: TotalEmployees=100000, ActiveEmployees=93334
[2026-08-28 16:09:39] [INF] HTTP GET /api/dashboard/summary responded 200 in 297.2899 ms
[2026-08-28 16:09:39] [INF] Executing dashboard summary query. Filters: DepartmentId=ALL, EmploymentTypeId=ALL, LocationId=ALL. Query: 
        SELECT
            COUNT(*) AS TotalEmployees,
            COALESCE(SUM(CASE WHEN IsActive = 1 THEN 1 ELSE 0 END), 0) AS ActiveEmployees,
            COALESCE(AVG(CAST(Attendance AS DECIMAL(10, 2))), 0) AS AverageAttendance,
            COALESCE(AVG(CAST(Performance AS DECIMAL(10, 2))), 0) AS AveragePerformance
        FROM Employees
        WHERE (@DepartmentId IS NULL OR DepartmentId = @DepartmentId)
          AND (@EmploymentTypeId IS NULL OR EmploymentTypeId = @EmploymentTypeId)
          AND (@LocationId IS NULL OR LocationId = @LocationId)
[2026-08-28 16:09:40] [INF] GetFilters started
[2026-08-28 16:09:40] [INF] Loaded 5 departments, 4 locations, 4 employment types, 11 skills
[2026-08-28 16:09:40] [INF] GetFilters ended in 66.42 ms
[2026-08-28 16:09:40] [INF] Dashboard summary query executed. Filters: DepartmentId=ALL, EmploymentTypeId=ALL, LocationId=ALL. Result: TotalEmployees=100000, ActiveEmployees=93334
[2026-08-28 16:09:40] [INF] HTTP GET /api/dashboard/summary responded 200 in 173.3111 ms
[2026-08-28 16:09:40] [INF] HTTP GET /api/filters responded 200 in 102.5816 ms
[2026-08-28 16:09:42] [INF] Query Executed 
    SELECT
        e.Id,
        e.EmployeeCode,
        e.Name,
        d.Name AS Department,
        et.Name AS EmploymentType,
        l.Name AS Location,
        e.Attendance,
        e.Performance,
        e.ActiveProjects,
        e.ExperienceYears,
        e.Salary,
        e.JoiningYear,
        e.IsActive,
        e.DepartmentId,
        e.EmploymentTypeId,
        e.LocationId
    FROM Employees e
    INNER JOIN Departments d
        ON e.DepartmentId = d.Id
    INNER JOIN Locations l
        ON e.LocationId = l.Id
    INNER JOIN EmploymentTypes et
        ON e.EmploymentTypeId = et.Id

        order by e.Id
        OFFSET @offset rows
        FETCH NEXT  @size rows only 
        
[2026-08-28 16:09:42] [INF] Fetched 10 employees from page 1 with total 100000
[2026-08-28 16:09:42] [INF] HTTP GET /api/employees/paginated responded 200 in 195.9814 ms
[2026-08-28 16:09:42] [INF] Query Executed 
    SELECT
        e.Id,
        e.EmployeeCode,
        e.Name,
        d.Name AS Department,
        et.Name AS EmploymentType,
        l.Name AS Location,
        e.Attendance,
        e.Performance,
        e.ActiveProjects,
        e.ExperienceYears,
        e.Salary,
        e.JoiningYear,
        e.IsActive,
        e.DepartmentId,
        e.EmploymentTypeId,
        e.LocationId
    FROM Employees e
    INNER JOIN Departments d
        ON e.DepartmentId = d.Id
    INNER JOIN Locations l
        ON e.LocationId = l.Id
    INNER JOIN EmploymentTypes et
        ON e.EmploymentTypeId = et.Id

        order by e.Id
        OFFSET @offset rows
        FETCH NEXT  @size rows only 
        
[2026-08-28 16:09:42] [INF] Fetched 10 employees from page 1 with total 100000
[2026-08-28 16:09:42] [INF] HTTP GET /api/employees/paginated responded 200 in 48.5537 ms
[2026-08-28 16:11:55] [INF] Query Executed 
    SELECT
        e.Id,
        e.EmployeeCode,
        e.Name,
        d.Name AS Department,
        et.Name AS EmploymentType,
        l.Name AS Location,
        e.Attendance,
        e.Performance,
        e.ActiveProjects,
        e.ExperienceYears,
        e.Salary,
        e.JoiningYear,
        e.IsActive,
        e.DepartmentId,
        e.EmploymentTypeId,
        e.LocationId
    FROM Employees e
    INNER JOIN Departments d
        ON e.DepartmentId = d.Id
    INNER JOIN Locations l
        ON e.LocationId = l.Id
    INNER JOIN EmploymentTypes et
        ON e.EmploymentTypeId = et.Id

        order by e.Id
        OFFSET @offset rows
        FETCH NEXT  @size rows only 
        
[2026-08-28 16:11:56] [INF] Fetched 10 employees from page 1 with total 100000
[2026-08-28 16:11:56] [INF] HTTP GET /api/employees/paginated responded 200 in 198.1188 ms
[2026-08-28 16:11:56] [INF] Query Executed 
    SELECT
        e.Id,
        e.EmployeeCode,
        e.Name,
        d.Name AS Department,
        et.Name AS EmploymentType,
        l.Name AS Location,
        e.Attendance,
        e.Performance,
        e.ActiveProjects,
        e.ExperienceYears,
        e.Salary,
        e.JoiningYear,
        e.IsActive,
        e.DepartmentId,
        e.EmploymentTypeId,
        e.LocationId
    FROM Employees e
    INNER JOIN Departments d
        ON e.DepartmentId = d.Id
    INNER JOIN Locations l
        ON e.LocationId = l.Id
    INNER JOIN EmploymentTypes et
        ON e.EmploymentTypeId = et.Id

        order by e.Id
        OFFSET @offset rows
        FETCH NEXT  @size rows only 
        
[2026-08-28 16:11:56] [INF] Fetched 10 employees from page 1 with total 100000
[2026-08-28 16:11:56] [INF] HTTP GET /api/employees/paginated responded 200 in 70.3503 ms
[2026-08-28 16:11:56] [INF] Query Executed 
    SELECT
        e.Id,
        e.EmployeeCode,
        e.Name,
        d.Name AS Department,
        et.Name AS EmploymentType,
        l.Name AS Location,
        e.Attendance,
        e.Performance,
        e.ActiveProjects,
        e.ExperienceYears,
        e.Salary,
        e.JoiningYear,
        e.IsActive,
        e.DepartmentId,
        e.EmploymentTypeId,
        e.LocationId
    FROM Employees e
    INNER JOIN Departments d
        ON e.DepartmentId = d.Id
    INNER JOIN Locations l
        ON e.LocationId = l.Id
    INNER JOIN EmploymentTypes et
        ON e.EmploymentTypeId = et.Id

        order by e.Id
        OFFSET @offset rows
        FETCH NEXT  @size rows only 
        
[2026-08-28 16:11:56] [INF] Fetched 10 employees from page 1 with total 100000
[2026-08-28 16:11:56] [INF] HTTP GET /api/employees/paginated responded 200 in 50.2005 ms
[2026-08-28 16:11:56] [INF] Query Executed 
    SELECT
        e.Id,
        e.EmployeeCode,
        e.Name,
        d.Name AS Department,
        et.Name AS EmploymentType,
        l.Name AS Location,
        e.Attendance,
        e.Performance,
        e.ActiveProjects,
        e.ExperienceYears,
        e.Salary,
        e.JoiningYear,
        e.IsActive,
        e.DepartmentId,
        e.EmploymentTypeId,
        e.LocationId
    FROM Employees e
    INNER JOIN Departments d
        ON e.DepartmentId = d.Id
    INNER JOIN Locations l
        ON e.LocationId = l.Id
    INNER JOIN EmploymentTypes et
        ON e.EmploymentTypeId = et.Id

        order by e.Id
        OFFSET @offset rows
        FETCH NEXT  @size rows only 
        
[2026-08-28 16:11:56] [INF] Fetched 10 employees from page 1 with total 100000
[2026-08-28 16:11:56] [INF] HTTP GET /api/employees/paginated responded 200 in 61.4466 ms
[2026-08-28 16:11:56] [INF] Query Executed 
    SELECT
        e.Id,
        e.EmployeeCode,
        e.Name,
        d.Name AS Department,
        et.Name AS EmploymentType,
        l.Name AS Location,
        e.Attendance,
        e.Performance,
        e.ActiveProjects,
        e.ExperienceYears,
        e.Salary,
        e.JoiningYear,
        e.IsActive,
        e.DepartmentId,
        e.EmploymentTypeId,
        e.LocationId
    FROM Employees e
    INNER JOIN Departments d
        ON e.DepartmentId = d.Id
    INNER JOIN Locations l
        ON e.LocationId = l.Id
    INNER JOIN EmploymentTypes et
        ON e.EmploymentTypeId = et.Id

        order by e.Id
        OFFSET @offset rows
        FETCH NEXT  @size rows only 
        
[2026-08-28 16:11:56] [INF] Fetched 10 employees from page 1 with total 100000
[2026-08-28 16:11:56] [INF] HTTP GET /api/employees/paginated responded 200 in 57.5921 ms
[2026-08-28 16:11:56] [INF] HTTP GET /api/employees/paginated responded 400 in 120.9362 ms
[2026-08-28 16:11:56] [INF] HTTP GET /api/employees/paginated responded 400 in 68.4470 ms
[2026-08-28 16:11:56] [INF] HTTP GET /api/employees/paginated responded 400 in 3.3053 ms
[2026-08-28 16:11:57] [INF] HTTP GET /api/employees/paginated responded 400 in 2.2565 ms
[2026-08-28 16:11:57] [INF] HTTP GET /api/employees/paginated responded 400 in 2.7882 ms
[2026-08-28 16:11:57] [INF] HTTP GET /api/employees/paginated responded 400 in 2.2173 ms
[2026-08-28 16:11:57] [INF] HTTP GET /api/employees/paginated responded 400 in 1.9637 ms
[2026-08-28 16:11:57] [INF] HTTP GET /api/employees/paginated responded 400 in 2.5377 ms
[2026-08-28 16:11:57] [INF] HTTP GET /api/employees/paginated responded 400 in 2.0607 ms
[2026-08-28 16:11:57] [INF] HTTP GET /api/employees/paginated responded 400 in 1.9956 ms
[2026-08-28 16:11:57] [INF] HTTP GET /api/employees/paginated responded 400 in 2.0640 ms
[2026-08-28 16:11:57] [INF] HTTP GET /api/employees/paginated responded 400 in 3.2679 ms
[2026-08-28 16:11:57] [INF] Query Executed 
    SELECT
        e.Id,
        e.EmployeeCode,
        e.Name,
        d.Name AS Department,
        et.Name AS EmploymentType,
        l.Name AS Location,
        e.Attendance,
        e.Performance,
        e.ActiveProjects,
        e.ExperienceYears,
        e.Salary,
        e.JoiningYear,
        e.IsActive,
        e.DepartmentId,
        e.EmploymentTypeId,
        e.LocationId
    FROM Employees e
    INNER JOIN Departments d
        ON e.DepartmentId = d.Id
    INNER JOIN Locations l
        ON e.LocationId = l.Id
    INNER JOIN EmploymentTypes et
        ON e.EmploymentTypeId = et.Id

        order by e.Id
        OFFSET @offset rows
        FETCH NEXT  @size rows only 
        
[2026-08-28 16:11:57] [INF] Fetched 10 employees from page 2 with total 100000
[2026-08-28 16:11:57] [INF] HTTP GET /api/employees/paginated responded 200 in 40.4801 ms
[2026-08-28 16:11:57] [INF] HTTP GET /api/employees/paginated responded 400 in 2.1149 ms
[2026-08-28 16:11:57] [INF] HTTP GET /api/employees/paginated responded 400 in 2.7701 ms
[2026-08-28 16:11:57] [INF] HTTP GET /api/employees/paginated responded 400 in 2.3470 ms
[2026-08-28 16:11:57] [INF] HTTP GET /api/employees/paginated responded 400 in 3.4950 ms
[2026-08-28 16:11:58] [INF] HTTP GET /api/employees/paginated responded 400 in 2.5285 ms
[2026-08-28 16:11:58] [INF] HTTP GET /api/employees/paginated responded 400 in 1.8933 ms
[2026-08-28 16:11:58] [INF] HTTP GET /api/employees/paginated responded 400 in 2.2232 ms
[2026-08-28 16:11:58] [INF] Query Executed 
    SELECT
        e.Id,
        e.EmployeeCode,
        e.Name,
        d.Name AS Department,
        et.Name AS EmploymentType,
        l.Name AS Location,
        e.Attendance,
        e.Performance,
        e.ActiveProjects,
        e.ExperienceYears,
        e.Salary,
        e.JoiningYear,
        e.IsActive,
        e.DepartmentId,
        e.EmploymentTypeId,
        e.LocationId
    FROM Employees e
    INNER JOIN Departments d
        ON e.DepartmentId = d.Id
    INNER JOIN Locations l
        ON e.LocationId = l.Id
    INNER JOIN EmploymentTypes et
        ON e.EmploymentTypeId = et.Id

        order by e.Id
        OFFSET @offset rows
        FETCH NEXT  @size rows only 
        
[2026-08-28 16:11:58] [INF] Fetched 10 employees from page 3 with total 100000
[2026-08-28 16:11:58] [INF] HTTP GET /api/employees/paginated responded 200 in 48.3539 ms
[2026-08-28 16:11:58] [INF] Query Executed 
    SELECT
        e.Id,
        e.EmployeeCode,
        e.Name,
        d.Name AS Department,
        et.Name AS EmploymentType,
        l.Name AS Location,
        e.Attendance,
        e.Performance,
        e.ActiveProjects,
        e.ExperienceYears,
        e.Salary,
        e.JoiningYear,
        e.IsActive,
        e.DepartmentId,
        e.EmploymentTypeId,
        e.LocationId
    FROM Employees e
    INNER JOIN Departments d
        ON e.DepartmentId = d.Id
    INNER JOIN Locations l
        ON e.LocationId = l.Id
    INNER JOIN EmploymentTypes et
        ON e.EmploymentTypeId = et.Id

        order by e.Id
        OFFSET @offset rows
        FETCH NEXT  @size rows only 
        
[2026-08-28 16:11:58] [INF] Fetched 10 employees from page 3 with total 100000
[2026-08-28 16:11:58] [INF] HTTP GET /api/employees/paginated responded 200 in 47.1046 ms
[2026-08-28 16:11:58] [INF] Query Executed 
    SELECT
        e.Id,
        e.EmployeeCode,
        e.Name,
        d.Name AS Department,
        et.Name AS EmploymentType,
        l.Name AS Location,
        e.Attendance,
        e.Performance,
        e.ActiveProjects,
        e.ExperienceYears,
        e.Salary,
        e.JoiningYear,
        e.IsActive,
        e.DepartmentId,
        e.EmploymentTypeId,
        e.LocationId
    FROM Employees e
    INNER JOIN Departments d
        ON e.DepartmentId = d.Id
    INNER JOIN Locations l
        ON e.LocationId = l.Id
    INNER JOIN EmploymentTypes et
        ON e.EmploymentTypeId = et.Id

        order by e.Id
        OFFSET @offset rows
        FETCH NEXT  @size rows only 
        
[2026-08-28 16:11:58] [INF] Fetched 10 employees from page 3 with total 100000
[2026-08-28 16:11:58] [INF] HTTP GET /api/employees/paginated responded 200 in 99.0799 ms
[2026-08-28 16:11:58] [INF] HTTP GET /api/employees/paginated responded 400 in 2.1633 ms
[2026-08-28 16:11:58] [INF] HTTP GET /api/employees/paginated responded 400 in 2.9666 ms
[2026-08-28 16:11:58] [INF] HTTP GET /api/employees/paginated responded 400 in 2.0863 ms
[2026-08-28 16:11:58] [INF] HTTP GET /api/employees/paginated responded 400 in 1.9207 ms
[2026-08-28 16:11:58] [INF] HTTP GET /api/employees/paginated responded 400 in 2.7536 ms
[2026-08-28 16:12:03] [INF] HTTP GET /api/employees/paginated responded 400 in 2.9724 ms
[2026-08-28 16:12:03] [INF] HTTP GET /api/employees/paginated responded 400 in 1.8894 ms
[2026-08-28 16:12:03] [INF] HTTP GET /api/employees/paginated responded 400 in 3.0693 ms
[2026-08-28 16:12:03] [INF] HTTP GET /api/employees/paginated responded 400 in 2.1356 ms
[2026-08-28 16:12:03] [INF] HTTP GET /api/employees/paginated responded 400 in 1.9436 ms
[2026-08-28 16:12:03] [INF] HTTP GET /api/employees/paginated responded 400 in 2.5188 ms
[2026-08-28 16:12:03] [INF] HTTP GET /api/employees/paginated responded 400 in 2.6205 ms
[2026-08-28 16:12:04] [INF] Query Executed 
    SELECT
        e.Id,
        e.EmployeeCode,
        e.Name,
        d.Name AS Department,
        et.Name AS EmploymentType,
        l.Name AS Location,
        e.Attendance,
        e.Performance,
        e.ActiveProjects,
        e.ExperienceYears,
        e.Salary,
        e.JoiningYear,
        e.IsActive,
        e.DepartmentId,
        e.EmploymentTypeId,
        e.LocationId
    FROM Employees e
    INNER JOIN Departments d
        ON e.DepartmentId = d.Id
    INNER JOIN Locations l
        ON e.LocationId = l.Id
    INNER JOIN EmploymentTypes et
        ON e.EmploymentTypeId = et.Id

        order by e.Id
        OFFSET @offset rows
        FETCH NEXT  @size rows only 
        
[2026-08-28 16:12:04] [INF] Fetched 10 employees from page 5 with total 100000
[2026-08-28 16:12:04] [INF] HTTP GET /api/employees/paginated responded 200 in 52.2827 ms
[2026-08-28 16:12:04] [INF] Query Executed 
    SELECT
        e.Id,
        e.EmployeeCode,
        e.Name,
        d.Name AS Department,
        et.Name AS EmploymentType,
        l.Name AS Location,
        e.Attendance,
        e.Performance,
        e.ActiveProjects,
        e.ExperienceYears,
        e.Salary,
        e.JoiningYear,
        e.IsActive,
        e.DepartmentId,
        e.EmploymentTypeId,
        e.LocationId
    FROM Employees e
    INNER JOIN Departments d
        ON e.DepartmentId = d.Id
    INNER JOIN Locations l
        ON e.LocationId = l.Id
    INNER JOIN EmploymentTypes et
        ON e.EmploymentTypeId = et.Id

        order by e.Id
        OFFSET @offset rows
        FETCH NEXT  @size rows only 
        
[2026-08-28 16:12:04] [INF] HTTP GET /api/employees/paginated responded 400 in 3.2120 ms
[2026-08-28 16:12:04] [INF] Fetched 10 employees from page 5 with total 100000
[2026-08-28 16:12:04] [INF] HTTP GET /api/employees/paginated responded 200 in 53.1024 ms
[2026-08-28 16:12:05] [INF] HTTP GET /api/employees/paginated responded 400 in 1.7002 ms
[2026-08-28 16:12:05] [INF] HTTP GET /api/employees/paginated responded 400 in 9.7578 ms
[2026-08-28 16:12:05] [INF] HTTP GET /api/employees/paginated responded 400 in 2.8782 ms
[2026-08-28 16:12:05] [INF] HTTP GET /api/employees/paginated responded 400 in 3.3629 ms
[2026-08-28 16:12:05] [INF] HTTP GET /api/employees/paginated responded 400 in 2.5808 ms
[2026-08-28 16:12:05] [INF] HTTP GET /api/employees/paginated responded 400 in 2.6441 ms
[2026-08-28 16:12:05] [INF] HTTP GET /api/employees/paginated responded 400 in 1.8500 ms
[2026-08-28 16:12:05] [INF] HTTP GET /api/employees/paginated responded 400 in 1.5786 ms
[2026-08-28 16:12:06] [INF] HTTP GET /api/employees/paginated responded 400 in 1.9633 ms
[2026-08-28 16:12:06] [INF] Query Executed 
    SELECT
        e.Id,
        e.EmployeeCode,
        e.Name,
        d.Name AS Department,
        et.Name AS EmploymentType,
        l.Name AS Location,
        e.Attendance,
        e.Performance,
        e.ActiveProjects,
        e.ExperienceYears,
        e.Salary,
        e.JoiningYear,
        e.IsActive,
        e.DepartmentId,
        e.EmploymentTypeId,
        e.LocationId
    FROM Employees e
    INNER JOIN Departments d
        ON e.DepartmentId = d.Id
    INNER JOIN Locations l
        ON e.LocationId = l.Id
    INNER JOIN EmploymentTypes et
        ON e.EmploymentTypeId = et.Id

        order by e.Id
        OFFSET @offset rows
        FETCH NEXT  @size rows only 
        
[2026-08-28 16:12:06] [INF] Fetched 10 employees from page 6 with total 100000
[2026-08-28 16:12:06] [INF] HTTP GET /api/employees/paginated responded 200 in 48.1691 ms
[2026-08-28 16:12:06] [INF] Query Executed 
    SELECT
        e.Id,
        e.EmployeeCode,
        e.Name,
        d.Name AS Department,
        et.Name AS EmploymentType,
        l.Name AS Location,
        e.Attendance,
        e.Performance,
        e.ActiveProjects,
        e.ExperienceYears,
        e.Salary,
        e.JoiningYear,
        e.IsActive,
        e.DepartmentId,
        e.EmploymentTypeId,
        e.LocationId
    FROM Employees e
    INNER JOIN Departments d
        ON e.DepartmentId = d.Id
    INNER JOIN Locations l
        ON e.LocationId = l.Id
    INNER JOIN EmploymentTypes et
        ON e.EmploymentTypeId = et.Id

        order by e.Id
        OFFSET @offset rows
        FETCH NEXT  @size rows only 
        
[2026-08-28 16:12:06] [INF] Fetched 10 employees from page 6 with total 100000
[2026-08-28 16:12:06] [INF] HTTP GET /api/employees/paginated responded 200 in 61.1135 ms
[2026-08-28 16:12:07] [INF] Query Executed 
    SELECT
        e.Id,
        e.EmployeeCode,
        e.Name,
        d.Name AS Department,
        et.Name AS EmploymentType,
        l.Name AS Location,
        e.Attendance,
        e.Performance,
        e.ActiveProjects,
        e.ExperienceYears,
        e.Salary,
        e.JoiningYear,
        e.IsActive,
        e.DepartmentId,
        e.EmploymentTypeId,
        e.LocationId
    FROM Employees e
    INNER JOIN Departments d
        ON e.DepartmentId = d.Id
    INNER JOIN Locations l
        ON e.LocationId = l.Id
    INNER JOIN EmploymentTypes et
        ON e.EmploymentTypeId = et.Id

        order by e.Id
        OFFSET @offset rows
        FETCH NEXT  @size rows only 
        
[2026-08-28 16:12:07] [INF] Fetched 10 employees from page 6 with total 100000
[2026-08-28 16:12:07] [INF] HTTP GET /api/employees/paginated responded 200 in 88.6768 ms
[2026-08-28 16:12:07] [INF] Query Executed 
    SELECT
        e.Id,
        e.EmployeeCode,
        e.Name,
        d.Name AS Department,
        et.Name AS EmploymentType,
        l.Name AS Location,
        e.Attendance,
        e.Performance,
        e.ActiveProjects,
        e.ExperienceYears,
        e.Salary,
        e.JoiningYear,
        e.IsActive,
        e.DepartmentId,
        e.EmploymentTypeId,
        e.LocationId
    FROM Employees e
    INNER JOIN Departments d
        ON e.DepartmentId = d.Id
    INNER JOIN Locations l
        ON e.LocationId = l.Id
    INNER JOIN EmploymentTypes et
        ON e.EmploymentTypeId = et.Id

        order by e.Id
        OFFSET @offset rows
        FETCH NEXT  @size rows only 
        
[2026-08-28 16:12:07] [INF] Fetched 10 employees from page 6 with total 100000
[2026-08-28 16:12:07] [INF] HTTP GET /api/employees/paginated responded 200 in 71.6841 ms
[2026-08-28 16:12:07] [INF] HTTP GET /api/employees/paginated responded 400 in 1.7331 ms
[2026-08-28 16:12:07] [INF] HTTP GET /api/employees/paginated responded 400 in 1.5957 ms
[2026-08-28 16:12:07] [INF] HTTP GET /api/employees/paginated responded 400 in 1.4240 ms
[2026-08-28 16:12:07] [INF] HTTP GET /api/employees/paginated responded 400 in 1.6181 ms
[2026-08-28 16:12:07] [INF] HTTP GET /api/employees/paginated responded 400 in 1.6667 ms
[2026-08-28 16:12:07] [INF] HTTP GET /api/employees/paginated responded 400 in 1.4922 ms
[2026-08-28 16:12:07] [INF] HTTP GET /api/employees/paginated responded 400 in 3.0018 ms
[2026-08-28 16:12:07] [INF] HTTP GET /api/employees/paginated responded 400 in 2.4178 ms
[2026-08-28 16:12:07] [INF] HTTP GET /api/employees/paginated responded 400 in 1.5702 ms
[2026-08-28 16:12:07] [INF] HTTP GET /api/employees/paginated responded 400 in 1.4619 ms
[2026-08-28 16:12:08] [INF] HTTP GET /api/employees/paginated responded 400 in 1.4155 ms
[2026-08-28 16:12:08] [INF] HTTP GET /api/employees/paginated responded 400 in 1.4591 ms
[2026-08-28 16:12:08] [INF] HTTP GET /api/employees/paginated responded 400 in 1.3837 ms
[2026-08-28 16:12:08] [INF] HTTP GET /api/employees/paginated responded 400 in 1.2690 ms
[2026-08-28 16:12:08] [INF] HTTP GET /api/employees/paginated responded 400 in 1.3303 ms
[2026-08-28 16:12:08] [INF] HTTP GET /api/employees/paginated responded 400 in 2.1536 ms
[2026-08-28 16:12:08] [INF] HTTP GET /api/employees/paginated responded 400 in 1.3371 ms
[2026-08-28 16:12:08] [INF] HTTP GET /api/employees/paginated responded 400 in 1.6500 ms
[2026-08-28 16:12:08] [INF] HTTP GET /api/employees/paginated responded 400 in 1.2585 ms
[2026-08-28 16:12:08] [INF] HTTP GET /api/employees/paginated responded 400 in 1.3239 ms
[2026-08-28 16:12:08] [INF] HTTP GET /api/employees/paginated responded 400 in 1.6423 ms
[2026-08-28 16:12:08] [INF] Query Executed 
    SELECT
        e.Id,
        e.EmployeeCode,
        e.Name,
        d.Name AS Department,
        et.Name AS EmploymentType,
        l.Name AS Location,
        e.Attendance,
        e.Performance,
        e.ActiveProjects,
        e.ExperienceYears,
        e.Salary,
        e.JoiningYear,
        e.IsActive,
        e.DepartmentId,
        e.EmploymentTypeId,
        e.LocationId
    FROM Employees e
    INNER JOIN Departments d
        ON e.DepartmentId = d.Id
    INNER JOIN Locations l
        ON e.LocationId = l.Id
    INNER JOIN EmploymentTypes et
        ON e.EmploymentTypeId = et.Id

        order by e.Id
        OFFSET @offset rows
        FETCH NEXT  @size rows only 
        
[2026-08-28 16:12:08] [INF] Fetched 10 employees from page 9 with total 100000
[2026-08-28 16:12:08] [INF] HTTP GET /api/employees/paginated responded 200 in 50.7369 ms
[2026-08-28 16:12:09] [INF] Query Executed 
    SELECT
        e.Id,
        e.EmployeeCode,
        e.Name,
        d.Name AS Department,
        et.Name AS EmploymentType,
        l.Name AS Location,
        e.Attendance,
        e.Performance,
        e.ActiveProjects,
        e.ExperienceYears,
        e.Salary,
        e.JoiningYear,
        e.IsActive,
        e.DepartmentId,
        e.EmploymentTypeId,
        e.LocationId
    FROM Employees e
    INNER JOIN Departments d
        ON e.DepartmentId = d.Id
    INNER JOIN Locations l
        ON e.LocationId = l.Id
    INNER JOIN EmploymentTypes et
        ON e.EmploymentTypeId = et.Id

        order by e.Id
        OFFSET @offset rows
        FETCH NEXT  @size rows only 
        
[2026-08-28 16:12:09] [INF] Fetched 10 employees from page 9 with total 100000
[2026-08-28 16:12:09] [INF] HTTP GET /api/employees/paginated responded 200 in 49.1107 ms
[2026-08-28 16:12:09] [INF] HTTP GET /api/employees/paginated responded 400 in 1.4504 ms
[2026-08-28 16:12:09] [INF] HTTP GET /api/employees/paginated responded 400 in 1.3051 ms
[2026-08-28 16:12:09] [INF] HTTP GET /api/employees/paginated responded 400 in 1.1721 ms
[2026-08-28 16:12:09] [INF] HTTP GET /api/employees/paginated responded 400 in 1.3058 ms
[2026-08-28 16:12:15] [INF] HTTP GET /api/employees/paginated responded 400 in 1.3373 ms
[2026-08-28 16:12:34] [INF] Query Executed 
    SELECT
        e.Id,
        e.EmployeeCode,
        e.Name,
        d.Name AS Department,
        et.Name AS EmploymentType,
        l.Name AS Location,
        e.Attendance,
        e.Performance,
        e.ActiveProjects,
        e.ExperienceYears,
        e.Salary,
        e.JoiningYear,
        e.IsActive,
        e.DepartmentId,
        e.EmploymentTypeId,
        e.LocationId
    FROM Employees e
    INNER JOIN Departments d
        ON e.DepartmentId = d.Id
    INNER JOIN Locations l
        ON e.LocationId = l.Id
    INNER JOIN EmploymentTypes et
        ON e.EmploymentTypeId = et.Id

        order by e.Id
        OFFSET @offset rows
        FETCH NEXT  @size rows only 
        
[2026-08-28 16:12:34] [INF] Fetched 10 employees from page 1 with total 100000
[2026-08-28 16:12:34] [INF] HTTP GET /api/employees/paginated responded 200 in 157.0309 ms
[2026-08-28 16:12:34] [INF] Query Executed 
    SELECT
        e.Id,
        e.EmployeeCode,
        e.Name,
        d.Name AS Department,
        et.Name AS EmploymentType,
        l.Name AS Location,
        e.Attendance,
        e.Performance,
        e.ActiveProjects,
        e.ExperienceYears,
        e.Salary,
        e.JoiningYear,
        e.IsActive,
        e.DepartmentId,
        e.EmploymentTypeId,
        e.LocationId
    FROM Employees e
    INNER JOIN Departments d
        ON e.DepartmentId = d.Id
    INNER JOIN Locations l
        ON e.LocationId = l.Id
    INNER JOIN EmploymentTypes et
        ON e.EmploymentTypeId = et.Id

        order by e.Id
        OFFSET @offset rows
        FETCH NEXT  @size rows only 
        
[2026-08-28 16:12:35] [INF] Fetched 10 employees from page 1 with total 100000
[2026-08-28 16:12:35] [INF] HTTP GET /api/employees/paginated responded 200 in 37.4047 ms
[2026-08-28 16:12:48] [INF] Query Executed 
    SELECT
        e.Id,
        e.EmployeeCode,
        e.Name,
        d.Name AS Department,
        et.Name AS EmploymentType,
        l.Name AS Location,
        e.Attendance,
        e.Performance,
        e.ActiveProjects,
        e.ExperienceYears,
        e.Salary,
        e.JoiningYear,
        e.IsActive,
        e.DepartmentId,
        e.EmploymentTypeId,
        e.LocationId
    FROM Employees e
    INNER JOIN Departments d
        ON e.DepartmentId = d.Id
    INNER JOIN Locations l
        ON e.LocationId = l.Id
    INNER JOIN EmploymentTypes et
        ON e.EmploymentTypeId = et.Id

        order by e.Id
        OFFSET @offset rows
        FETCH NEXT  @size rows only 
        
[2026-08-28 16:12:48] [INF] Fetched 10 employees from page 1 with total 100000
[2026-08-28 16:12:48] [INF] HTTP GET /api/employees/paginated responded 200 in 57.8173 ms
[2026-08-28 16:12:48] [INF] Query Executed 
    SELECT
        e.Id,
        e.EmployeeCode,
        e.Name,
        d.Name AS Department,
        et.Name AS EmploymentType,
        l.Name AS Location,
        e.Attendance,
        e.Performance,
        e.ActiveProjects,
        e.ExperienceYears,
        e.Salary,
        e.JoiningYear,
        e.IsActive,
        e.DepartmentId,
        e.EmploymentTypeId,
        e.LocationId
    FROM Employees e
    INNER JOIN Departments d
        ON e.DepartmentId = d.Id
    INNER JOIN Locations l
        ON e.LocationId = l.Id
    INNER JOIN EmploymentTypes et
        ON e.EmploymentTypeId = et.Id

        order by e.Id
        OFFSET @offset rows
        FETCH NEXT  @size rows only 
        
[2026-08-28 16:12:48] [INF] Fetched 10 employees from page 1 with total 100000
[2026-08-28 16:12:48] [INF] HTTP GET /api/employees/paginated responded 200 in 50.4692 ms
[2026-08-28 16:13:08] [INF] Query Executed 
    SELECT
        e.Id,
        e.EmployeeCode,
        e.Name,
        d.Name AS Department,
        et.Name AS EmploymentType,
        l.Name AS Location,
        e.Attendance,
        e.Performance,
        e.ActiveProjects,
        e.ExperienceYears,
        e.Salary,
        e.JoiningYear,
        e.IsActive,
        e.DepartmentId,
        e.EmploymentTypeId,
        e.LocationId
    FROM Employees e
    INNER JOIN Departments d
        ON e.DepartmentId = d.Id
    INNER JOIN Locations l
        ON e.LocationId = l.Id
    INNER JOIN EmploymentTypes et
        ON e.EmploymentTypeId = et.Id

        order by e.Id
        OFFSET @offset rows
        FETCH NEXT  @size rows only 
        
[2026-08-28 16:13:09] [INF] Fetched 10 employees from page 1 with total 100000
[2026-08-28 16:13:09] [INF] HTTP GET /api/employees/paginated responded 200 in 53.9333 ms
[2026-08-28 16:13:09] [INF] Query Executed 
    SELECT
        e.Id,
        e.EmployeeCode,
        e.Name,
        d.Name AS Department,
        et.Name AS EmploymentType,
        l.Name AS Location,
        e.Attendance,
        e.Performance,
        e.ActiveProjects,
        e.ExperienceYears,
        e.Salary,
        e.JoiningYear,
        e.IsActive,
        e.DepartmentId,
        e.EmploymentTypeId,
        e.LocationId
    FROM Employees e
    INNER JOIN Departments d
        ON e.DepartmentId = d.Id
    INNER JOIN Locations l
        ON e.LocationId = l.Id
    INNER JOIN EmploymentTypes et
        ON e.EmploymentTypeId = et.Id

        order by e.Id
        OFFSET @offset rows
        FETCH NEXT  @size rows only 
        
[2026-08-28 16:13:09] [INF] Fetched 10 employees from page 1 with total 100000
[2026-08-28 16:13:09] [INF] HTTP GET /api/employees/paginated responded 200 in 88.9117 ms
[2026-08-28 16:13:09] [INF] HTTP GET /api/employees/paginated responded 400 in 0.9445 ms
[2026-08-28 16:13:09] [INF] HTTP GET /api/employees/paginated responded 400 in 1.3739 ms
[2026-08-28 16:13:09] [INF] HTTP GET /api/employees/paginated responded 400 in 1.0607 ms
[2026-08-28 16:13:09] [INF] HTTP GET /api/employees/paginated responded 400 in 0.7802 ms
[2026-08-28 16:13:09] [INF] HTTP GET /api/employees/paginated responded 400 in 2.0598 ms
[2026-08-28 16:13:10] [INF] HTTP GET /api/employees/paginated responded 400 in 1.4675 ms
[2026-08-28 16:13:10] [INF] HTTP GET /api/employees/paginated responded 400 in 1.7725 ms
[2026-08-28 16:13:10] [INF] HTTP GET /api/employees/paginated responded 400 in 1.1461 ms
[2026-08-28 16:13:10] [INF] HTTP GET /api/employees/paginated responded 400 in 0.9800 ms
[2026-08-28 16:13:11] [INF] HTTP GET /api/employees/paginated responded 400 in 0.9301 ms
[2026-08-28 16:13:12] [INF] HTTP GET /api/employees/paginated responded 400 in 0.7253 ms
[2026-08-28 16:13:12] [INF] HTTP GET /api/employees/paginated responded 400 in 1.2323 ms
[2026-08-28 16:13:18] [INF] HTTP GET /api/employees/paginated responded 400 in 1.2005 ms
[2026-08-28 16:13:18] [INF] HTTP GET /api/employees/paginated responded 400 in 0.7633 ms
[2026-08-28 16:13:18] [INF] HTTP GET /api/employees/paginated responded 400 in 1.2450 ms
[2026-08-28 16:13:19] [INF] HTTP GET /api/employees/paginated responded 400 in 0.8302 ms
[2026-08-28 16:13:19] [INF] HTTP GET /api/employees/paginated responded 400 in 1.0996 ms
[2026-08-28 16:13:19] [INF] HTTP GET /api/employees/paginated responded 400 in 1.0523 ms
[2026-08-28 16:13:19] [INF] HTTP GET /api/employees/paginated responded 400 in 0.8915 ms
[2026-08-28 16:13:19] [INF] Query Executed 
    SELECT
        e.Id,
        e.EmployeeCode,
        e.Name,
        d.Name AS Department,
        et.Name AS EmploymentType,
        l.Name AS Location,
        e.Attendance,
        e.Performance,
        e.ActiveProjects,
        e.ExperienceYears,
        e.Salary,
        e.JoiningYear,
        e.IsActive,
        e.DepartmentId,
        e.EmploymentTypeId,
        e.LocationId
    FROM Employees e
    INNER JOIN Departments d
        ON e.DepartmentId = d.Id
    INNER JOIN Locations l
        ON e.LocationId = l.Id
    INNER JOIN EmploymentTypes et
        ON e.EmploymentTypeId = et.Id

        order by e.Id
        OFFSET @offset rows
        FETCH NEXT  @size rows only 
        
[2026-08-28 16:13:19] [INF] HTTP GET /api/employees/paginated responded 400 in 1.3688 ms
[2026-08-28 16:13:19] [INF] HTTP GET /api/employees/paginated responded 400 in 1.2053 ms
[2026-08-28 16:13:19] [INF] Fetched 10 employees from page 5 with total 100000
[2026-08-28 16:13:19] [INF] HTTP GET /api/employees/paginated responded 200 in 146.0672 ms
[2026-08-28 16:13:19] [INF] HTTP GET /api/employees/paginated responded 400 in 0.8081 ms
[2026-08-28 16:13:19] [INF] Query Executed 
    SELECT
        e.Id,
        e.EmployeeCode,
        e.Name,
        d.Name AS Department,
        et.Name AS EmploymentType,
        l.Name AS Location,
        e.Attendance,
        e.Performance,
        e.ActiveProjects,
        e.ExperienceYears,
        e.Salary,
        e.JoiningYear,
        e.IsActive,
        e.DepartmentId,
        e.EmploymentTypeId,
        e.LocationId
    FROM Employees e
    INNER JOIN Departments d
        ON e.DepartmentId = d.Id
    INNER JOIN Locations l
        ON e.LocationId = l.Id
    INNER JOIN EmploymentTypes et
        ON e.EmploymentTypeId = et.Id

        order by e.Id
        OFFSET @offset rows
        FETCH NEXT  @size rows only 
        
[2026-08-28 16:13:20] [INF] HTTP GET /api/employees/paginated responded 400 in 1.3014 ms
[2026-08-28 16:13:20] [INF] Fetched 10 employees from page 7 with total 100000
[2026-08-28 16:13:20] [INF] HTTP GET /api/employees/paginated responded 200 in 141.9991 ms
[2026-08-28 16:13:20] [INF] HTTP GET /api/employees/paginated responded 400 in 0.8888 ms
[2026-08-28 16:13:20] [INF] HTTP GET /api/employees/paginated responded 400 in 1.1855 ms
[2026-08-28 16:13:20] [INF] HTTP GET /api/employees/paginated responded 400 in 1.0785 ms
[2026-08-28 16:13:20] [INF] HTTP GET /api/employees/paginated responded 400 in 0.8419 ms
[2026-08-28 16:13:20] [INF] HTTP GET /api/employees/paginated responded 400 in 1.1869 ms
[2026-08-28 16:13:20] [INF] HTTP GET /api/employees/paginated responded 400 in 0.7698 ms
[2026-08-28 16:13:20] [INF] HTTP GET /api/employees/paginated responded 400 in 0.9876 ms
[2026-08-28 16:13:21] [INF] HTTP GET /api/employees/paginated responded 400 in 0.8094 ms
[2026-08-28 16:13:21] [INF] Query Executed 
    SELECT
        e.Id,
        e.EmployeeCode,
        e.Name,
        d.Name AS Department,
        et.Name AS EmploymentType,
        l.Name AS Location,
        e.Attendance,
        e.Performance,
        e.ActiveProjects,
        e.ExperienceYears,
        e.Salary,
        e.JoiningYear,
        e.IsActive,
        e.DepartmentId,
        e.EmploymentTypeId,
        e.LocationId
    FROM Employees e
    INNER JOIN Departments d
        ON e.DepartmentId = d.Id
    INNER JOIN Locations l
        ON e.LocationId = l.Id
    INNER JOIN EmploymentTypes et
        ON e.EmploymentTypeId = et.Id

        order by e.Id
        OFFSET @offset rows
        FETCH NEXT  @size rows only 
        
[2026-08-28 16:13:21] [INF] HTTP GET /api/employees/paginated responded 400 in 1.2028 ms
[2026-08-28 16:13:21] [INF] Fetched 10 employees from page 13 with total 100000
[2026-08-28 16:13:21] [INF] HTTP GET /api/employees/paginated responded 200 in 157.2687 ms
[2026-08-28 16:13:21] [INF] HTTP GET /api/employees/paginated responded 400 in 0.9157 ms
[2026-08-28 16:13:21] [INF] HTTP GET /api/employees/paginated responded 400 in 0.7826 ms
[2026-08-28 16:13:21] [INF] HTTP GET /api/employees/paginated responded 400 in 0.8987 ms
[2026-08-28 16:13:21] [INF] HTTP GET /api/employees/paginated responded 400 in 0.8604 ms
[2026-08-28 16:13:21] [INF] HTTP GET /api/employees/paginated responded 400 in 0.7582 ms
[2026-08-28 16:13:21] [INF] HTTP GET /api/employees/paginated responded 400 in 0.8937 ms
[2026-08-28 16:13:22] [INF] HTTP GET /api/employees/paginated responded 400 in 0.8537 ms
[2026-08-28 16:13:22] [INF] HTTP GET /api/employees/paginated responded 400 in 0.8317 ms
[2026-08-28 16:13:22] [INF] Query Executed 
    SELECT
        e.Id,
        e.EmployeeCode,
        e.Name,
        d.Name AS Department,
        et.Name AS EmploymentType,
        l.Name AS Location,
        e.Attendance,
        e.Performance,
        e.ActiveProjects,
        e.ExperienceYears,
        e.Salary,
        e.JoiningYear,
        e.IsActive,
        e.DepartmentId,
        e.EmploymentTypeId,
        e.LocationId
    FROM Employees e
    INNER JOIN Departments d
        ON e.DepartmentId = d.Id
    INNER JOIN Locations l
        ON e.LocationId = l.Id
    INNER JOIN EmploymentTypes et
        ON e.EmploymentTypeId = et.Id

        order by e.Id
        OFFSET @offset rows
        FETCH NEXT  @size rows only 
        
[2026-08-28 16:13:22] [INF] HTTP GET /api/employees/paginated responded 400 in 0.9151 ms
[2026-08-28 16:13:22] [INF] Fetched 10 employees from page 17 with total 100000
[2026-08-28 16:13:22] [INF] HTTP GET /api/employees/paginated responded 200 in 108.0908 ms
[2026-08-28 16:13:22] [INF] Query Executed 
    SELECT
        e.Id,
        e.EmployeeCode,
        e.Name,
        d.Name AS Department,
        et.Name AS EmploymentType,
        l.Name AS Location,
        e.Attendance,
        e.Performance,
        e.ActiveProjects,
        e.ExperienceYears,
        e.Salary,
        e.JoiningYear,
        e.IsActive,
        e.DepartmentId,
        e.EmploymentTypeId,
        e.LocationId
    FROM Employees e
    INNER JOIN Departments d
        ON e.DepartmentId = d.Id
    INNER JOIN Locations l
        ON e.LocationId = l.Id
    INNER JOIN EmploymentTypes et
        ON e.EmploymentTypeId = et.Id

        order by e.Id
        OFFSET @offset rows
        FETCH NEXT  @size rows only 
        
[2026-08-28 16:13:22] [INF] Fetched 10 employees from page 18 with total 100000
[2026-08-28 16:13:22] [INF] HTTP GET /api/employees/paginated responded 200 in 54.9037 ms
[2026-08-28 16:13:22] [INF] Query Executed 
    SELECT
        e.Id,
        e.EmployeeCode,
        e.Name,
        d.Name AS Department,
        et.Name AS EmploymentType,
        l.Name AS Location,
        e.Attendance,
        e.Performance,
        e.ActiveProjects,
        e.ExperienceYears,
        e.Salary,
        e.JoiningYear,
        e.IsActive,
        e.DepartmentId,
        e.EmploymentTypeId,
        e.LocationId
    FROM Employees e
    INNER JOIN Departments d
        ON e.DepartmentId = d.Id
    INNER JOIN Locations l
        ON e.LocationId = l.Id
    INNER JOIN EmploymentTypes et
        ON e.EmploymentTypeId = et.Id

        order by e.Id
        OFFSET @offset rows
        FETCH NEXT  @size rows only 
        
[2026-08-28 16:13:22] [INF] Fetched 10 employees from page 18 with total 100000
[2026-08-28 16:13:22] [INF] HTTP GET /api/employees/paginated responded 200 in 49.3792 ms
[2026-08-28 16:13:22] [INF] HTTP GET /api/employees/paginated responded 400 in 0.8680 ms
[2026-08-28 16:13:23] [INF] HTTP GET /api/employees/paginated responded 400 in 0.8962 ms
[2026-08-28 16:13:23] [INF] HTTP GET /api/employees/paginated responded 400 in 1.2859 ms
[2026-08-28 16:13:23] [INF] HTTP GET /api/employees/paginated responded 400 in 0.6614 ms
[2026-08-28 16:13:23] [INF] HTTP GET /api/employees/paginated responded 400 in 0.9849 ms
[2026-08-28 16:13:23] [INF] HTTP GET /api/employees/paginated responded 400 in 0.7740 ms
[2026-08-28 16:13:24] [INF] HTTP GET /api/employees/paginated responded 400 in 0.7532 ms
[2026-08-28 16:13:24] [INF] HTTP GET /api/employees/paginated responded 400 in 0.8012 ms
[2026-08-28 16:13:27] [INF] HTTP GET /api/employees/paginated responded 400 in 1.0076 ms
[2026-08-28 16:13:28] [INF] HTTP GET /api/employees/paginated responded 400 in 0.6238 ms
[2026-08-28 16:13:28] [INF] HTTP GET /api/employees/paginated responded 400 in 1.2567 ms
[2026-08-28 16:13:31] [INF] Query Executed 
    SELECT
        e.Id,
        e.EmployeeCode,
        e.Name,
        d.Name AS Department,
        et.Name AS EmploymentType,
        l.Name AS Location,
        e.Attendance,
        e.Performance,
        e.ActiveProjects,
        e.ExperienceYears,
        e.Salary,
        e.JoiningYear,
        e.IsActive,
        e.DepartmentId,
        e.EmploymentTypeId,
        e.LocationId
    FROM Employees e
    INNER JOIN Departments d
        ON e.DepartmentId = d.Id
    INNER JOIN Locations l
        ON e.LocationId = l.Id
    INNER JOIN EmploymentTypes et
        ON e.EmploymentTypeId = et.Id

        order by e.Id
        OFFSET @offset rows
        FETCH NEXT  @size rows only 
        
[2026-08-28 16:13:32] [INF] Fetched 10 employees from page 1 with total 100000
[2026-08-28 16:13:32] [INF] HTTP GET /api/employees/paginated responded 200 in 87.7793 ms
[2026-08-28 16:13:32] [INF] Query Executed 
    SELECT
        e.Id,
        e.EmployeeCode,
        e.Name,
        d.Name AS Department,
        et.Name AS EmploymentType,
        l.Name AS Location,
        e.Attendance,
        e.Performance,
        e.ActiveProjects,
        e.ExperienceYears,
        e.Salary,
        e.JoiningYear,
        e.IsActive,
        e.DepartmentId,
        e.EmploymentTypeId,
        e.LocationId
    FROM Employees e
    INNER JOIN Departments d
        ON e.DepartmentId = d.Id
    INNER JOIN Locations l
        ON e.LocationId = l.Id
    INNER JOIN EmploymentTypes et
        ON e.EmploymentTypeId = et.Id

        order by e.Id
        OFFSET @offset rows
        FETCH NEXT  @size rows only 
        
[2026-08-28 16:13:32] [INF] Fetched 10 employees from page 1 with total 100000
[2026-08-28 16:13:32] [INF] HTTP GET /api/employees/paginated responded 200 in 43.0890 ms
[2026-08-28 16:14:59] [INF] Query Executed 
    SELECT
        e.Id,
        e.EmployeeCode,
        e.Name,
        d.Name AS Department,
        et.Name AS EmploymentType,
        l.Name AS Location,
        e.Attendance,
        e.Performance,
        e.ActiveProjects,
        e.ExperienceYears,
        e.Salary,
        e.JoiningYear,
        e.IsActive,
        e.DepartmentId,
        e.EmploymentTypeId,
        e.LocationId
    FROM Employees e
    INNER JOIN Departments d
        ON e.DepartmentId = d.Id
    INNER JOIN Locations l
        ON e.LocationId = l.Id
    INNER JOIN EmploymentTypes et
        ON e.EmploymentTypeId = et.Id

        order by e.Id
        OFFSET @offset rows
        FETCH NEXT  @size rows only 
        
[2026-08-28 16:14:59] [INF] Fetched 10 employees from page 1 with total 100000
[2026-08-28 16:14:59] [INF] HTTP GET /api/employees/paginated responded 200 in 106.7681 ms
[2026-08-28 16:14:59] [INF] Query Executed 
    SELECT
        e.Id,
        e.EmployeeCode,
        e.Name,
        d.Name AS Department,
        et.Name AS EmploymentType,
        l.Name AS Location,
        e.Attendance,
        e.Performance,
        e.ActiveProjects,
        e.ExperienceYears,
        e.Salary,
        e.JoiningYear,
        e.IsActive,
        e.DepartmentId,
        e.EmploymentTypeId,
        e.LocationId
    FROM Employees e
    INNER JOIN Departments d
        ON e.DepartmentId = d.Id
    INNER JOIN Locations l
        ON e.LocationId = l.Id
    INNER JOIN EmploymentTypes et
        ON e.EmploymentTypeId = et.Id

        order by e.Id
        OFFSET @offset rows
        FETCH NEXT  @size rows only 
        
[2026-08-28 16:14:59] [INF] Fetched 10 employees from page 1 with total 100000
[2026-08-28 16:14:59] [INF] HTTP GET /api/employees/paginated responded 200 in 45.8352 ms
[2026-08-28 16:16:49] [INF] Query Executed 
    SELECT
        e.Id,
        e.EmployeeCode,
        e.Name,
        d.Name AS Department,
        et.Name AS EmploymentType,
        l.Name AS Location,
        e.Attendance,
        e.Performance,
        e.ActiveProjects,
        e.ExperienceYears,
        e.Salary,
        e.JoiningYear,
        e.IsActive,
        e.DepartmentId,
        e.EmploymentTypeId,
        e.LocationId
    FROM Employees e
    INNER JOIN Departments d
        ON e.DepartmentId = d.Id
    INNER JOIN Locations l
        ON e.LocationId = l.Id
    INNER JOIN EmploymentTypes et
        ON e.EmploymentTypeId = et.Id

        order by e.Id
        OFFSET @offset rows
        FETCH NEXT  @size rows only 
        
[2026-08-28 16:16:49] [INF] HTTP GET /api/employees/paginated responded 400 in 0.9568 ms
[2026-08-28 16:16:49] [INF] Fetched 10 employees from page 1 with total 100000
[2026-08-28 16:16:49] [INF] HTTP GET /api/employees/paginated responded 200 in 103.3461 ms
[2026-08-28 16:16:49] [INF] Query Executed 
    SELECT
        e.Id,
        e.EmployeeCode,
        e.Name,
        d.Name AS Department,
        et.Name AS EmploymentType,
        l.Name AS Location,
        e.Attendance,
        e.Performance,
        e.ActiveProjects,
        e.ExperienceYears,
        e.Salary,
        e.JoiningYear,
        e.IsActive,
        e.DepartmentId,
        e.EmploymentTypeId,
        e.LocationId
    FROM Employees e
    INNER JOIN Departments d
        ON e.DepartmentId = d.Id
    INNER JOIN Locations l
        ON e.LocationId = l.Id
    INNER JOIN EmploymentTypes et
        ON e.EmploymentTypeId = et.Id

        order by e.Id
        OFFSET @offset rows
        FETCH NEXT  @size rows only 
        
[2026-08-28 16:16:49] [INF] HTTP GET /api/employees/paginated responded 400 in 1.5068 ms
[2026-08-28 16:16:49] [INF] Fetched 10 employees from page 1 with total 100000
[2026-08-28 16:16:49] [INF] HTTP GET /api/employees/paginated responded 200 in 45.3015 ms
[2026-08-28 16:16:49] [INF] HTTP GET /api/employees/paginated responded 400 in 1.0736 ms
[2026-08-28 16:16:49] [INF] HTTP GET /api/employees/paginated responded 400 in 0.8550 ms
[2026-08-28 16:16:49] [INF] HTTP GET /api/employees/paginated responded 400 in 0.7877 ms
[2026-08-28 16:16:49] [INF] HTTP GET /api/employees/paginated responded 400 in 0.6543 ms
[2026-08-28 16:16:49] [INF] HTTP GET /api/employees/paginated responded 400 in 0.8247 ms
[2026-08-28 16:16:49] [INF] HTTP GET /api/employees/paginated responded 400 in 1.1933 ms
[2026-08-28 16:16:49] [INF] HTTP GET /api/employees/paginated responded 400 in 0.8037 ms
[2026-08-28 16:16:49] [INF] HTTP GET /api/employees/paginated responded 400 in 1.0178 ms
[2026-08-28 16:16:49] [INF] HTTP GET /api/employees/paginated responded 400 in 1.0132 ms
[2026-08-28 16:16:50] [INF] HTTP GET /api/employees/paginated responded 400 in 0.7560 ms
[2026-08-28 16:16:50] [INF] HTTP GET /api/employees/paginated responded 400 in 1.0307 ms
[2026-08-28 16:16:50] [INF] HTTP GET /api/employees/paginated responded 400 in 0.9921 ms
[2026-08-28 16:16:50] [INF] HTTP GET /api/employees/paginated responded 400 in 1.0198 ms
[2026-08-28 16:16:50] [INF] HTTP GET /api/employees/paginated responded 400 in 0.8939 ms
[2026-08-28 16:16:50] [INF] Query Executed 
    SELECT
        e.Id,
        e.EmployeeCode,
        e.Name,
        d.Name AS Department,
        et.Name AS EmploymentType,
        l.Name AS Location,
        e.Attendance,
        e.Performance,
        e.ActiveProjects,
        e.ExperienceYears,
        e.Salary,
        e.JoiningYear,
        e.IsActive,
        e.DepartmentId,
        e.EmploymentTypeId,
        e.LocationId
    FROM Employees e
    INNER JOIN Departments d
        ON e.DepartmentId = d.Id
    INNER JOIN Locations l
        ON e.LocationId = l.Id
    INNER JOIN EmploymentTypes et
        ON e.EmploymentTypeId = et.Id

        order by e.Id
        OFFSET @offset rows
        FETCH NEXT  @size rows only 
        
[2026-08-28 16:16:50] [INF] HTTP GET /api/employees/paginated responded 400 in 1.3438 ms
[2026-08-28 16:16:50] [INF] Fetched 10 employees from page 5 with total 100000
[2026-08-28 16:16:50] [INF] HTTP GET /api/employees/paginated responded 200 in 54.7013 ms
[2026-08-28 16:16:50] [INF] HTTP GET /api/employees/paginated responded 400 in 0.8425 ms
[2026-08-28 16:16:50] [INF] HTTP GET /api/employees/paginated responded 400 in 0.7298 ms
[2026-08-28 16:16:50] [INF] HTTP GET /api/employees/paginated responded 400 in 0.8719 ms
[2026-08-28 16:16:50] [INF] HTTP GET /api/employees/paginated responded 400 in 0.7681 ms
[2026-08-28 16:16:50] [INF] HTTP GET /api/employees/paginated responded 400 in 0.8461 ms
[2026-08-28 16:16:50] [INF] HTTP GET /api/employees/paginated responded 400 in 0.9811 ms
[2026-08-28 16:16:51] [INF] HTTP GET /api/employees/paginated responded 400 in 0.9947 ms
[2026-08-28 16:16:51] [INF] HTTP GET /api/employees/paginated responded 400 in 0.8744 ms
[2026-08-28 16:16:51] [INF] HTTP GET /api/employees/paginated responded 400 in 0.8320 ms
[2026-08-28 16:16:51] [INF] HTTP GET /api/employees/paginated responded 400 in 0.8452 ms
[2026-08-28 16:16:51] [INF] Query Executed 
    SELECT
        e.Id,
        e.EmployeeCode,
        e.Name,
        d.Name AS Department,
        et.Name AS EmploymentType,
        l.Name AS Location,
        e.Attendance,
        e.Performance,
        e.ActiveProjects,
        e.ExperienceYears,
        e.Salary,
        e.JoiningYear,
        e.IsActive,
        e.DepartmentId,
        e.EmploymentTypeId,
        e.LocationId
    FROM Employees e
    INNER JOIN Departments d
        ON e.DepartmentId = d.Id
    INNER JOIN Locations l
        ON e.LocationId = l.Id
    INNER JOIN EmploymentTypes et
        ON e.EmploymentTypeId = et.Id

        order by e.Id
        OFFSET @offset rows
        FETCH NEXT  @size rows only 
        
[2026-08-28 16:16:51] [INF] Fetched 10 employees from page 8 with total 100000
[2026-08-28 16:16:51] [INF] HTTP GET /api/employees/paginated responded 200 in 44.0189 ms
[2026-08-28 16:16:51] [INF] HTTP GET /api/employees/paginated responded 400 in 0.8502 ms
[2026-08-28 16:16:51] [INF] HTTP GET /api/employees/paginated responded 400 in 1.0580 ms
[2026-08-28 16:16:51] [INF] HTTP GET /api/employees/paginated responded 400 in 0.7957 ms
[2026-08-28 16:16:51] [INF] HTTP GET /api/employees/paginated responded 400 in 0.9833 ms
[2026-08-28 16:16:51] [INF] HTTP GET /api/employees/paginated responded 400 in 0.8041 ms
[2026-08-28 16:16:51] [INF] HTTP GET /api/employees/paginated responded 400 in 0.6828 ms
[2026-08-28 16:16:51] [INF] HTTP GET /api/employees/paginated responded 400 in 1.4041 ms
[2026-08-28 16:16:51] [INF] HTTP GET /api/employees/paginated responded 400 in 0.7652 ms
[2026-08-28 16:16:53] [INF] HTTP GET /api/employees/paginated responded 400 in 1.0296 ms
[2026-08-28 16:16:53] [INF] HTTP GET /api/employees/paginated responded 400 in 0.8699 ms
[2026-08-28 16:16:53] [INF] HTTP GET /api/employees/paginated responded 400 in 1.3524 ms
[2026-08-28 16:16:53] [INF] HTTP GET /api/employees/paginated responded 400 in 0.8949 ms
[2026-08-28 16:16:53] [INF] Query Executed 
    SELECT
        e.Id,
        e.EmployeeCode,
        e.Name,
        d.Name AS Department,
        et.Name AS EmploymentType,
        l.Name AS Location,
        e.Attendance,
        e.Performance,
        e.ActiveProjects,
        e.ExperienceYears,
        e.Salary,
        e.JoiningYear,
        e.IsActive,
        e.DepartmentId,
        e.EmploymentTypeId,
        e.LocationId
    FROM Employees e
    INNER JOIN Departments d
        ON e.DepartmentId = d.Id
    INNER JOIN Locations l
        ON e.LocationId = l.Id
    INNER JOIN EmploymentTypes et
        ON e.EmploymentTypeId = et.Id

        order by e.Id
        OFFSET @offset rows
        FETCH NEXT  @size rows only 
        
[2026-08-28 16:16:53] [INF] HTTP GET /api/employees/paginated responded 400 in 0.9752 ms
[2026-08-28 16:16:53] [INF] Fetched 10 employees from page 11 with total 100000
[2026-08-28 16:16:53] [INF] HTTP GET /api/employees/paginated responded 200 in 46.2054 ms
[2026-08-28 16:16:53] [INF] HTTP GET /api/employees/paginated responded 400 in 0.7721 ms
[2026-08-28 16:16:54] [INF] HTTP GET /api/employees/paginated responded 400 in 0.8340 ms
[2026-08-28 16:16:54] [INF] HTTP GET /api/employees/paginated responded 400 in 1.3763 ms
[2026-08-28 16:16:55] [INF] HTTP GET /api/employees/paginated responded 400 in 0.7623 ms
[2026-08-28 16:16:55] [INF] HTTP GET /api/employees/paginated responded 400 in 0.8476 ms
[2026-08-28 16:16:55] [INF] HTTP GET /api/employees/paginated responded 400 in 0.9449 ms
[2026-08-28 16:16:55] [INF] HTTP GET /api/employees/paginated responded 400 in 1.3665 ms
[2026-08-28 16:17:05] [INF] HTTP GET /api/employees/paginated responded 400 in 0.7482 ms
[2026-08-28 16:17:05] [INF] HTTP GET /api/employees/paginated responded 400 in 0.8780 ms
[2026-08-28 16:17:05] [INF] HTTP GET /api/employees/paginated responded 400 in 0.8653 ms
[2026-08-28 16:17:05] [INF] HTTP GET /api/employees/paginated responded 400 in 0.6620 ms
[2026-08-28 16:17:05] [INF] HTTP GET /api/employees/paginated responded 400 in 0.7943 ms
[2026-08-28 16:17:05] [INF] Query Executed 
    SELECT
        e.Id,
        e.EmployeeCode,
        e.Name,
        d.Name AS Department,
        et.Name AS EmploymentType,
        l.Name AS Location,
        e.Attendance,
        e.Performance,
        e.ActiveProjects,
        e.ExperienceYears,
        e.Salary,
        e.JoiningYear,
        e.IsActive,
        e.DepartmentId,
        e.EmploymentTypeId,
        e.LocationId
    FROM Employees e
    INNER JOIN Departments d
        ON e.DepartmentId = d.Id
    INNER JOIN Locations l
        ON e.LocationId = l.Id
    INNER JOIN EmploymentTypes et
        ON e.EmploymentTypeId = et.Id

        order by e.Id
        OFFSET @offset rows
        FETCH NEXT  @size rows only 
        
[2026-08-28 16:17:05] [INF] Fetched 10 employees from page 13 with total 100000
[2026-08-28 16:17:05] [INF] HTTP GET /api/employees/paginated responded 200 in 44.2588 ms
[2026-08-28 16:17:05] [INF] HTTP GET /api/employees/paginated responded 400 in 1.0618 ms
[2026-08-28 16:17:05] [INF] HTTP GET /api/employees/paginated responded 400 in 1.3948 ms
[2026-08-28 16:17:05] [INF] HTTP GET /api/employees/paginated responded 400 in 0.8221 ms
[2026-08-28 16:17:05] [INF] HTTP GET /api/employees/paginated responded 400 in 1.1196 ms
[2026-08-28 16:17:05] [INF] HTTP GET /api/employees/paginated responded 400 in 1.0719 ms
[2026-08-28 16:17:05] [INF] HTTP GET /api/employees/paginated responded 400 in 0.8085 ms
[2026-08-28 16:17:06] [INF] HTTP GET /api/employees/paginated responded 400 in 1.0887 ms
[2026-08-28 16:17:06] [INF] HTTP GET /api/employees/paginated responded 400 in 2.2920 ms
[2026-08-28 16:17:06] [INF] HTTP GET /api/employees/paginated responded 400 in 0.8217 ms
[2026-08-28 16:17:06] [INF] HTTP GET /api/employees/paginated responded 400 in 3.9758 ms
[2026-08-28 16:17:06] [INF] HTTP GET /api/employees/paginated responded 400 in 1.1309 ms
[2026-08-28 16:17:06] [INF] Query Executed 
    SELECT
        e.Id,
        e.EmployeeCode,
        e.Name,
        d.Name AS Department,
        et.Name AS EmploymentType,
        l.Name AS Location,
        e.Attendance,
        e.Performance,
        e.ActiveProjects,
        e.ExperienceYears,
        e.Salary,
        e.JoiningYear,
        e.IsActive,
        e.DepartmentId,
        e.EmploymentTypeId,
        e.LocationId
    FROM Employees e
    INNER JOIN Departments d
        ON e.DepartmentId = d.Id
    INNER JOIN Locations l
        ON e.LocationId = l.Id
    INNER JOIN EmploymentTypes et
        ON e.EmploymentTypeId = et.Id

        order by e.Id
        OFFSET @offset rows
        FETCH NEXT  @size rows only 
        
[2026-08-28 16:17:06] [INF] Fetched 10 employees from page 14 with total 100000
[2026-08-28 16:17:06] [INF] HTTP GET /api/employees/paginated responded 200 in 41.6888 ms
[2026-08-28 16:17:06] [INF] HTTP GET /api/employees/paginated responded 400 in 1.0100 ms
[2026-08-28 16:17:06] [INF] HTTP GET /api/employees/paginated responded 400 in 1.1838 ms
[2026-08-28 16:17:06] [INF] HTTP GET /api/employees/paginated responded 400 in 0.7482 ms
[2026-08-28 16:17:06] [INF] HTTP GET /api/employees/paginated responded 400 in 0.9501 ms
[2026-08-28 16:17:06] [INF] HTTP GET /api/employees/paginated responded 400 in 1.0450 ms
[2026-08-28 16:17:33] [INF] Query Executed 
    SELECT
        e.Id,
        e.EmployeeCode,
        e.Name,
        d.Name AS Department,
        et.Name AS EmploymentType,
        l.Name AS Location,
        e.Attendance,
        e.Performance,
        e.ActiveProjects,
        e.ExperienceYears,
        e.Salary,
        e.JoiningYear,
        e.IsActive,
        e.DepartmentId,
        e.EmploymentTypeId,
        e.LocationId
    FROM Employees e
    INNER JOIN Departments d
        ON e.DepartmentId = d.Id
    INNER JOIN Locations l
        ON e.LocationId = l.Id
    INNER JOIN EmploymentTypes et
        ON e.EmploymentTypeId = et.Id

        order by e.Id
        OFFSET @offset rows
        FETCH NEXT  @size rows only 
        
[2026-08-28 16:17:33] [INF] Fetched 10 employees from page 14 with total 100000
[2026-08-28 16:17:33] [INF] HTTP GET /api/employees/paginated responded 200 in 46.9836 ms
[2026-08-28 16:17:33] [INF] HTTP GET /api/employees/paginated responded 400 in 1.1690 ms
[2026-08-28 16:17:33] [INF] HTTP GET /api/employees/paginated responded 400 in 0.9904 ms
[2026-08-28 16:17:33] [INF] HTTP GET /api/employees/paginated responded 400 in 0.8046 ms
[2026-08-28 16:17:33] [INF] HTTP GET /api/employees/paginated responded 400 in 0.8336 ms
[2026-08-28 16:17:33] [INF] HTTP GET /api/employees/paginated responded 400 in 0.7932 ms
[2026-08-28 16:17:33] [INF] HTTP GET /api/employees/paginated responded 400 in 0.9619 ms
[2026-08-28 16:17:33] [INF] HTTP GET /api/employees/paginated responded 400 in 1.1151 ms
[2026-08-28 16:17:33] [INF] HTTP GET /api/employees/paginated responded 400 in 0.7432 ms
[2026-08-28 16:17:33] [INF] HTTP GET /api/employees/paginated responded 400 in 0.8703 ms
[2026-08-28 16:17:33] [INF] HTTP GET /api/employees/paginated responded 400 in 0.8674 ms
[2026-08-28 16:17:33] [INF] HTTP GET /api/employees/paginated responded 400 in 1.2499 ms
[2026-08-28 16:17:33] [INF] HTTP GET /api/employees/paginated responded 400 in 1.0599 ms
[2026-08-28 16:17:33] [INF] HTTP GET /api/employees/paginated responded 400 in 0.9189 ms
[2026-08-28 16:17:33] [INF] HTTP GET /api/employees/paginated responded 400 in 0.9389 ms
[2026-08-28 16:17:34] [INF] HTTP GET /api/employees/paginated responded 400 in 0.8373 ms
[2026-08-28 16:17:34] [INF] HTTP GET /api/employees/paginated responded 400 in 1.1970 ms
[2026-08-28 16:17:34] [INF] HTTP GET /api/employees/paginated responded 400 in 0.8070 ms
[2026-08-28 16:17:34] [INF] HTTP GET /api/employees/paginated responded 400 in 1.0497 ms
[2026-08-28 16:17:34] [INF] HTTP GET /api/employees/paginated responded 400 in 2.5518 ms
[2026-08-28 16:17:34] [INF] HTTP GET /api/employees/paginated responded 400 in 0.8435 ms
[2026-08-28 16:17:34] [INF] HTTP GET /api/employees/paginated responded 400 in 0.8096 ms
[2026-08-28 16:17:34] [INF] HTTP GET /api/employees/paginated responded 400 in 0.8868 ms
[2026-08-28 16:17:34] [INF] HTTP GET /api/employees/paginated responded 400 in 0.9517 ms
[2026-08-28 16:17:34] [INF] HTTP GET /api/employees/paginated responded 400 in 1.0369 ms
[2026-08-28 16:17:34] [INF] Query Executed 
    SELECT
        e.Id,
        e.EmployeeCode,
        e.Name,
        d.Name AS Department,
        et.Name AS EmploymentType,
        l.Name AS Location,
        e.Attendance,
        e.Performance,
        e.ActiveProjects,
        e.ExperienceYears,
        e.Salary,
        e.JoiningYear,
        e.IsActive,
        e.DepartmentId,
        e.EmploymentTypeId,
        e.LocationId
    FROM Employees e
    INNER JOIN Departments d
        ON e.DepartmentId = d.Id
    INNER JOIN Locations l
        ON e.LocationId = l.Id
    INNER JOIN EmploymentTypes et
        ON e.EmploymentTypeId = et.Id

        order by e.Id
        OFFSET @offset rows
        FETCH NEXT  @size rows only 
        
[2026-08-28 16:17:34] [INF] Fetched 10 employees from page 17 with total 100000
[2026-08-28 16:17:34] [INF] HTTP GET /api/employees/paginated responded 200 in 48.2538 ms
[2026-08-28 16:17:34] [INF] Query Executed 
    SELECT
        e.Id,
        e.EmployeeCode,
        e.Name,
        d.Name AS Department,
        et.Name AS EmploymentType,
        l.Name AS Location,
        e.Attendance,
        e.Performance,
        e.ActiveProjects,
        e.ExperienceYears,
        e.Salary,
        e.JoiningYear,
        e.IsActive,
        e.DepartmentId,
        e.EmploymentTypeId,
        e.LocationId
    FROM Employees e
    INNER JOIN Departments d
        ON e.DepartmentId = d.Id
    INNER JOIN Locations l
        ON e.LocationId = l.Id
    INNER JOIN EmploymentTypes et
        ON e.EmploymentTypeId = et.Id

        order by e.Id
        OFFSET @offset rows
        FETCH NEXT  @size rows only 
        
[2026-08-28 16:17:34] [INF] Fetched 10 employees from page 17 with total 100000
[2026-08-28 16:17:34] [INF] HTTP GET /api/employees/paginated responded 200 in 41.2640 ms
[2026-08-28 16:17:35] [INF] Query Executed 
    SELECT
        e.Id,
        e.EmployeeCode,
        e.Name,
        d.Name AS Department,
        et.Name AS EmploymentType,
        l.Name AS Location,
        e.Attendance,
        e.Performance,
        e.ActiveProjects,
        e.ExperienceYears,
        e.Salary,
        e.JoiningYear,
        e.IsActive,
        e.DepartmentId,
        e.EmploymentTypeId,
        e.LocationId
    FROM Employees e
    INNER JOIN Departments d
        ON e.DepartmentId = d.Id
    INNER JOIN Locations l
        ON e.LocationId = l.Id
    INNER JOIN EmploymentTypes et
        ON e.EmploymentTypeId = et.Id

        order by e.Id
        OFFSET @offset rows
        FETCH NEXT  @size rows only 
        
[2026-08-28 16:17:35] [INF] HTTP GET /api/employees/paginated responded 400 in 1.6130 ms
[2026-08-28 16:17:35] [INF] Fetched 10 employees from page 17 with total 100000
[2026-08-28 16:17:35] [INF] HTTP GET /api/employees/paginated responded 200 in 43.0814 ms
[2026-08-28 16:17:35] [INF] HTTP GET /api/employees/paginated responded 400 in 0.8515 ms
[2026-08-28 16:17:35] [INF] HTTP GET /api/employees/paginated responded 400 in 1.7504 ms
[2026-08-28 16:17:35] [INF] HTTP GET /api/employees/paginated responded 400 in 0.8198 ms
[2026-08-28 16:17:35] [INF] HTTP GET /api/employees/paginated responded 400 in 0.8022 ms
[2026-08-28 16:17:35] [INF] HTTP GET /api/employees/paginated responded 400 in 0.9278 ms
[2026-08-28 16:17:35] [INF] HTTP GET /api/employees/paginated responded 400 in 0.8364 ms
[2026-08-28 16:17:35] [INF] HTTP GET /api/employees/paginated responded 400 in 0.8163 ms
[2026-08-28 16:17:35] [INF] HTTP GET /api/employees/paginated responded 400 in 0.6752 ms
[2026-08-28 16:17:35] [INF] HTTP GET /api/employees/paginated responded 400 in 0.8679 ms
[2026-08-28 16:17:35] [INF] HTTP GET /api/employees/paginated responded 400 in 1.0277 ms
[2026-08-28 16:17:35] [INF] HTTP GET /api/employees/paginated responded 400 in 0.9652 ms
[2026-08-28 16:17:35] [INF] HTTP GET /api/employees/paginated responded 400 in 0.9900 ms
[2026-08-28 16:17:35] [INF] HTTP GET /api/employees/paginated responded 400 in 1.3795 ms
[2026-08-28 16:17:35] [INF] Query Executed 
    SELECT
        e.Id,
        e.EmployeeCode,
        e.Name,
        d.Name AS Department,
        et.Name AS EmploymentType,
        l.Name AS Location,
        e.Attendance,
        e.Performance,
        e.ActiveProjects,
        e.ExperienceYears,
        e.Salary,
        e.JoiningYear,
        e.IsActive,
        e.DepartmentId,
        e.EmploymentTypeId,
        e.LocationId
    FROM Employees e
    INNER JOIN Departments d
        ON e.DepartmentId = d.Id
    INNER JOIN Locations l
        ON e.LocationId = l.Id
    INNER JOIN EmploymentTypes et
        ON e.EmploymentTypeId = et.Id

        order by e.Id
        OFFSET @offset rows
        FETCH NEXT  @size rows only 
        
[2026-08-28 16:17:35] [INF] Fetched 10 employees from page 18 with total 100000
[2026-08-28 16:17:35] [INF] HTTP GET /api/employees/paginated responded 200 in 42.9176 ms
[2026-08-28 16:17:35] [INF] Query Executed 
    SELECT
        e.Id,
        e.EmployeeCode,
        e.Name,
        d.Name AS Department,
        et.Name AS EmploymentType,
        l.Name AS Location,
        e.Attendance,
        e.Performance,
        e.ActiveProjects,
        e.ExperienceYears,
        e.Salary,
        e.JoiningYear,
        e.IsActive,
        e.DepartmentId,
        e.EmploymentTypeId,
        e.LocationId
    FROM Employees e
    INNER JOIN Departments d
        ON e.DepartmentId = d.Id
    INNER JOIN Locations l
        ON e.LocationId = l.Id
    INNER JOIN EmploymentTypes et
        ON e.EmploymentTypeId = et.Id

        order by e.Id
        OFFSET @offset rows
        FETCH NEXT  @size rows only 
        
[2026-08-28 16:17:35] [INF] Fetched 10 employees from page 18 with total 100000
[2026-08-28 16:17:35] [INF] HTTP GET /api/employees/paginated responded 200 in 45.1382 ms
[2026-08-28 16:17:35] [INF] HTTP GET /api/employees/paginated responded 400 in 0.8540 ms
[2026-08-28 16:17:35] [INF] Query Executed 
    SELECT
        e.Id,
        e.EmployeeCode,
        e.Name,
        d.Name AS Department,
        et.Name AS EmploymentType,
        l.Name AS Location,
        e.Attendance,
        e.Performance,
        e.ActiveProjects,
        e.ExperienceYears,
        e.Salary,
        e.JoiningYear,
        e.IsActive,
        e.DepartmentId,
        e.EmploymentTypeId,
        e.LocationId
    FROM Employees e
    INNER JOIN Departments d
        ON e.DepartmentId = d.Id
    INNER JOIN Locations l
        ON e.LocationId = l.Id
    INNER JOIN EmploymentTypes et
        ON e.EmploymentTypeId = et.Id

        order by e.Id
        OFFSET @offset rows
        FETCH NEXT  @size rows only 
        
[2026-08-28 16:17:35] [INF] HTTP GET /api/employees/paginated responded 400 in 0.8634 ms
[2026-08-28 16:17:35] [INF] Fetched 10 employees from page 18 with total 100000
[2026-08-28 16:17:35] [INF] HTTP GET /api/employees/paginated responded 200 in 48.9806 ms
[2026-08-28 16:17:35] [INF] HTTP GET /api/employees/paginated responded 400 in 0.8250 ms
[2026-08-28 16:17:35] [INF] HTTP GET /api/employees/paginated responded 400 in 0.9280 ms
[2026-08-28 16:17:36] [INF] HTTP GET /api/employees/paginated responded 400 in 0.8098 ms
[2026-08-28 16:17:36] [INF] HTTP GET /api/employees/paginated responded 400 in 0.8809 ms
[2026-08-28 16:17:36] [INF] HTTP GET /api/employees/paginated responded 400 in 0.7672 ms
[2026-08-28 16:17:36] [INF] HTTP GET /api/employees/paginated responded 400 in 0.8230 ms
[2026-08-28 16:17:36] [INF] HTTP GET /api/employees/paginated responded 400 in 0.9129 ms
[2026-08-28 16:17:36] [INF] HTTP GET /api/employees/paginated responded 400 in 0.8508 ms
[2026-08-28 16:17:36] [INF] HTTP GET /api/employees/paginated responded 400 in 0.7733 ms
[2026-08-28 16:17:36] [INF] HTTP GET /api/employees/paginated responded 400 in 0.7461 ms
[2026-08-28 16:17:36] [INF] HTTP GET /api/employees/paginated responded 400 in 0.8708 ms
[2026-08-28 16:17:36] [INF] HTTP GET /api/employees/paginated responded 400 in 1.0067 ms
[2026-08-28 16:17:36] [INF] HTTP GET /api/employees/paginated responded 400 in 1.7425 ms
[2026-08-28 16:17:36] [INF] HTTP GET /api/employees/paginated responded 400 in 1.2658 ms
[2026-08-28 16:17:36] [INF] HTTP GET /api/employees/paginated responded 400 in 1.1752 ms
[2026-08-28 16:17:36] [INF] HTTP GET /api/employees/paginated responded 400 in 0.9736 ms
[2026-08-28 16:17:41] [INF] HTTP GET /api/employees/paginated responded 400 in 0.6266 ms
[2026-08-28 16:17:51] [INF] Query Executed 
    SELECT
        e.Id,
        e.EmployeeCode,
        e.Name,
        d.Name AS Department,
        et.Name AS EmploymentType,
        l.Name AS Location,
        e.Attendance,
        e.Performance,
        e.ActiveProjects,
        e.ExperienceYears,
        e.Salary,
        e.JoiningYear,
        e.IsActive,
        e.DepartmentId,
        e.EmploymentTypeId,
        e.LocationId
    FROM Employees e
    INNER JOIN Departments d
        ON e.DepartmentId = d.Id
    INNER JOIN Locations l
        ON e.LocationId = l.Id
    INNER JOIN EmploymentTypes et
        ON e.EmploymentTypeId = et.Id

        order by e.Id
        OFFSET @offset rows
        FETCH NEXT  @size rows only 
        
[2026-08-28 16:17:51] [INF] Fetched 10 employees from page 1 with total 100000
[2026-08-28 16:17:51] [INF] HTTP GET /api/employees/paginated responded 200 in 148.9162 ms
[2026-08-28 16:17:51] [INF] Query Executed 
    SELECT
        e.Id,
        e.EmployeeCode,
        e.Name,
        d.Name AS Department,
        et.Name AS EmploymentType,
        l.Name AS Location,
        e.Attendance,
        e.Performance,
        e.ActiveProjects,
        e.ExperienceYears,
        e.Salary,
        e.JoiningYear,
        e.IsActive,
        e.DepartmentId,
        e.EmploymentTypeId,
        e.LocationId
    FROM Employees e
    INNER JOIN Departments d
        ON e.DepartmentId = d.Id
    INNER JOIN Locations l
        ON e.LocationId = l.Id
    INNER JOIN EmploymentTypes et
        ON e.EmploymentTypeId = et.Id

        order by e.Id
        OFFSET @offset rows
        FETCH NEXT  @size rows only 
        
[2026-08-28 16:17:51] [INF] Fetched 10 employees from page 1 with total 100000
[2026-08-28 16:17:51] [INF] HTTP GET /api/employees/paginated responded 200 in 41.0656 ms
[2026-08-28 16:17:56] [INF] Query Executed 
    SELECT
        e.Id,
        e.EmployeeCode,
        e.Name,
        d.Name AS Department,
        et.Name AS EmploymentType,
        l.Name AS Location,
        e.Attendance,
        e.Performance,
        e.ActiveProjects,
        e.ExperienceYears,
        e.Salary,
        e.JoiningYear,
        e.IsActive,
        e.DepartmentId,
        e.EmploymentTypeId,
        e.LocationId
    FROM Employees e
    INNER JOIN Departments d
        ON e.DepartmentId = d.Id
    INNER JOIN Locations l
        ON e.LocationId = l.Id
    INNER JOIN EmploymentTypes et
        ON e.EmploymentTypeId = et.Id

        order by e.Id
        OFFSET @offset rows
        FETCH NEXT  @size rows only 
        
[2026-08-28 16:17:56] [INF] Fetched 10 employees from page 1 with total 100000
[2026-08-28 16:17:56] [INF] HTTP GET /api/employees/paginated responded 200 in 56.3245 ms
[2026-08-28 16:17:56] [INF] Query Executed 
    SELECT
        e.Id,
        e.EmployeeCode,
        e.Name,
        d.Name AS Department,
        et.Name AS EmploymentType,
        l.Name AS Location,
        e.Attendance,
        e.Performance,
        e.ActiveProjects,
        e.ExperienceYears,
        e.Salary,
        e.JoiningYear,
        e.IsActive,
        e.DepartmentId,
        e.EmploymentTypeId,
        e.LocationId
    FROM Employees e
    INNER JOIN Departments d
        ON e.DepartmentId = d.Id
    INNER JOIN Locations l
        ON e.LocationId = l.Id
    INNER JOIN EmploymentTypes et
        ON e.EmploymentTypeId = et.Id

        order by e.Id
        OFFSET @offset rows
        FETCH NEXT  @size rows only 
        
[2026-08-28 16:17:56] [INF] Fetched 10 employees from page 1 with total 100000
[2026-08-28 16:17:56] [INF] HTTP GET /api/employees/paginated responded 200 in 40.2431 ms
[2026-08-28 16:17:56] [INF] HTTP GET /api/employees/paginated responded 400 in 0.7581 ms
[2026-08-28 16:17:56] [INF] HTTP GET /api/employees/paginated responded 400 in 0.7745 ms
[2026-08-28 16:17:57] [INF] HTTP GET /api/employees/paginated responded 400 in 0.7393 ms
[2026-08-28 16:17:57] [INF] HTTP GET /api/employees/paginated responded 400 in 0.7970 ms
[2026-08-28 16:17:57] [INF] HTTP GET /api/employees/paginated responded 400 in 0.8011 ms
[2026-08-28 16:17:57] [INF] Query Executed 
    SELECT
        e.Id,
        e.EmployeeCode,
        e.Name,
        d.Name AS Department,
        et.Name AS EmploymentType,
        l.Name AS Location,
        e.Attendance,
        e.Performance,
        e.ActiveProjects,
        e.ExperienceYears,
        e.Salary,
        e.JoiningYear,
        e.IsActive,
        e.DepartmentId,
        e.EmploymentTypeId,
        e.LocationId
    FROM Employees e
    INNER JOIN Departments d
        ON e.DepartmentId = d.Id
    INNER JOIN Locations l
        ON e.LocationId = l.Id
    INNER JOIN EmploymentTypes et
        ON e.EmploymentTypeId = et.Id

        order by e.Id
        OFFSET @offset rows
        FETCH NEXT  @size rows only 
        
[2026-08-28 16:17:57] [INF] Fetched 10 employees from page 2 with total 100000
[2026-08-28 16:17:57] [INF] HTTP GET /api/employees/paginated responded 200 in 38.8913 ms
[2026-08-28 16:17:57] [INF] HTTP GET /api/employees/paginated responded 400 in 1.3389 ms
[2026-08-28 16:17:57] [INF] HTTP GET /api/employees/paginated responded 400 in 1.2154 ms
[2026-08-28 16:18:00] [INF] HTTP GET /api/employees/paginated responded 400 in 1.0500 ms
[2026-08-28 16:18:00] [INF] HTTP GET /api/employees/paginated responded 400 in 0.7651 ms
[2026-08-28 16:18:00] [INF] HTTP GET /api/employees/paginated responded 400 in 1.2344 ms
[2026-08-28 16:18:00] [INF] HTTP GET /api/employees/paginated responded 400 in 0.7389 ms
[2026-08-28 16:18:01] [INF] HTTP GET /api/employees/paginated responded 400 in 0.7670 ms
[2026-08-28 16:18:01] [INF] HTTP GET /api/employees/paginated responded 400 in 0.7812 ms
[2026-08-28 16:18:01] [INF] HTTP GET /api/employees/paginated responded 400 in 0.7531 ms
[2026-08-28 16:18:01] [INF] HTTP GET /api/employees/paginated responded 400 in 1.0733 ms
[2026-08-28 16:18:01] [INF] HTTP GET /api/employees/paginated responded 400 in 1.3593 ms
[2026-08-28 16:18:01] [INF] HTTP GET /api/employees/paginated responded 400 in 0.9157 ms
[2026-08-28 16:19:18] [INF] HTTP GET /api/employees/paginated responded 400 in 1.3765 ms
[2026-08-28 16:19:19] [INF] Query Executed 
    SELECT
        e.Id,
        e.EmployeeCode,
        e.Name,
        d.Name AS Department,
        et.Name AS EmploymentType,
        l.Name AS Location,
        e.Attendance,
        e.Performance,
        e.ActiveProjects,
        e.ExperienceYears,
        e.Salary,
        e.JoiningYear,
        e.IsActive,
        e.DepartmentId,
        e.EmploymentTypeId,
        e.LocationId
    FROM Employees e
    INNER JOIN Departments d
        ON e.DepartmentId = d.Id
    INNER JOIN Locations l
        ON e.LocationId = l.Id
    INNER JOIN EmploymentTypes et
        ON e.EmploymentTypeId = et.Id

        order by e.Id
        OFFSET @offset rows
        FETCH NEXT  @size rows only 
        
[2026-08-28 16:19:19] [INF] Fetched 10 employees from page 21 with total 100000
[2026-08-28 16:19:19] [INF] HTTP GET /api/employees/paginated responded 200 in 121.0997 ms
[2026-08-28 16:19:40] [INF] Now listening on: http://localhost:5054
[2026-08-28 16:19:40] [INF] Application started. Press Ctrl+C to shut down.
[2026-08-28 16:19:40] [INF] Hosting environment: Development
[2026-08-28 16:19:40] [INF] Content root path: C:\Users\Z100179\Desktop\MainFolder\Backend
[2026-08-28 16:22:24] [WRN] Failed to determine the https port for redirect.
[2026-08-28 16:22:26] [INF] Query Executed 
    SELECT
        e.Id,
        e.EmployeeCode,
        e.Name,
        d.Name AS Department,
        et.Name AS EmploymentType,
        l.Name AS Location,
        e.Attendance,
        e.Performance,
        e.ActiveProjects,
        e.ExperienceYears,
        e.Salary,
        e.JoiningYear,
        e.IsActive,
        e.DepartmentId,
        e.EmploymentTypeId,
        e.LocationId
    FROM Employees e
    INNER JOIN Departments d
        ON e.DepartmentId = d.Id
    INNER JOIN Locations l
        ON e.LocationId = l.Id
    INNER JOIN EmploymentTypes et
        ON e.EmploymentTypeId = et.Id

        order by e.Id
        OFFSET @offset rows
        FETCH NEXT  @size rows only 
        
[2026-08-28 16:22:26] [INF] Fetched 10 employees from page 0 with total 100000
[2026-08-28 16:22:27] [INF] HTTP GET /api/employees/paginated responded 200 in 2289.3678 ms
[2026-08-28 16:22:27] [INF] Query Executed 
    SELECT
        e.Id,
        e.EmployeeCode,
        e.Name,
        d.Name AS Department,
        et.Name AS EmploymentType,
        l.Name AS Location,
        e.Attendance,
        e.Performance,
        e.ActiveProjects,
        e.ExperienceYears,
        e.Salary,
        e.JoiningYear,
        e.IsActive,
        e.DepartmentId,
        e.EmploymentTypeId,
        e.LocationId
    FROM Employees e
    INNER JOIN Departments d
        ON e.DepartmentId = d.Id
    INNER JOIN Locations l
        ON e.LocationId = l.Id
    INNER JOIN EmploymentTypes et
        ON e.EmploymentTypeId = et.Id

        order by e.Id
        OFFSET @offset rows
        FETCH NEXT  @size rows only 
        
[2026-08-28 16:22:27] [INF] Fetched 10 employees from page 0 with total 100000
[2026-08-28 16:22:27] [INF] HTTP GET /api/employees/paginated responded 200 in 64.1129 ms
[2026-08-28 16:22:29] [INF] Query Executed 
    SELECT
        e.Id,
        e.EmployeeCode,
        e.Name,
        d.Name AS Department,
        et.Name AS EmploymentType,
        l.Name AS Location,
        e.Attendance,
        e.Performance,
        e.ActiveProjects,
        e.ExperienceYears,
        e.Salary,
        e.JoiningYear,
        e.IsActive,
        e.DepartmentId,
        e.EmploymentTypeId,
        e.LocationId
    FROM Employees e
    INNER JOIN Departments d
        ON e.DepartmentId = d.Id
    INNER JOIN Locations l
        ON e.LocationId = l.Id
    INNER JOIN EmploymentTypes et
        ON e.EmploymentTypeId = et.Id

        order by e.Id
        OFFSET @offset rows
        FETCH NEXT  @size rows only 
        
[2026-08-28 16:22:30] [INF] Fetched 10 employees from page 0 with total 100000
[2026-08-28 16:22:30] [INF] HTTP GET /api/employees/paginated responded 200 in 74.2281 ms
[2026-08-28 16:22:30] [INF] Query Executed 
    SELECT
        e.Id,
        e.EmployeeCode,
        e.Name,
        d.Name AS Department,
        et.Name AS EmploymentType,
        l.Name AS Location,
        e.Attendance,
        e.Performance,
        e.ActiveProjects,
        e.ExperienceYears,
        e.Salary,
        e.JoiningYear,
        e.IsActive,
        e.DepartmentId,
        e.EmploymentTypeId,
        e.LocationId
    FROM Employees e
    INNER JOIN Departments d
        ON e.DepartmentId = d.Id
    INNER JOIN Locations l
        ON e.LocationId = l.Id
    INNER JOIN EmploymentTypes et
        ON e.EmploymentTypeId = et.Id

        order by e.Id
        OFFSET @offset rows
        FETCH NEXT  @size rows only 
        
[2026-08-28 16:22:30] [INF] Fetched 10 employees from page 0 with total 100000
[2026-08-28 16:22:30] [INF] HTTP GET /api/employees/paginated responded 200 in 43.3774 ms
[2026-08-28 16:22:30] [INF] Query Executed 
    SELECT
        e.Id,
        e.EmployeeCode,
        e.Name,
        d.Name AS Department,
        et.Name AS EmploymentType,
        l.Name AS Location,
        e.Attendance,
        e.Performance,
        e.ActiveProjects,
        e.ExperienceYears,
        e.Salary,
        e.JoiningYear,
        e.IsActive,
        e.DepartmentId,
        e.EmploymentTypeId,
        e.LocationId
    FROM Employees e
    INNER JOIN Departments d
        ON e.DepartmentId = d.Id
    INNER JOIN Locations l
        ON e.LocationId = l.Id
    INNER JOIN EmploymentTypes et
        ON e.EmploymentTypeId = et.Id

        order by e.Id
        OFFSET @offset rows
        FETCH NEXT  @size rows only 
        
[2026-08-28 16:22:30] [INF] Fetched 10 employees from page 4 with total 100000
[2026-08-28 16:22:30] [INF] HTTP GET /api/employees/paginated responded 200 in 43.6720 ms
[2026-08-28 16:22:30] [INF] Query Executed 
    SELECT
        e.Id,
        e.EmployeeCode,
        e.Name,
        d.Name AS Department,
        et.Name AS EmploymentType,
        l.Name AS Location,
        e.Attendance,
        e.Performance,
        e.ActiveProjects,
        e.ExperienceYears,
        e.Salary,
        e.JoiningYear,
        e.IsActive,
        e.DepartmentId,
        e.EmploymentTypeId,
        e.LocationId
    FROM Employees e
    INNER JOIN Departments d
        ON e.DepartmentId = d.Id
    INNER JOIN Locations l
        ON e.LocationId = l.Id
    INNER JOIN EmploymentTypes et
        ON e.EmploymentTypeId = et.Id

        order by e.Id
        OFFSET @offset rows
        FETCH NEXT  @size rows only 
        
[2026-08-28 16:22:30] [INF] Fetched 10 employees from page 5 with total 100000
[2026-08-28 16:22:30] [INF] HTTP GET /api/employees/paginated responded 200 in 38.5699 ms
[2026-08-28 16:22:30] [INF] Query Executed 
    SELECT
        e.Id,
        e.EmployeeCode,
        e.Name,
        d.Name AS Department,
        et.Name AS EmploymentType,
        l.Name AS Location,
        e.Attendance,
        e.Performance,
        e.ActiveProjects,
        e.ExperienceYears,
        e.Salary,
        e.JoiningYear,
        e.IsActive,
        e.DepartmentId,
        e.EmploymentTypeId,
        e.LocationId
    FROM Employees e
    INNER JOIN Departments d
        ON e.DepartmentId = d.Id
    INNER JOIN Locations l
        ON e.LocationId = l.Id
    INNER JOIN EmploymentTypes et
        ON e.EmploymentTypeId = et.Id

        order by e.Id
        OFFSET @offset rows
        FETCH NEXT  @size rows only 
        
[2026-08-28 16:22:30] [INF] Fetched 10 employees from page 8 with total 100000
[2026-08-28 16:22:30] [INF] HTTP GET /api/employees/paginated responded 200 in 40.8888 ms
[2026-08-28 16:22:30] [INF] Query Executed 
    SELECT
        e.Id,
        e.EmployeeCode,
        e.Name,
        d.Name AS Department,
        et.Name AS EmploymentType,
        l.Name AS Location,
        e.Attendance,
        e.Performance,
        e.ActiveProjects,
        e.ExperienceYears,
        e.Salary,
        e.JoiningYear,
        e.IsActive,
        e.DepartmentId,
        e.EmploymentTypeId,
        e.LocationId
    FROM Employees e
    INNER JOIN Departments d
        ON e.DepartmentId = d.Id
    INNER JOIN Locations l
        ON e.LocationId = l.Id
    INNER JOIN EmploymentTypes et
        ON e.EmploymentTypeId = et.Id

        order by e.Id
        OFFSET @offset rows
        FETCH NEXT  @size rows only 
        
[2026-08-28 16:22:30] [INF] Fetched 10 employees from page 8 with total 100000
[2026-08-28 16:22:30] [INF] HTTP GET /api/employees/paginated responded 200 in 38.8960 ms
[2026-08-28 16:22:30] [INF] Query Executed 
    SELECT
        e.Id,
        e.EmployeeCode,
        e.Name,
        d.Name AS Department,
        et.Name AS EmploymentType,
        l.Name AS Location,
        e.Attendance,
        e.Performance,
        e.ActiveProjects,
        e.ExperienceYears,
        e.Salary,
        e.JoiningYear,
        e.IsActive,
        e.DepartmentId,
        e.EmploymentTypeId,
        e.LocationId
    FROM Employees e
    INNER JOIN Departments d
        ON e.DepartmentId = d.Id
    INNER JOIN Locations l
        ON e.LocationId = l.Id
    INNER JOIN EmploymentTypes et
        ON e.EmploymentTypeId = et.Id

        order by e.Id
        OFFSET @offset rows
        FETCH NEXT  @size rows only 
        
[2026-08-28 16:22:30] [INF] Fetched 10 employees from page 9 with total 100000
[2026-08-28 16:22:30] [INF] HTTP GET /api/employees/paginated responded 200 in 39.1619 ms
[2026-08-28 16:22:30] [INF] Query Executed 
    SELECT
        e.Id,
        e.EmployeeCode,
        e.Name,
        d.Name AS Department,
        et.Name AS EmploymentType,
        l.Name AS Location,
        e.Attendance,
        e.Performance,
        e.ActiveProjects,
        e.ExperienceYears,
        e.Salary,
        e.JoiningYear,
        e.IsActive,
        e.DepartmentId,
        e.EmploymentTypeId,
        e.LocationId
    FROM Employees e
    INNER JOIN Departments d
        ON e.DepartmentId = d.Id
    INNER JOIN Locations l
        ON e.LocationId = l.Id
    INNER JOIN EmploymentTypes et
        ON e.EmploymentTypeId = et.Id

        order by e.Id
        OFFSET @offset rows
        FETCH NEXT  @size rows only 
        
[2026-08-28 16:22:30] [INF] Fetched 10 employees from page 12 with total 100000
[2026-08-28 16:22:30] [INF] HTTP GET /api/employees/paginated responded 200 in 46.4036 ms
[2026-08-28 16:22:30] [INF] Query Executed 
    SELECT
        e.Id,
        e.EmployeeCode,
        e.Name,
        d.Name AS Department,
        et.Name AS EmploymentType,
        l.Name AS Location,
        e.Attendance,
        e.Performance,
        e.ActiveProjects,
        e.ExperienceYears,
        e.Salary,
        e.JoiningYear,
        e.IsActive,
        e.DepartmentId,
        e.EmploymentTypeId,
        e.LocationId
    FROM Employees e
    INNER JOIN Departments d
        ON e.DepartmentId = d.Id
    INNER JOIN Locations l
        ON e.LocationId = l.Id
    INNER JOIN EmploymentTypes et
        ON e.EmploymentTypeId = et.Id

        order by e.Id
        OFFSET @offset rows
        FETCH NEXT  @size rows only 
        
[2026-08-28 16:22:30] [INF] Fetched 10 employees from page 12 with total 100000
[2026-08-28 16:22:30] [INF] HTTP GET /api/employees/paginated responded 200 in 41.4904 ms
[2026-08-28 16:22:30] [INF] Query Executed 
    SELECT
        e.Id,
        e.EmployeeCode,
        e.Name,
        d.Name AS Department,
        et.Name AS EmploymentType,
        l.Name AS Location,
        e.Attendance,
        e.Performance,
        e.ActiveProjects,
        e.ExperienceYears,
        e.Salary,
        e.JoiningYear,
        e.IsActive,
        e.DepartmentId,
        e.EmploymentTypeId,
        e.LocationId
    FROM Employees e
    INNER JOIN Departments d
        ON e.DepartmentId = d.Id
    INNER JOIN Locations l
        ON e.LocationId = l.Id
    INNER JOIN EmploymentTypes et
        ON e.EmploymentTypeId = et.Id

        order by e.Id
        OFFSET @offset rows
        FETCH NEXT  @size rows only 
        
[2026-08-28 16:22:30] [INF] Fetched 10 employees from page 14 with total 100000
[2026-08-28 16:22:30] [INF] HTTP GET /api/employees/paginated responded 200 in 64.1424 ms
[2026-08-28 16:22:30] [INF] Query Executed 
    SELECT
        e.Id,
        e.EmployeeCode,
        e.Name,
        d.Name AS Department,
        et.Name AS EmploymentType,
        l.Name AS Location,
        e.Attendance,
        e.Performance,
        e.ActiveProjects,
        e.ExperienceYears,
        e.Salary,
        e.JoiningYear,
        e.IsActive,
        e.DepartmentId,
        e.EmploymentTypeId,
        e.LocationId
    FROM Employees e
    INNER JOIN Departments d
        ON e.DepartmentId = d.Id
    INNER JOIN Locations l
        ON e.LocationId = l.Id
    INNER JOIN EmploymentTypes et
        ON e.EmploymentTypeId = et.Id

        order by e.Id
        OFFSET @offset rows
        FETCH NEXT  @size rows only 
        
[2026-08-28 16:22:30] [INF] Fetched 10 employees from page 14 with total 100000
[2026-08-28 16:22:30] [INF] HTTP GET /api/employees/paginated responded 200 in 45.4522 ms
[2026-08-28 16:22:31] [INF] Query Executed 
    SELECT
        e.Id,
        e.EmployeeCode,
        e.Name,
        d.Name AS Department,
        et.Name AS EmploymentType,
        l.Name AS Location,
        e.Attendance,
        e.Performance,
        e.ActiveProjects,
        e.ExperienceYears,
        e.Salary,
        e.JoiningYear,
        e.IsActive,
        e.DepartmentId,
        e.EmploymentTypeId,
        e.LocationId
    FROM Employees e
    INNER JOIN Departments d
        ON e.DepartmentId = d.Id
    INNER JOIN Locations l
        ON e.LocationId = l.Id
    INNER JOIN EmploymentTypes et
        ON e.EmploymentTypeId = et.Id

        order by e.Id
        OFFSET @offset rows
        FETCH NEXT  @size rows only 
        
[2026-08-28 16:22:31] [INF] Fetched 10 employees from page 14 with total 100000
[2026-08-28 16:22:31] [INF] HTTP GET /api/employees/paginated responded 200 in 40.2879 ms
[2026-08-28 16:22:31] [INF] Query Executed 
    SELECT
        e.Id,
        e.EmployeeCode,
        e.Name,
        d.Name AS Department,
        et.Name AS EmploymentType,
        l.Name AS Location,
        e.Attendance,
        e.Performance,
        e.ActiveProjects,
        e.ExperienceYears,
        e.Salary,
        e.JoiningYear,
        e.IsActive,
        e.DepartmentId,
        e.EmploymentTypeId,
        e.LocationId
    FROM Employees e
    INNER JOIN Departments d
        ON e.DepartmentId = d.Id
    INNER JOIN Locations l
        ON e.LocationId = l.Id
    INNER JOIN EmploymentTypes et
        ON e.EmploymentTypeId = et.Id

        order by e.Id
        OFFSET @offset rows
        FETCH NEXT  @size rows only 
        
[2026-08-28 16:22:31] [INF] Fetched 10 employees from page 14 with total 100000
[2026-08-28 16:22:31] [INF] HTTP GET /api/employees/paginated responded 200 in 43.2959 ms
[2026-08-28 16:22:31] [INF] Query Executed 
    SELECT
        e.Id,
        e.EmployeeCode,
        e.Name,
        d.Name AS Department,
        et.Name AS EmploymentType,
        l.Name AS Location,
        e.Attendance,
        e.Performance,
        e.ActiveProjects,
        e.ExperienceYears,
        e.Salary,
        e.JoiningYear,
        e.IsActive,
        e.DepartmentId,
        e.EmploymentTypeId,
        e.LocationId
    FROM Employees e
    INNER JOIN Departments d
        ON e.DepartmentId = d.Id
    INNER JOIN Locations l
        ON e.LocationId = l.Id
    INNER JOIN EmploymentTypes et
        ON e.EmploymentTypeId = et.Id

        order by e.Id
        OFFSET @offset rows
        FETCH NEXT  @size rows only 
        
[2026-08-28 16:22:31] [INF] Fetched 10 employees from page 19 with total 100000
[2026-08-28 16:22:31] [INF] HTTP GET /api/employees/paginated responded 200 in 48.8064 ms
[2026-08-28 16:22:31] [INF] Query Executed 
    SELECT
        e.Id,
        e.EmployeeCode,
        e.Name,
        d.Name AS Department,
        et.Name AS EmploymentType,
        l.Name AS Location,
        e.Attendance,
        e.Performance,
        e.ActiveProjects,
        e.ExperienceYears,
        e.Salary,
        e.JoiningYear,
        e.IsActive,
        e.DepartmentId,
        e.EmploymentTypeId,
        e.LocationId
    FROM Employees e
    INNER JOIN Departments d
        ON e.DepartmentId = d.Id
    INNER JOIN Locations l
        ON e.LocationId = l.Id
    INNER JOIN EmploymentTypes et
        ON e.EmploymentTypeId = et.Id

        order by e.Id
        OFFSET @offset rows
        FETCH NEXT  @size rows only 
        
[2026-08-28 16:22:31] [INF] Fetched 10 employees from page 24 with total 100000
[2026-08-28 16:22:31] [INF] HTTP GET /api/employees/paginated responded 200 in 229.2847 ms
[2026-08-28 16:22:31] [INF] Query Executed 
    SELECT
        e.Id,
        e.EmployeeCode,
        e.Name,
        d.Name AS Department,
        et.Name AS EmploymentType,
        l.Name AS Location,
        e.Attendance,
        e.Performance,
        e.ActiveProjects,
        e.ExperienceYears,
        e.Salary,
        e.JoiningYear,
        e.IsActive,
        e.DepartmentId,
        e.EmploymentTypeId,
        e.LocationId
    FROM Employees e
    INNER JOIN Departments d
        ON e.DepartmentId = d.Id
    INNER JOIN Locations l
        ON e.LocationId = l.Id
    INNER JOIN EmploymentTypes et
        ON e.EmploymentTypeId = et.Id

        order by e.Id
        OFFSET @offset rows
        FETCH NEXT  @size rows only 
        
[2026-08-28 16:22:31] [INF] Fetched 10 employees from page 24 with total 100000
[2026-08-28 16:22:31] [INF] HTTP GET /api/employees/paginated responded 200 in 58.4579 ms
[2026-08-28 16:22:31] [INF] Query Executed 
    SELECT
        e.Id,
        e.EmployeeCode,
        e.Name,
        d.Name AS Department,
        et.Name AS EmploymentType,
        l.Name AS Location,
        e.Attendance,
        e.Performance,
        e.ActiveProjects,
        e.ExperienceYears,
        e.Salary,
        e.JoiningYear,
        e.IsActive,
        e.DepartmentId,
        e.EmploymentTypeId,
        e.LocationId
    FROM Employees e
    INNER JOIN Departments d
        ON e.DepartmentId = d.Id
    INNER JOIN Locations l
        ON e.LocationId = l.Id
    INNER JOIN EmploymentTypes et
        ON e.EmploymentTypeId = et.Id

        order by e.Id
        OFFSET @offset rows
        FETCH NEXT  @size rows only 
        
[2026-08-28 16:22:31] [INF] Fetched 10 employees from page 26 with total 100000
[2026-08-28 16:22:31] [INF] HTTP GET /api/employees/paginated responded 200 in 38.3813 ms
[2026-08-28 16:22:31] [INF] Query Executed 
    SELECT
        e.Id,
        e.EmployeeCode,
        e.Name,
        d.Name AS Department,
        et.Name AS EmploymentType,
        l.Name AS Location,
        e.Attendance,
        e.Performance,
        e.ActiveProjects,
        e.ExperienceYears,
        e.Salary,
        e.JoiningYear,
        e.IsActive,
        e.DepartmentId,
        e.EmploymentTypeId,
        e.LocationId
    FROM Employees e
    INNER JOIN Departments d
        ON e.DepartmentId = d.Id
    INNER JOIN Locations l
        ON e.LocationId = l.Id
    INNER JOIN EmploymentTypes et
        ON e.EmploymentTypeId = et.Id

        order by e.Id
        OFFSET @offset rows
        FETCH NEXT  @size rows only 
        
[2026-08-28 16:22:31] [INF] Fetched 10 employees from page 26 with total 100000
[2026-08-28 16:22:31] [INF] HTTP GET /api/employees/paginated responded 200 in 38.7454 ms
[2026-08-28 16:22:34] [INF] Query Executed 
    SELECT
        e.Id,
        e.EmployeeCode,
        e.Name,
        d.Name AS Department,
        et.Name AS EmploymentType,
        l.Name AS Location,
        e.Attendance,
        e.Performance,
        e.ActiveProjects,
        e.ExperienceYears,
        e.Salary,
        e.JoiningYear,
        e.IsActive,
        e.DepartmentId,
        e.EmploymentTypeId,
        e.LocationId
    FROM Employees e
    INNER JOIN Departments d
        ON e.DepartmentId = d.Id
    INNER JOIN Locations l
        ON e.LocationId = l.Id
    INNER JOIN EmploymentTypes et
        ON e.EmploymentTypeId = et.Id

        order by e.Id
        OFFSET @offset rows
        FETCH NEXT  @size rows only 
        
[2026-08-28 16:22:34] [INF] Fetched 10 employees from page 26 with total 100000
[2026-08-28 16:22:34] [INF] HTTP GET /api/employees/paginated responded 200 in 45.7987 ms
[2026-08-28 16:22:34] [INF] Query Executed 
    SELECT
        e.Id,
        e.EmployeeCode,
        e.Name,
        d.Name AS Department,
        et.Name AS EmploymentType,
        l.Name AS Location,
        e.Attendance,
        e.Performance,
        e.ActiveProjects,
        e.ExperienceYears,
        e.Salary,
        e.JoiningYear,
        e.IsActive,
        e.DepartmentId,
        e.EmploymentTypeId,
        e.LocationId
    FROM Employees e
    INNER JOIN Departments d
        ON e.DepartmentId = d.Id
    INNER JOIN Locations l
        ON e.LocationId = l.Id
    INNER JOIN EmploymentTypes et
        ON e.EmploymentTypeId = et.Id

        order by e.Id
        OFFSET @offset rows
        FETCH NEXT  @size rows only 
        
[2026-08-28 16:22:34] [INF] Fetched 10 employees from page 27 with total 100000
[2026-08-28 16:22:34] [INF] HTTP GET /api/employees/paginated responded 200 in 43.3509 ms
[2026-08-28 16:22:34] [INF] Query Executed 
    SELECT
        e.Id,
        e.EmployeeCode,
        e.Name,
        d.Name AS Department,
        et.Name AS EmploymentType,
        l.Name AS Location,
        e.Attendance,
        e.Performance,
        e.ActiveProjects,
        e.ExperienceYears,
        e.Salary,
        e.JoiningYear,
        e.IsActive,
        e.DepartmentId,
        e.EmploymentTypeId,
        e.LocationId
    FROM Employees e
    INNER JOIN Departments d
        ON e.DepartmentId = d.Id
    INNER JOIN Locations l
        ON e.LocationId = l.Id
    INNER JOIN EmploymentTypes et
        ON e.EmploymentTypeId = et.Id

        order by e.Id
        OFFSET @offset rows
        FETCH NEXT  @size rows only 
        
[2026-08-28 16:22:34] [INF] Fetched 10 employees from page 27 with total 100000
[2026-08-28 16:22:34] [INF] HTTP GET /api/employees/paginated responded 200 in 47.9089 ms
[2026-08-28 16:22:34] [INF] Query Executed 
    SELECT
        e.Id,
        e.EmployeeCode,
        e.Name,
        d.Name AS Department,
        et.Name AS EmploymentType,
        l.Name AS Location,
        e.Attendance,
        e.Performance,
        e.ActiveProjects,
        e.ExperienceYears,
        e.Salary,
        e.JoiningYear,
        e.IsActive,
        e.DepartmentId,
        e.EmploymentTypeId,
        e.LocationId
    FROM Employees e
    INNER JOIN Departments d
        ON e.DepartmentId = d.Id
    INNER JOIN Locations l
        ON e.LocationId = l.Id
    INNER JOIN EmploymentTypes et
        ON e.EmploymentTypeId = et.Id

        order by e.Id
        OFFSET @offset rows
        FETCH NEXT  @size rows only 
        
[2026-08-28 16:22:34] [INF] Fetched 10 employees from page 30 with total 100000
[2026-08-28 16:22:34] [INF] HTTP GET /api/employees/paginated responded 200 in 41.4344 ms
[2026-08-28 16:22:34] [INF] Query Executed 
    SELECT
        e.Id,
        e.EmployeeCode,
        e.Name,
        d.Name AS Department,
        et.Name AS EmploymentType,
        l.Name AS Location,
        e.Attendance,
        e.Performance,
        e.ActiveProjects,
        e.ExperienceYears,
        e.Salary,
        e.JoiningYear,
        e.IsActive,
        e.DepartmentId,
        e.EmploymentTypeId,
        e.LocationId
    FROM Employees e
    INNER JOIN Departments d
        ON e.DepartmentId = d.Id
    INNER JOIN Locations l
        ON e.LocationId = l.Id
    INNER JOIN EmploymentTypes et
        ON e.EmploymentTypeId = et.Id

        order by e.Id
        OFFSET @offset rows
        FETCH NEXT  @size rows only 
        
[2026-08-28 16:22:34] [INF] Fetched 10 employees from page 31 with total 100000
[2026-08-28 16:22:34] [INF] HTTP GET /api/employees/paginated responded 200 in 42.3064 ms
[2026-08-28 16:22:34] [INF] Query Executed 
    SELECT
        e.Id,
        e.EmployeeCode,
        e.Name,
        d.Name AS Department,
        et.Name AS EmploymentType,
        l.Name AS Location,
        e.Attendance,
        e.Performance,
        e.ActiveProjects,
        e.ExperienceYears,
        e.Salary,
        e.JoiningYear,
        e.IsActive,
        e.DepartmentId,
        e.EmploymentTypeId,
        e.LocationId
    FROM Employees e
    INNER JOIN Departments d
        ON e.DepartmentId = d.Id
    INNER JOIN Locations l
        ON e.LocationId = l.Id
    INNER JOIN EmploymentTypes et
        ON e.EmploymentTypeId = et.Id

        order by e.Id
        OFFSET @offset rows
        FETCH NEXT  @size rows only 
        
[2026-08-28 16:22:34] [INF] Fetched 10 employees from page 32 with total 100000
[2026-08-28 16:22:34] [INF] HTTP GET /api/employees/paginated responded 200 in 43.3841 ms
[2026-08-28 16:22:34] [INF] Query Executed 
    SELECT
        e.Id,
        e.EmployeeCode,
        e.Name,
        d.Name AS Department,
        et.Name AS EmploymentType,
        l.Name AS Location,
        e.Attendance,
        e.Performance,
        e.ActiveProjects,
        e.ExperienceYears,
        e.Salary,
        e.JoiningYear,
        e.IsActive,
        e.DepartmentId,
        e.EmploymentTypeId,
        e.LocationId
    FROM Employees e
    INNER JOIN Departments d
        ON e.DepartmentId = d.Id
    INNER JOIN Locations l
        ON e.LocationId = l.Id
    INNER JOIN EmploymentTypes et
        ON e.EmploymentTypeId = et.Id

        order by e.Id
        OFFSET @offset rows
        FETCH NEXT  @size rows only 
        
[2026-08-28 16:22:34] [INF] Fetched 10 employees from page 32 with total 100000
[2026-08-28 16:22:34] [INF] HTTP GET /api/employees/paginated responded 200 in 46.0511 ms
[2026-08-28 16:22:35] [INF] Query Executed 
    SELECT
        e.Id,
        e.EmployeeCode,
        e.Name,
        d.Name AS Department,
        et.Name AS EmploymentType,
        l.Name AS Location,
        e.Attendance,
        e.Performance,
        e.ActiveProjects,
        e.ExperienceYears,
        e.Salary,
        e.JoiningYear,
        e.IsActive,
        e.DepartmentId,
        e.EmploymentTypeId,
        e.LocationId
    FROM Employees e
    INNER JOIN Departments d
        ON e.DepartmentId = d.Id
    INNER JOIN Locations l
        ON e.LocationId = l.Id
    INNER JOIN EmploymentTypes et
        ON e.EmploymentTypeId = et.Id

        order by e.Id
        OFFSET @offset rows
        FETCH NEXT  @size rows only 
        
[2026-08-28 16:22:35] [INF] Fetched 10 employees from page 35 with total 100000
[2026-08-28 16:22:35] [INF] HTTP GET /api/employees/paginated responded 200 in 50.1870 ms
[2026-08-28 16:22:35] [INF] Query Executed 
    SELECT
        e.Id,
        e.EmployeeCode,
        e.Name,
        d.Name AS Department,
        et.Name AS EmploymentType,
        l.Name AS Location,
        e.Attendance,
        e.Performance,
        e.ActiveProjects,
        e.ExperienceYears,
        e.Salary,
        e.JoiningYear,
        e.IsActive,
        e.DepartmentId,
        e.EmploymentTypeId,
        e.LocationId
    FROM Employees e
    INNER JOIN Departments d
        ON e.DepartmentId = d.Id
    INNER JOIN Locations l
        ON e.LocationId = l.Id
    INNER JOIN EmploymentTypes et
        ON e.EmploymentTypeId = et.Id

        order by e.Id
        OFFSET @offset rows
        FETCH NEXT  @size rows only 
        
[2026-08-28 16:22:35] [INF] Fetched 10 employees from page 36 with total 100000
[2026-08-28 16:22:35] [INF] HTTP GET /api/employees/paginated responded 200 in 42.8261 ms
[2026-08-28 16:22:35] [INF] Query Executed 
    SELECT
        e.Id,
        e.EmployeeCode,
        e.Name,
        d.Name AS Department,
        et.Name AS EmploymentType,
        l.Name AS Location,
        e.Attendance,
        e.Performance,
        e.ActiveProjects,
        e.ExperienceYears,
        e.Salary,
        e.JoiningYear,
        e.IsActive,
        e.DepartmentId,
        e.EmploymentTypeId,
        e.LocationId
    FROM Employees e
    INNER JOIN Departments d
        ON e.DepartmentId = d.Id
    INNER JOIN Locations l
        ON e.LocationId = l.Id
    INNER JOIN EmploymentTypes et
        ON e.EmploymentTypeId = et.Id

        order by e.Id
        OFFSET @offset rows
        FETCH NEXT  @size rows only 
        
[2026-08-28 16:22:35] [INF] Fetched 10 employees from page 38 with total 100000
[2026-08-28 16:22:35] [INF] HTTP GET /api/employees/paginated responded 200 in 41.2722 ms
[2026-08-28 16:22:35] [INF] Query Executed 
    SELECT
        e.Id,
        e.EmployeeCode,
        e.Name,
        d.Name AS Department,
        et.Name AS EmploymentType,
        l.Name AS Location,
        e.Attendance,
        e.Performance,
        e.ActiveProjects,
        e.ExperienceYears,
        e.Salary,
        e.JoiningYear,
        e.IsActive,
        e.DepartmentId,
        e.EmploymentTypeId,
        e.LocationId
    FROM Employees e
    INNER JOIN Departments d
        ON e.DepartmentId = d.Id
    INNER JOIN Locations l
        ON e.LocationId = l.Id
    INNER JOIN EmploymentTypes et
        ON e.EmploymentTypeId = et.Id

        order by e.Id
        OFFSET @offset rows
        FETCH NEXT  @size rows only 
        
[2026-08-28 16:22:35] [INF] Fetched 10 employees from page 41 with total 100000
[2026-08-28 16:22:35] [INF] HTTP GET /api/employees/paginated responded 200 in 45.1997 ms
[2026-08-28 16:22:35] [INF] Query Executed 
    SELECT
        e.Id,
        e.EmployeeCode,
        e.Name,
        d.Name AS Department,
        et.Name AS EmploymentType,
        l.Name AS Location,
        e.Attendance,
        e.Performance,
        e.ActiveProjects,
        e.ExperienceYears,
        e.Salary,
        e.JoiningYear,
        e.IsActive,
        e.DepartmentId,
        e.EmploymentTypeId,
        e.LocationId
    FROM Employees e
    INNER JOIN Departments d
        ON e.DepartmentId = d.Id
    INNER JOIN Locations l
        ON e.LocationId = l.Id
    INNER JOIN EmploymentTypes et
        ON e.EmploymentTypeId = et.Id

        order by e.Id
        OFFSET @offset rows
        FETCH NEXT  @size rows only 
        
[2026-08-28 16:22:35] [INF] Fetched 10 employees from page 41 with total 100000
[2026-08-28 16:22:35] [INF] HTTP GET /api/employees/paginated responded 200 in 42.4974 ms
[2026-08-28 16:22:35] [INF] Query Executed 
    SELECT
        e.Id,
        e.EmployeeCode,
        e.Name,
        d.Name AS Department,
        et.Name AS EmploymentType,
        l.Name AS Location,
        e.Attendance,
        e.Performance,
        e.ActiveProjects,
        e.ExperienceYears,
        e.Salary,
        e.JoiningYear,
        e.IsActive,
        e.DepartmentId,
        e.EmploymentTypeId,
        e.LocationId
    FROM Employees e
    INNER JOIN Departments d
        ON e.DepartmentId = d.Id
    INNER JOIN Locations l
        ON e.LocationId = l.Id
    INNER JOIN EmploymentTypes et
        ON e.EmploymentTypeId = et.Id

        order by e.Id
        OFFSET @offset rows
        FETCH NEXT  @size rows only 
        
[2026-08-28 16:22:35] [INF] Fetched 10 employees from page 43 with total 100000
[2026-08-28 16:22:35] [INF] HTTP GET /api/employees/paginated responded 200 in 43.1317 ms
[2026-08-28 16:22:35] [INF] Query Executed 
    SELECT
        e.Id,
        e.EmployeeCode,
        e.Name,
        d.Name AS Department,
        et.Name AS EmploymentType,
        l.Name AS Location,
        e.Attendance,
        e.Performance,
        e.ActiveProjects,
        e.ExperienceYears,
        e.Salary,
        e.JoiningYear,
        e.IsActive,
        e.DepartmentId,
        e.EmploymentTypeId,
        e.LocationId
    FROM Employees e
    INNER JOIN Departments d
        ON e.DepartmentId = d.Id
    INNER JOIN Locations l
        ON e.LocationId = l.Id
    INNER JOIN EmploymentTypes et
        ON e.EmploymentTypeId = et.Id

        order by e.Id
        OFFSET @offset rows
        FETCH NEXT  @size rows only 
        
[2026-08-28 16:22:35] [INF] Fetched 10 employees from page 45 with total 100000
[2026-08-28 16:22:35] [INF] HTTP GET /api/employees/paginated responded 200 in 45.0269 ms
[2026-08-28 16:22:35] [INF] Query Executed 
    SELECT
        e.Id,
        e.EmployeeCode,
        e.Name,
        d.Name AS Department,
        et.Name AS EmploymentType,
        l.Name AS Location,
        e.Attendance,
        e.Performance,
        e.ActiveProjects,
        e.ExperienceYears,
        e.Salary,
        e.JoiningYear,
        e.IsActive,
        e.DepartmentId,
        e.EmploymentTypeId,
        e.LocationId
    FROM Employees e
    INNER JOIN Departments d
        ON e.DepartmentId = d.Id
    INNER JOIN Locations l
        ON e.LocationId = l.Id
    INNER JOIN EmploymentTypes et
        ON e.EmploymentTypeId = et.Id

        order by e.Id
        OFFSET @offset rows
        FETCH NEXT  @size rows only 
        
[2026-08-28 16:22:35] [INF] Query Executed 
    SELECT
        e.Id,
        e.EmployeeCode,
        e.Name,
        d.Name AS Department,
        et.Name AS EmploymentType,
        l.Name AS Location,
        e.Attendance,
        e.Performance,
        e.ActiveProjects,
        e.ExperienceYears,
        e.Salary,
        e.JoiningYear,
        e.IsActive,
        e.DepartmentId,
        e.EmploymentTypeId,
        e.LocationId
    FROM Employees e
    INNER JOIN Departments d
        ON e.DepartmentId = d.Id
    INNER JOIN Locations l
        ON e.LocationId = l.Id
    INNER JOIN EmploymentTypes et
        ON e.EmploymentTypeId = et.Id

        order by e.Id
        OFFSET @offset rows
        FETCH NEXT  @size rows only 
        
[2026-08-28 16:22:35] [INF] Fetched 10 employees from page 50 with total 100000
[2026-08-28 16:22:35] [INF] HTTP GET /api/employees/paginated responded 200 in 96.7163 ms
[2026-08-28 16:22:35] [INF] Query Executed 
    SELECT
        e.Id,
        e.EmployeeCode,
        e.Name,
        d.Name AS Department,
        et.Name AS EmploymentType,
        l.Name AS Location,
        e.Attendance,
        e.Performance,
        e.ActiveProjects,
        e.ExperienceYears,
        e.Salary,
        e.JoiningYear,
        e.IsActive,
        e.DepartmentId,
        e.EmploymentTypeId,
        e.LocationId
    FROM Employees e
    INNER JOIN Departments d
        ON e.DepartmentId = d.Id
    INNER JOIN Locations l
        ON e.LocationId = l.Id
    INNER JOIN EmploymentTypes et
        ON e.EmploymentTypeId = et.Id

        order by e.Id
        OFFSET @offset rows
        FETCH NEXT  @size rows only 
        
[2026-08-28 16:22:35] [INF] Fetched 10 employees from page 54 with total 100000
[2026-08-28 16:22:35] [INF] HTTP GET /api/employees/paginated responded 200 in 122.8418 ms
[2026-08-28 16:22:35] [INF] Fetched 10 employees from page 56 with total 100000
[2026-08-28 16:22:35] [INF] HTTP GET /api/employees/paginated responded 200 in 166.2410 ms
[2026-08-28 16:22:35] [INF] Query Executed 
    SELECT
        e.Id,
        e.EmployeeCode,
        e.Name,
        d.Name AS Department,
        et.Name AS EmploymentType,
        l.Name AS Location,
        e.Attendance,
        e.Performance,
        e.ActiveProjects,
        e.ExperienceYears,
        e.Salary,
        e.JoiningYear,
        e.IsActive,
        e.DepartmentId,
        e.EmploymentTypeId,
        e.LocationId
    FROM Employees e
    INNER JOIN Departments d
        ON e.DepartmentId = d.Id
    INNER JOIN Locations l
        ON e.LocationId = l.Id
    INNER JOIN EmploymentTypes et
        ON e.EmploymentTypeId = et.Id

        order by e.Id
        OFFSET @offset rows
        FETCH NEXT  @size rows only 
        
[2026-08-28 16:22:35] [INF] Fetched 10 employees from page 57 with total 100000
[2026-08-28 16:22:35] [INF] HTTP GET /api/employees/paginated responded 200 in 45.7104 ms
[2026-08-28 16:22:35] [INF] Query Executed 
    SELECT
        e.Id,
        e.EmployeeCode,
        e.Name,
        d.Name AS Department,
        et.Name AS EmploymentType,
        l.Name AS Location,
        e.Attendance,
        e.Performance,
        e.ActiveProjects,
        e.ExperienceYears,
        e.Salary,
        e.JoiningYear,
        e.IsActive,
        e.DepartmentId,
        e.EmploymentTypeId,
        e.LocationId
    FROM Employees e
    INNER JOIN Departments d
        ON e.DepartmentId = d.Id
    INNER JOIN Locations l
        ON e.LocationId = l.Id
    INNER JOIN EmploymentTypes et
        ON e.EmploymentTypeId = et.Id

        order by e.Id
        OFFSET @offset rows
        FETCH NEXT  @size rows only 
        
[2026-08-28 16:22:35] [INF] Fetched 10 employees from page 66 with total 100000
[2026-08-28 16:22:35] [INF] HTTP GET /api/employees/paginated responded 200 in 41.7621 ms
[2026-08-28 16:22:35] [INF] Query Executed 
    SELECT
        e.Id,
        e.EmployeeCode,
        e.Name,
        d.Name AS Department,
        et.Name AS EmploymentType,
        l.Name AS Location,
        e.Attendance,
        e.Performance,
        e.ActiveProjects,
        e.ExperienceYears,
        e.Salary,
        e.JoiningYear,
        e.IsActive,
        e.DepartmentId,
        e.EmploymentTypeId,
        e.LocationId
    FROM Employees e
    INNER JOIN Departments d
        ON e.DepartmentId = d.Id
    INNER JOIN Locations l
        ON e.LocationId = l.Id
    INNER JOIN EmploymentTypes et
        ON e.EmploymentTypeId = et.Id

        order by e.Id
        OFFSET @offset rows
        FETCH NEXT  @size rows only 
        
[2026-08-28 16:22:36] [INF] Query Executed 
    SELECT
        e.Id,
        e.EmployeeCode,
        e.Name,
        d.Name AS Department,
        et.Name AS EmploymentType,
        l.Name AS Location,
        e.Attendance,
        e.Performance,
        e.ActiveProjects,
        e.ExperienceYears,
        e.Salary,
        e.JoiningYear,
        e.IsActive,
        e.DepartmentId,
        e.EmploymentTypeId,
        e.LocationId
    FROM Employees e
    INNER JOIN Departments d
        ON e.DepartmentId = d.Id
    INNER JOIN Locations l
        ON e.LocationId = l.Id
    INNER JOIN EmploymentTypes et
        ON e.EmploymentTypeId = et.Id

        order by e.Id
        OFFSET @offset rows
        FETCH NEXT  @size rows only 
        
[2026-08-28 16:22:36] [INF] Fetched 10 employees from page 69 with total 100000
[2026-08-28 16:22:36] [INF] HTTP GET /api/employees/paginated responded 200 in 46.4199 ms
[2026-08-28 16:22:36] [INF] Fetched 10 employees from page 71 with total 100000
[2026-08-28 16:22:36] [INF] HTTP GET /api/employees/paginated responded 200 in 50.6834 ms
[2026-08-28 16:22:36] [INF] Query Executed 
    SELECT
        e.Id,
        e.EmployeeCode,
        e.Name,
        d.Name AS Department,
        et.Name AS EmploymentType,
        l.Name AS Location,
        e.Attendance,
        e.Performance,
        e.ActiveProjects,
        e.ExperienceYears,
        e.Salary,
        e.JoiningYear,
        e.IsActive,
        e.DepartmentId,
        e.EmploymentTypeId,
        e.LocationId
    FROM Employees e
    INNER JOIN Departments d
        ON e.DepartmentId = d.Id
    INNER JOIN Locations l
        ON e.LocationId = l.Id
    INNER JOIN EmploymentTypes et
        ON e.EmploymentTypeId = et.Id

        order by e.Id
        OFFSET @offset rows
        FETCH NEXT  @size rows only 
        
[2026-08-28 16:22:36] [INF] Fetched 10 employees from page 71 with total 100000
[2026-08-28 16:22:36] [INF] HTTP GET /api/employees/paginated responded 200 in 42.3850 ms
[2026-08-28 16:22:36] [INF] Query Executed 
    SELECT
        e.Id,
        e.EmployeeCode,
        e.Name,
        d.Name AS Department,
        et.Name AS EmploymentType,
        l.Name AS Location,
        e.Attendance,
        e.Performance,
        e.ActiveProjects,
        e.ExperienceYears,
        e.Salary,
        e.JoiningYear,
        e.IsActive,
        e.DepartmentId,
        e.EmploymentTypeId,
        e.LocationId
    FROM Employees e
    INNER JOIN Departments d
        ON e.DepartmentId = d.Id
    INNER JOIN Locations l
        ON e.LocationId = l.Id
    INNER JOIN EmploymentTypes et
        ON e.EmploymentTypeId = et.Id

        order by e.Id
        OFFSET @offset rows
        FETCH NEXT  @size rows only 
        
[2026-08-28 16:22:36] [INF] Fetched 10 employees from page 73 with total 100000
[2026-08-28 16:22:36] [INF] HTTP GET /api/employees/paginated responded 200 in 40.4944 ms
[2026-08-28 16:22:36] [INF] Query Executed 
    SELECT
        e.Id,
        e.EmployeeCode,
        e.Name,
        d.Name AS Department,
        et.Name AS EmploymentType,
        l.Name AS Location,
        e.Attendance,
        e.Performance,
        e.ActiveProjects,
        e.ExperienceYears,
        e.Salary,
        e.JoiningYear,
        e.IsActive,
        e.DepartmentId,
        e.EmploymentTypeId,
        e.LocationId
    FROM Employees e
    INNER JOIN Departments d
        ON e.DepartmentId = d.Id
    INNER JOIN Locations l
        ON e.LocationId = l.Id
    INNER JOIN EmploymentTypes et
        ON e.EmploymentTypeId = et.Id

        order by e.Id
        OFFSET @offset rows
        FETCH NEXT  @size rows only 
        
[2026-08-28 16:22:36] [INF] Fetched 10 employees from page 78 with total 100000
[2026-08-28 16:22:36] [INF] HTTP GET /api/employees/paginated responded 200 in 52.8433 ms
[2026-08-28 16:22:36] [INF] Query Executed 
    SELECT
        e.Id,
        e.EmployeeCode,
        e.Name,
        d.Name AS Department,
        et.Name AS EmploymentType,
        l.Name AS Location,
        e.Attendance,
        e.Performance,
        e.ActiveProjects,
        e.ExperienceYears,
        e.Salary,
        e.JoiningYear,
        e.IsActive,
        e.DepartmentId,
        e.EmploymentTypeId,
        e.LocationId
    FROM Employees e
    INNER JOIN Departments d
        ON e.DepartmentId = d.Id
    INNER JOIN Locations l
        ON e.LocationId = l.Id
    INNER JOIN EmploymentTypes et
        ON e.EmploymentTypeId = et.Id

        order by e.Id
        OFFSET @offset rows
        FETCH NEXT  @size rows only 
        
[2026-08-28 16:22:36] [INF] Query Executed 
    SELECT
        e.Id,
        e.EmployeeCode,
        e.Name,
        d.Name AS Department,
        et.Name AS EmploymentType,
        l.Name AS Location,
        e.Attendance,
        e.Performance,
        e.ActiveProjects,
        e.ExperienceYears,
        e.Salary,
        e.JoiningYear,
        e.IsActive,
        e.DepartmentId,
        e.EmploymentTypeId,
        e.LocationId
    FROM Employees e
    INNER JOIN Departments d
        ON e.DepartmentId = d.Id
    INNER JOIN Locations l
        ON e.LocationId = l.Id
    INNER JOIN EmploymentTypes et
        ON e.EmploymentTypeId = et.Id

        order by e.Id
        OFFSET @offset rows
        FETCH NEXT  @size rows only 
        
[2026-08-28 16:22:36] [INF] Fetched 10 employees from page 84 with total 100000
[2026-08-28 16:22:36] [INF] HTTP GET /api/employees/paginated responded 200 in 40.0015 ms
[2026-08-28 16:22:36] [INF] Fetched 10 employees from page 86 with total 100000
[2026-08-28 16:22:36] [INF] HTTP GET /api/employees/paginated responded 200 in 38.2982 ms
[2026-08-28 16:22:36] [INF] Query Executed 
    SELECT
        e.Id,
        e.EmployeeCode,
        e.Name,
        d.Name AS Department,
        et.Name AS EmploymentType,
        l.Name AS Location,
        e.Attendance,
        e.Performance,
        e.ActiveProjects,
        e.ExperienceYears,
        e.Salary,
        e.JoiningYear,
        e.IsActive,
        e.DepartmentId,
        e.EmploymentTypeId,
        e.LocationId
    FROM Employees e
    INNER JOIN Departments d
        ON e.DepartmentId = d.Id
    INNER JOIN Locations l
        ON e.LocationId = l.Id
    INNER JOIN EmploymentTypes et
        ON e.EmploymentTypeId = et.Id

        order by e.Id
        OFFSET @offset rows
        FETCH NEXT  @size rows only 
        
[2026-08-28 16:22:36] [INF] Fetched 10 employees from page 87 with total 100000
[2026-08-28 16:22:36] [INF] HTTP GET /api/employees/paginated responded 200 in 40.7316 ms
[2026-08-28 16:22:36] [INF] Query Executed 
    SELECT
        e.Id,
        e.EmployeeCode,
        e.Name,
        d.Name AS Department,
        et.Name AS EmploymentType,
        l.Name AS Location,
        e.Attendance,
        e.Performance,
        e.ActiveProjects,
        e.ExperienceYears,
        e.Salary,
        e.JoiningYear,
        e.IsActive,
        e.DepartmentId,
        e.EmploymentTypeId,
        e.LocationId
    FROM Employees e
    INNER JOIN Departments d
        ON e.DepartmentId = d.Id
    INNER JOIN Locations l
        ON e.LocationId = l.Id
    INNER JOIN EmploymentTypes et
        ON e.EmploymentTypeId = et.Id

        order by e.Id
        OFFSET @offset rows
        FETCH NEXT  @size rows only 
        
[2026-08-28 16:22:36] [INF] Fetched 10 employees from page 88 with total 100000
[2026-08-28 16:22:36] [INF] HTTP GET /api/employees/paginated responded 200 in 37.3635 ms
[2026-08-28 16:22:36] [INF] Query Executed 
    SELECT
        e.Id,
        e.EmployeeCode,
        e.Name,
        d.Name AS Department,
        et.Name AS EmploymentType,
        l.Name AS Location,
        e.Attendance,
        e.Performance,
        e.ActiveProjects,
        e.ExperienceYears,
        e.Salary,
        e.JoiningYear,
        e.IsActive,
        e.DepartmentId,
        e.EmploymentTypeId,
        e.LocationId
    FROM Employees e
    INNER JOIN Departments d
        ON e.DepartmentId = d.Id
    INNER JOIN Locations l
        ON e.LocationId = l.Id
    INNER JOIN EmploymentTypes et
        ON e.EmploymentTypeId = et.Id

        order by e.Id
        OFFSET @offset rows
        FETCH NEXT  @size rows only 
        
[2026-08-28 16:22:36] [INF] Fetched 10 employees from page 100 with total 100000
[2026-08-28 16:22:36] [INF] HTTP GET /api/employees/paginated responded 200 in 41.1571 ms
[2026-08-28 16:22:36] [INF] Query Executed 
    SELECT
        e.Id,
        e.EmployeeCode,
        e.Name,
        d.Name AS Department,
        et.Name AS EmploymentType,
        l.Name AS Location,
        e.Attendance,
        e.Performance,
        e.ActiveProjects,
        e.ExperienceYears,
        e.Salary,
        e.JoiningYear,
        e.IsActive,
        e.DepartmentId,
        e.EmploymentTypeId,
        e.LocationId
    FROM Employees e
    INNER JOIN Departments d
        ON e.DepartmentId = d.Id
    INNER JOIN Locations l
        ON e.LocationId = l.Id
    INNER JOIN EmploymentTypes et
        ON e.EmploymentTypeId = et.Id

        order by e.Id
        OFFSET @offset rows
        FETCH NEXT  @size rows only 
        
[2026-08-28 16:22:36] [INF] Fetched 10 employees from page 101 with total 100000
[2026-08-28 16:22:36] [INF] HTTP GET /api/employees/paginated responded 200 in 38.1994 ms
[2026-08-28 16:22:36] [INF] Query Executed 
    SELECT
        e.Id,
        e.EmployeeCode,
        e.Name,
        d.Name AS Department,
        et.Name AS EmploymentType,
        l.Name AS Location,
        e.Attendance,
        e.Performance,
        e.ActiveProjects,
        e.ExperienceYears,
        e.Salary,
        e.JoiningYear,
        e.IsActive,
        e.DepartmentId,
        e.EmploymentTypeId,
        e.LocationId
    FROM Employees e
    INNER JOIN Departments d
        ON e.DepartmentId = d.Id
    INNER JOIN Locations l
        ON e.LocationId = l.Id
    INNER JOIN EmploymentTypes et
        ON e.EmploymentTypeId = et.Id

        order by e.Id
        OFFSET @offset rows
        FETCH NEXT  @size rows only 
        
[2026-08-28 16:22:36] [INF] Fetched 10 employees from page 101 with total 100000
[2026-08-28 16:22:36] [INF] HTTP GET /api/employees/paginated responded 200 in 41.9460 ms
[2026-08-28 16:22:36] [INF] Query Executed 
    SELECT
        e.Id,
        e.EmployeeCode,
        e.Name,
        d.Name AS Department,
        et.Name AS EmploymentType,
        l.Name AS Location,
        e.Attendance,
        e.Performance,
        e.ActiveProjects,
        e.ExperienceYears,
        e.Salary,
        e.JoiningYear,
        e.IsActive,
        e.DepartmentId,
        e.EmploymentTypeId,
        e.LocationId
    FROM Employees e
    INNER JOIN Departments d
        ON e.DepartmentId = d.Id
    INNER JOIN Locations l
        ON e.LocationId = l.Id
    INNER JOIN EmploymentTypes et
        ON e.EmploymentTypeId = et.Id

        order by e.Id
        OFFSET @offset rows
        FETCH NEXT  @size rows only 
        
[2026-08-28 16:22:36] [INF] Fetched 10 employees from page 102 with total 100000
[2026-08-28 16:22:36] [INF] HTTP GET /api/employees/paginated responded 200 in 39.0276 ms
[2026-08-28 16:22:36] [INF] Query Executed 
    SELECT
        e.Id,
        e.EmployeeCode,
        e.Name,
        d.Name AS Department,
        et.Name AS EmploymentType,
        l.Name AS Location,
        e.Attendance,
        e.Performance,
        e.ActiveProjects,
        e.ExperienceYears,
        e.Salary,
        e.JoiningYear,
        e.IsActive,
        e.DepartmentId,
        e.EmploymentTypeId,
        e.LocationId
    FROM Employees e
    INNER JOIN Departments d
        ON e.DepartmentId = d.Id
    INNER JOIN Locations l
        ON e.LocationId = l.Id
    INNER JOIN EmploymentTypes et
        ON e.EmploymentTypeId = et.Id

        order by e.Id
        OFFSET @offset rows
        FETCH NEXT  @size rows only 
        
[2026-08-28 16:22:36] [INF] Fetched 10 employees from page 104 with total 100000
[2026-08-28 16:22:36] [INF] HTTP GET /api/employees/paginated responded 200 in 41.2366 ms
[2026-08-28 16:22:36] [INF] Query Executed 
    SELECT
        e.Id,
        e.EmployeeCode,
        e.Name,
        d.Name AS Department,
        et.Name AS EmploymentType,
        l.Name AS Location,
        e.Attendance,
        e.Performance,
        e.ActiveProjects,
        e.ExperienceYears,
        e.Salary,
        e.JoiningYear,
        e.IsActive,
        e.DepartmentId,
        e.EmploymentTypeId,
        e.LocationId
    FROM Employees e
    INNER JOIN Departments d
        ON e.DepartmentId = d.Id
    INNER JOIN Locations l
        ON e.LocationId = l.Id
    INNER JOIN EmploymentTypes et
        ON e.EmploymentTypeId = et.Id

        order by e.Id
        OFFSET @offset rows
        FETCH NEXT  @size rows only 
        
[2026-08-28 16:22:36] [INF] Fetched 10 employees from page 106 with total 100000
[2026-08-28 16:22:36] [INF] HTTP GET /api/employees/paginated responded 200 in 39.1906 ms
[2026-08-28 16:22:36] [INF] Query Executed 
    SELECT
        e.Id,
        e.EmployeeCode,
        e.Name,
        d.Name AS Department,
        et.Name AS EmploymentType,
        l.Name AS Location,
        e.Attendance,
        e.Performance,
        e.ActiveProjects,
        e.ExperienceYears,
        e.Salary,
        e.JoiningYear,
        e.IsActive,
        e.DepartmentId,
        e.EmploymentTypeId,
        e.LocationId
    FROM Employees e
    INNER JOIN Departments d
        ON e.DepartmentId = d.Id
    INNER JOIN Locations l
        ON e.LocationId = l.Id
    INNER JOIN EmploymentTypes et
        ON e.EmploymentTypeId = et.Id

        order by e.Id
        OFFSET @offset rows
        FETCH NEXT  @size rows only 
        
[2026-08-28 16:22:37] [INF] Query Executed 
    SELECT
        e.Id,
        e.EmployeeCode,
        e.Name,
        d.Name AS Department,
        et.Name AS EmploymentType,
        l.Name AS Location,
        e.Attendance,
        e.Performance,
        e.ActiveProjects,
        e.ExperienceYears,
        e.Salary,
        e.JoiningYear,
        e.IsActive,
        e.DepartmentId,
        e.EmploymentTypeId,
        e.LocationId
    FROM Employees e
    INNER JOIN Departments d
        ON e.DepartmentId = d.Id
    INNER JOIN Locations l
        ON e.LocationId = l.Id
    INNER JOIN EmploymentTypes et
        ON e.EmploymentTypeId = et.Id

        order by e.Id
        OFFSET @offset rows
        FETCH NEXT  @size rows only 
        
[2026-08-28 16:22:37] [INF] Fetched 10 employees from page 111 with total 100000
[2026-08-28 16:22:37] [INF] HTTP GET /api/employees/paginated responded 200 in 43.5529 ms
[2026-08-28 16:22:37] [INF] Fetched 10 employees from page 113 with total 100000
[2026-08-28 16:22:37] [INF] HTTP GET /api/employees/paginated responded 200 in 50.1641 ms
[2026-08-28 16:22:37] [INF] Query Executed 
    SELECT
        e.Id,
        e.EmployeeCode,
        e.Name,
        d.Name AS Department,
        et.Name AS EmploymentType,
        l.Name AS Location,
        e.Attendance,
        e.Performance,
        e.ActiveProjects,
        e.ExperienceYears,
        e.Salary,
        e.JoiningYear,
        e.IsActive,
        e.DepartmentId,
        e.EmploymentTypeId,
        e.LocationId
    FROM Employees e
    INNER JOIN Departments d
        ON e.DepartmentId = d.Id
    INNER JOIN Locations l
        ON e.LocationId = l.Id
    INNER JOIN EmploymentTypes et
        ON e.EmploymentTypeId = et.Id

        order by e.Id
        OFFSET @offset rows
        FETCH NEXT  @size rows only 
        
[2026-08-28 16:22:37] [INF] Fetched 10 employees from page 118 with total 100000
[2026-08-28 16:22:37] [INF] HTTP GET /api/employees/paginated responded 200 in 40.2515 ms
[2026-08-28 16:22:37] [INF] Query Executed 
    SELECT
        e.Id,
        e.EmployeeCode,
        e.Name,
        d.Name AS Department,
        et.Name AS EmploymentType,
        l.Name AS Location,
        e.Attendance,
        e.Performance,
        e.ActiveProjects,
        e.ExperienceYears,
        e.Salary,
        e.JoiningYear,
        e.IsActive,
        e.DepartmentId,
        e.EmploymentTypeId,
        e.LocationId
    FROM Employees e
    INNER JOIN Departments d
        ON e.DepartmentId = d.Id
    INNER JOIN Locations l
        ON e.LocationId = l.Id
    INNER JOIN EmploymentTypes et
        ON e.EmploymentTypeId = et.Id

        order by e.Id
        OFFSET @offset rows
        FETCH NEXT  @size rows only 
        
[2026-08-28 16:22:37] [INF] Fetched 10 employees from page 126 with total 100000
[2026-08-28 16:22:37] [INF] HTTP GET /api/employees/paginated responded 200 in 41.4303 ms
[2026-08-28 16:22:37] [INF] Query Executed 
    SELECT
        e.Id,
        e.EmployeeCode,
        e.Name,
        d.Name AS Department,
        et.Name AS EmploymentType,
        l.Name AS Location,
        e.Attendance,
        e.Performance,
        e.ActiveProjects,
        e.ExperienceYears,
        e.Salary,
        e.JoiningYear,
        e.IsActive,
        e.DepartmentId,
        e.EmploymentTypeId,
        e.LocationId
    FROM Employees e
    INNER JOIN Departments d
        ON e.DepartmentId = d.Id
    INNER JOIN Locations l
        ON e.LocationId = l.Id
    INNER JOIN EmploymentTypes et
        ON e.EmploymentTypeId = et.Id

        order by e.Id
        OFFSET @offset rows
        FETCH NEXT  @size rows only 
        
[2026-08-28 16:22:37] [INF] Query Executed 
    SELECT
        e.Id,
        e.EmployeeCode,
        e.Name,
        d.Name AS Department,
        et.Name AS EmploymentType,
        l.Name AS Location,
        e.Attendance,
        e.Performance,
        e.ActiveProjects,
        e.ExperienceYears,
        e.Salary,
        e.JoiningYear,
        e.IsActive,
        e.DepartmentId,
        e.EmploymentTypeId,
        e.LocationId
    FROM Employees e
    INNER JOIN Departments d
        ON e.DepartmentId = d.Id
    INNER JOIN Locations l
        ON e.LocationId = l.Id
    INNER JOIN EmploymentTypes et
        ON e.EmploymentTypeId = et.Id

        order by e.Id
        OFFSET @offset rows
        FETCH NEXT  @size rows only 
        
[2026-08-28 16:22:37] [INF] Fetched 10 employees from page 127 with total 100000
[2026-08-28 16:22:37] [INF] HTTP GET /api/employees/paginated responded 200 in 133.1015 ms
[2026-08-28 16:22:37] [INF] Fetched 10 employees from page 128 with total 100000
[2026-08-28 16:22:37] [INF] HTTP GET /api/employees/paginated responded 200 in 130.5814 ms
[2026-08-28 16:22:38] [INF] Query Executed 
    SELECT
        e.Id,
        e.EmployeeCode,
        e.Name,
        d.Name AS Department,
        et.Name AS EmploymentType,
        l.Name AS Location,
        e.Attendance,
        e.Performance,
        e.ActiveProjects,
        e.ExperienceYears,
        e.Salary,
        e.JoiningYear,
        e.IsActive,
        e.DepartmentId,
        e.EmploymentTypeId,
        e.LocationId
    FROM Employees e
    INNER JOIN Departments d
        ON e.DepartmentId = d.Id
    INNER JOIN Locations l
        ON e.LocationId = l.Id
    INNER JOIN EmploymentTypes et
        ON e.EmploymentTypeId = et.Id

        order by e.Id
        OFFSET @offset rows
        FETCH NEXT  @size rows only 
        
[2026-08-28 16:22:38] [INF] Fetched 10 employees from page 128 with total 100000
[2026-08-28 16:22:38] [INF] HTTP GET /api/employees/paginated responded 200 in 49.3511 ms
[2026-08-28 16:22:38] [INF] Query Executed 
    SELECT
        e.Id,
        e.EmployeeCode,
        e.Name,
        d.Name AS Department,
        et.Name AS EmploymentType,
        l.Name AS Location,
        e.Attendance,
        e.Performance,
        e.ActiveProjects,
        e.ExperienceYears,
        e.Salary,
        e.JoiningYear,
        e.IsActive,
        e.DepartmentId,
        e.EmploymentTypeId,
        e.LocationId
    FROM Employees e
    INNER JOIN Departments d
        ON e.DepartmentId = d.Id
    INNER JOIN Locations l
        ON e.LocationId = l.Id
    INNER JOIN EmploymentTypes et
        ON e.EmploymentTypeId = et.Id

        order by e.Id
        OFFSET @offset rows
        FETCH NEXT  @size rows only 
        
[2026-08-28 16:22:38] [INF] Fetched 10 employees from page 128 with total 100000
[2026-08-28 16:22:38] [INF] HTTP GET /api/employees/paginated responded 200 in 45.0717 ms
[2026-08-28 16:22:38] [INF] Query Executed 
    SELECT
        e.Id,
        e.EmployeeCode,
        e.Name,
        d.Name AS Department,
        et.Name AS EmploymentType,
        l.Name AS Location,
        e.Attendance,
        e.Performance,
        e.ActiveProjects,
        e.ExperienceYears,
        e.Salary,
        e.JoiningYear,
        e.IsActive,
        e.DepartmentId,
        e.EmploymentTypeId,
        e.LocationId
    FROM Employees e
    INNER JOIN Departments d
        ON e.DepartmentId = d.Id
    INNER JOIN Locations l
        ON e.LocationId = l.Id
    INNER JOIN EmploymentTypes et
        ON e.EmploymentTypeId = et.Id

        order by e.Id
        OFFSET @offset rows
        FETCH NEXT  @size rows only 
        
[2026-08-28 16:22:38] [INF] Fetched 10 employees from page 129 with total 100000
[2026-08-28 16:22:38] [INF] HTTP GET /api/employees/paginated responded 200 in 41.5536 ms
[2026-08-28 16:22:38] [INF] Query Executed 
    SELECT
        e.Id,
        e.EmployeeCode,
        e.Name,
        d.Name AS Department,
        et.Name AS EmploymentType,
        l.Name AS Location,
        e.Attendance,
        e.Performance,
        e.ActiveProjects,
        e.ExperienceYears,
        e.Salary,
        e.JoiningYear,
        e.IsActive,
        e.DepartmentId,
        e.EmploymentTypeId,
        e.LocationId
    FROM Employees e
    INNER JOIN Departments d
        ON e.DepartmentId = d.Id
    INNER JOIN Locations l
        ON e.LocationId = l.Id
    INNER JOIN EmploymentTypes et
        ON e.EmploymentTypeId = et.Id

        order by e.Id
        OFFSET @offset rows
        FETCH NEXT  @size rows only 
        
[2026-08-28 16:22:38] [INF] Fetched 10 employees from page 143 with total 100000
[2026-08-28 16:22:38] [INF] HTTP GET /api/employees/paginated responded 200 in 61.7111 ms
[2026-08-28 16:22:38] [INF] Query Executed 
    SELECT
        e.Id,
        e.EmployeeCode,
        e.Name,
        d.Name AS Department,
        et.Name AS EmploymentType,
        l.Name AS Location,
        e.Attendance,
        e.Performance,
        e.ActiveProjects,
        e.ExperienceYears,
        e.Salary,
        e.JoiningYear,
        e.IsActive,
        e.DepartmentId,
        e.EmploymentTypeId,
        e.LocationId
    FROM Employees e
    INNER JOIN Departments d
        ON e.DepartmentId = d.Id
    INNER JOIN Locations l
        ON e.LocationId = l.Id
    INNER JOIN EmploymentTypes et
        ON e.EmploymentTypeId = et.Id

        order by e.Id
        OFFSET @offset rows
        FETCH NEXT  @size rows only 
        
[2026-08-28 16:22:38] [INF] Fetched 10 employees from page 143 with total 100000
[2026-08-28 16:22:38] [INF] HTTP GET /api/employees/paginated responded 200 in 44.7095 ms
[2026-08-28 16:22:38] [INF] Query Executed 
    SELECT
        e.Id,
        e.EmployeeCode,
        e.Name,
        d.Name AS Department,
        et.Name AS EmploymentType,
        l.Name AS Location,
        e.Attendance,
        e.Performance,
        e.ActiveProjects,
        e.ExperienceYears,
        e.Salary,
        e.JoiningYear,
        e.IsActive,
        e.DepartmentId,
        e.EmploymentTypeId,
        e.LocationId
    FROM Employees e
    INNER JOIN Departments d
        ON e.DepartmentId = d.Id
    INNER JOIN Locations l
        ON e.LocationId = l.Id
    INNER JOIN EmploymentTypes et
        ON e.EmploymentTypeId = et.Id

        order by e.Id
        OFFSET @offset rows
        FETCH NEXT  @size rows only 
        
[2026-08-28 16:22:38] [INF] Fetched 10 employees from page 143 with total 100000
[2026-08-28 16:22:38] [INF] HTTP GET /api/employees/paginated responded 200 in 46.8034 ms
[2026-08-28 16:22:38] [INF] Query Executed 
    SELECT
        e.Id,
        e.EmployeeCode,
        e.Name,
        d.Name AS Department,
        et.Name AS EmploymentType,
        l.Name AS Location,
        e.Attendance,
        e.Performance,
        e.ActiveProjects,
        e.ExperienceYears,
        e.Salary,
        e.JoiningYear,
        e.IsActive,
        e.DepartmentId,
        e.EmploymentTypeId,
        e.LocationId
    FROM Employees e
    INNER JOIN Departments d
        ON e.DepartmentId = d.Id
    INNER JOIN Locations l
        ON e.LocationId = l.Id
    INNER JOIN EmploymentTypes et
        ON e.EmploymentTypeId = et.Id

        order by e.Id
        OFFSET @offset rows
        FETCH NEXT  @size rows only 
        
[2026-08-28 16:22:38] [INF] Fetched 10 employees from page 147 with total 100000
[2026-08-28 16:22:38] [INF] HTTP GET /api/employees/paginated responded 200 in 42.6290 ms
[2026-08-28 16:22:38] [INF] Query Executed 
    SELECT
        e.Id,
        e.EmployeeCode,
        e.Name,
        d.Name AS Department,
        et.Name AS EmploymentType,
        l.Name AS Location,
        e.Attendance,
        e.Performance,
        e.ActiveProjects,
        e.ExperienceYears,
        e.Salary,
        e.JoiningYear,
        e.IsActive,
        e.DepartmentId,
        e.EmploymentTypeId,
        e.LocationId
    FROM Employees e
    INNER JOIN Departments d
        ON e.DepartmentId = d.Id
    INNER JOIN Locations l
        ON e.LocationId = l.Id
    INNER JOIN EmploymentTypes et
        ON e.EmploymentTypeId = et.Id

        order by e.Id
        OFFSET @offset rows
        FETCH NEXT  @size rows only 
        
[2026-08-28 16:22:38] [INF] Fetched 10 employees from page 158 with total 100000
[2026-08-28 16:22:38] [INF] HTTP GET /api/employees/paginated responded 200 in 42.4697 ms
[2026-08-28 16:22:38] [INF] Query Executed 
    SELECT
        e.Id,
        e.EmployeeCode,
        e.Name,
        d.Name AS Department,
        et.Name AS EmploymentType,
        l.Name AS Location,
        e.Attendance,
        e.Performance,
        e.ActiveProjects,
        e.ExperienceYears,
        e.Salary,
        e.JoiningYear,
        e.IsActive,
        e.DepartmentId,
        e.EmploymentTypeId,
        e.LocationId
    FROM Employees e
    INNER JOIN Departments d
        ON e.DepartmentId = d.Id
    INNER JOIN Locations l
        ON e.LocationId = l.Id
    INNER JOIN EmploymentTypes et
        ON e.EmploymentTypeId = et.Id

        order by e.Id
        OFFSET @offset rows
        FETCH NEXT  @size rows only 
        
[2026-08-28 16:22:39] [INF] Fetched 10 employees from page 158 with total 100000
[2026-08-28 16:22:39] [INF] HTTP GET /api/employees/paginated responded 200 in 41.6609 ms
[2026-08-28 16:22:39] [INF] Query Executed 
    SELECT
        e.Id,
        e.EmployeeCode,
        e.Name,
        d.Name AS Department,
        et.Name AS EmploymentType,
        l.Name AS Location,
        e.Attendance,
        e.Performance,
        e.ActiveProjects,
        e.ExperienceYears,
        e.Salary,
        e.JoiningYear,
        e.IsActive,
        e.DepartmentId,
        e.EmploymentTypeId,
        e.LocationId
    FROM Employees e
    INNER JOIN Departments d
        ON e.DepartmentId = d.Id
    INNER JOIN Locations l
        ON e.LocationId = l.Id
    INNER JOIN EmploymentTypes et
        ON e.EmploymentTypeId = et.Id

        order by e.Id
        OFFSET @offset rows
        FETCH NEXT  @size rows only 
        
[2026-08-28 16:22:39] [INF] Fetched 10 employees from page 161 with total 100000
[2026-08-28 16:22:39] [INF] HTTP GET /api/employees/paginated responded 200 in 42.9410 ms
[2026-08-28 16:22:39] [INF] Query Executed 
    SELECT
        e.Id,
        e.EmployeeCode,
        e.Name,
        d.Name AS Department,
        et.Name AS EmploymentType,
        l.Name AS Location,
        e.Attendance,
        e.Performance,
        e.ActiveProjects,
        e.ExperienceYears,
        e.Salary,
        e.JoiningYear,
        e.IsActive,
        e.DepartmentId,
        e.EmploymentTypeId,
        e.LocationId
    FROM Employees e
    INNER JOIN Departments d
        ON e.DepartmentId = d.Id
    INNER JOIN Locations l
        ON e.LocationId = l.Id
    INNER JOIN EmploymentTypes et
        ON e.EmploymentTypeId = et.Id

        order by e.Id
        OFFSET @offset rows
        FETCH NEXT  @size rows only 
        
[2026-08-28 16:22:39] [INF] Fetched 10 employees from page 166 with total 100000
[2026-08-28 16:22:39] [INF] HTTP GET /api/employees/paginated responded 200 in 42.5482 ms
[2026-08-28 16:22:39] [INF] Query Executed 
    SELECT
        e.Id,
        e.EmployeeCode,
        e.Name,
        d.Name AS Department,
        et.Name AS EmploymentType,
        l.Name AS Location,
        e.Attendance,
        e.Performance,
        e.ActiveProjects,
        e.ExperienceYears,
        e.Salary,
        e.JoiningYear,
        e.IsActive,
        e.DepartmentId,
        e.EmploymentTypeId,
        e.LocationId
    FROM Employees e
    INNER JOIN Departments d
        ON e.DepartmentId = d.Id
    INNER JOIN Locations l
        ON e.LocationId = l.Id
    INNER JOIN EmploymentTypes et
        ON e.EmploymentTypeId = et.Id

        order by e.Id
        OFFSET @offset rows
        FETCH NEXT  @size rows only 
        
[2026-08-28 16:22:39] [INF] Query Executed 
    SELECT
        e.Id,
        e.EmployeeCode,
        e.Name,
        d.Name AS Department,
        et.Name AS EmploymentType,
        l.Name AS Location,
        e.Attendance,
        e.Performance,
        e.ActiveProjects,
        e.ExperienceYears,
        e.Salary,
        e.JoiningYear,
        e.IsActive,
        e.DepartmentId,
        e.EmploymentTypeId,
        e.LocationId
    FROM Employees e
    INNER JOIN Departments d
        ON e.DepartmentId = d.Id
    INNER JOIN Locations l
        ON e.LocationId = l.Id
    INNER JOIN EmploymentTypes et
        ON e.EmploymentTypeId = et.Id

        order by e.Id
        OFFSET @offset rows
        FETCH NEXT  @size rows only 
        
[2026-08-28 16:22:39] [INF] Fetched 10 employees from page 170 with total 100000
[2026-08-28 16:22:39] [INF] Fetched 10 employees from page 169 with total 100000
[2026-08-28 16:22:39] [INF] HTTP GET /api/employees/paginated responded 200 in 48.4369 ms
[2026-08-28 16:22:39] [INF] HTTP GET /api/employees/paginated responded 200 in 42.6409 ms
[2026-08-28 16:22:39] [INF] Query Executed 
    SELECT
        e.Id,
        e.EmployeeCode,
        e.Name,
        d.Name AS Department,
        et.Name AS EmploymentType,
        l.Name AS Location,
        e.Attendance,
        e.Performance,
        e.ActiveProjects,
        e.ExperienceYears,
        e.Salary,
        e.JoiningYear,
        e.IsActive,
        e.DepartmentId,
        e.EmploymentTypeId,
        e.LocationId
    FROM Employees e
    INNER JOIN Departments d
        ON e.DepartmentId = d.Id
    INNER JOIN Locations l
        ON e.LocationId = l.Id
    INNER JOIN EmploymentTypes et
        ON e.EmploymentTypeId = et.Id

        order by e.Id
        OFFSET @offset rows
        FETCH NEXT  @size rows only 
        
[2026-08-28 16:22:39] [INF] Fetched 10 employees from page 172 with total 100000
[2026-08-28 16:22:39] [INF] HTTP GET /api/employees/paginated responded 200 in 50.9970 ms
[2026-08-28 16:22:39] [INF] Query Executed 
    SELECT
        e.Id,
        e.EmployeeCode,
        e.Name,
        d.Name AS Department,
        et.Name AS EmploymentType,
        l.Name AS Location,
        e.Attendance,
        e.Performance,
        e.ActiveProjects,
        e.ExperienceYears,
        e.Salary,
        e.JoiningYear,
        e.IsActive,
        e.DepartmentId,
        e.EmploymentTypeId,
        e.LocationId
    FROM Employees e
    INNER JOIN Departments d
        ON e.DepartmentId = d.Id
    INNER JOIN Locations l
        ON e.LocationId = l.Id
    INNER JOIN EmploymentTypes et
        ON e.EmploymentTypeId = et.Id

        order by e.Id
        OFFSET @offset rows
        FETCH NEXT  @size rows only 
        
[2026-08-28 16:22:39] [INF] Fetched 10 employees from page 174 with total 100000
[2026-08-28 16:22:39] [INF] HTTP GET /api/employees/paginated responded 200 in 46.4232 ms
[2026-08-28 16:22:39] [INF] Query Executed 
    SELECT
        e.Id,
        e.EmployeeCode,
        e.Name,
        d.Name AS Department,
        et.Name AS EmploymentType,
        l.Name AS Location,
        e.Attendance,
        e.Performance,
        e.ActiveProjects,
        e.ExperienceYears,
        e.Salary,
        e.JoiningYear,
        e.IsActive,
        e.DepartmentId,
        e.EmploymentTypeId,
        e.LocationId
    FROM Employees e
    INNER JOIN Departments d
        ON e.DepartmentId = d.Id
    INNER JOIN Locations l
        ON e.LocationId = l.Id
    INNER JOIN EmploymentTypes et
        ON e.EmploymentTypeId = et.Id

        order by e.Id
        OFFSET @offset rows
        FETCH NEXT  @size rows only 
        
[2026-08-28 16:22:39] [INF] Fetched 10 employees from page 177 with total 100000
[2026-08-28 16:22:39] [INF] HTTP GET /api/employees/paginated responded 200 in 62.6480 ms
[2026-08-28 16:22:39] [INF] Query Executed 
    SELECT
        e.Id,
        e.EmployeeCode,
        e.Name,
        d.Name AS Department,
        et.Name AS EmploymentType,
        l.Name AS Location,
        e.Attendance,
        e.Performance,
        e.ActiveProjects,
        e.ExperienceYears,
        e.Salary,
        e.JoiningYear,
        e.IsActive,
        e.DepartmentId,
        e.EmploymentTypeId,
        e.LocationId
    FROM Employees e
    INNER JOIN Departments d
        ON e.DepartmentId = d.Id
    INNER JOIN Locations l
        ON e.LocationId = l.Id
    INNER JOIN EmploymentTypes et
        ON e.EmploymentTypeId = et.Id

        order by e.Id
        OFFSET @offset rows
        FETCH NEXT  @size rows only 
        
[2026-08-28 16:22:39] [INF] Fetched 10 employees from page 181 with total 100000
[2026-08-28 16:22:39] [INF] HTTP GET /api/employees/paginated responded 200 in 109.4716 ms
[2026-08-28 16:22:39] [INF] Query Executed 
    SELECT
        e.Id,
        e.EmployeeCode,
        e.Name,
        d.Name AS Department,
        et.Name AS EmploymentType,
        l.Name AS Location,
        e.Attendance,
        e.Performance,
        e.ActiveProjects,
        e.ExperienceYears,
        e.Salary,
        e.JoiningYear,
        e.IsActive,
        e.DepartmentId,
        e.EmploymentTypeId,
        e.LocationId
    FROM Employees e
    INNER JOIN Departments d
        ON e.DepartmentId = d.Id
    INNER JOIN Locations l
        ON e.LocationId = l.Id
    INNER JOIN EmploymentTypes et
        ON e.EmploymentTypeId = et.Id

        order by e.Id
        OFFSET @offset rows
        FETCH NEXT  @size rows only 
        
[2026-08-28 16:22:39] [INF] Fetched 10 employees from page 182 with total 100000
[2026-08-28 16:22:39] [INF] HTTP GET /api/employees/paginated responded 200 in 92.5933 ms
[2026-08-28 16:36:52] [INF] HTTP GET /api/employees/paginated responded 401 in 23.2858 ms
[2026-08-28 16:36:52] [INF] HTTP GET /api/employees/paginated responded 401 in 4.8373 ms
[2026-08-28 16:36:52] [INF] Refresh started
[2026-08-28 16:36:52] [INF] HTTP GET /api/employees/paginated responded 401 in 2.4215 ms
[2026-08-28 16:36:52] [INF] HTTP GET /api/employees/paginated responded 401 in 1.3587 ms
[2026-08-28 16:36:52] [INF] HTTP GET /api/employees/paginated responded 401 in 1.5117 ms
[2026-08-28 16:36:52] [INF] HTTP GET /api/employees/paginated responded 401 in 0.9574 ms
[2026-08-28 16:36:52] [INF] HTTP GET /api/employees/paginated responded 401 in 0.8833 ms
[2026-08-28 16:36:52] [INF] HTTP GET /api/employees/paginated responded 401 in 1.0704 ms
[2026-08-28 16:36:52] [INF] Access token refreshed successfully for user 1
[2026-08-28 16:36:52] [INF] Refresh ended in 356.89 ms
[2026-08-28 16:36:52] [INF] HTTP GET /api/employees/paginated responded 401 in 1.0572 ms
[2026-08-28 16:36:52] [INF] HTTP POST /api/auth/refresh responded 200 in 416.4513 ms
[2026-08-28 16:36:52] [INF] Query Executed 
    SELECT
        e.Id,
        e.EmployeeCode,
        e.Name,
        d.Name AS Department,
        et.Name AS EmploymentType,
        l.Name AS Location,
        e.Attendance,
        e.Performance,
        e.ActiveProjects,
        e.ExperienceYears,
        e.Salary,
        e.JoiningYear,
        e.IsActive,
        e.DepartmentId,
        e.EmploymentTypeId,
        e.LocationId
    FROM Employees e
    INNER JOIN Departments d
        ON e.DepartmentId = d.Id
    INNER JOIN Locations l
        ON e.LocationId = l.Id
    INNER JOIN EmploymentTypes et
        ON e.EmploymentTypeId = et.Id

        order by e.Id
        OFFSET @offset rows
        FETCH NEXT  @size rows only 
        
[2026-08-28 16:36:52] [INF] Query Executed 
    SELECT
        e.Id,
        e.EmployeeCode,
        e.Name,
        d.Name AS Department,
        et.Name AS EmploymentType,
        l.Name AS Location,
        e.Attendance,
        e.Performance,
        e.ActiveProjects,
        e.ExperienceYears,
        e.Salary,
        e.JoiningYear,
        e.IsActive,
        e.DepartmentId,
        e.EmploymentTypeId,
        e.LocationId
    FROM Employees e
    INNER JOIN Departments d
        ON e.DepartmentId = d.Id
    INNER JOIN Locations l
        ON e.LocationId = l.Id
    INNER JOIN EmploymentTypes et
        ON e.EmploymentTypeId = et.Id

        order by e.Id
        OFFSET @offset rows
        FETCH NEXT  @size rows only 
        
[2026-08-28 16:36:52] [INF] Query Executed 
    SELECT
        e.Id,
        e.EmployeeCode,
        e.Name,
        d.Name AS Department,
        et.Name AS EmploymentType,
        l.Name AS Location,
        e.Attendance,
        e.Performance,
        e.ActiveProjects,
        e.ExperienceYears,
        e.Salary,
        e.JoiningYear,
        e.IsActive,
        e.DepartmentId,
        e.EmploymentTypeId,
        e.LocationId
    FROM Employees e
    INNER JOIN Departments d
        ON e.DepartmentId = d.Id
    INNER JOIN Locations l
        ON e.LocationId = l.Id
    INNER JOIN EmploymentTypes et
        ON e.EmploymentTypeId = et.Id

        order by e.Id
        OFFSET @offset rows
        FETCH NEXT  @size rows only 
        
[2026-08-28 16:36:53] [INF] Query Executed 
    SELECT
        e.Id,
        e.EmployeeCode,
        e.Name,
        d.Name AS Department,
        et.Name AS EmploymentType,
        l.Name AS Location,
        e.Attendance,
        e.Performance,
        e.ActiveProjects,
        e.ExperienceYears,
        e.Salary,
        e.JoiningYear,
        e.IsActive,
        e.DepartmentId,
        e.EmploymentTypeId,
        e.LocationId
    FROM Employees e
    INNER JOIN Departments d
        ON e.DepartmentId = d.Id
    INNER JOIN Locations l
        ON e.LocationId = l.Id
    INNER JOIN EmploymentTypes et
        ON e.EmploymentTypeId = et.Id

        order by e.Id
        OFFSET @offset rows
        FETCH NEXT  @size rows only 
        
[2026-08-28 16:36:53] [INF] Query Executed 
    SELECT
        e.Id,
        e.EmployeeCode,
        e.Name,
        d.Name AS Department,
        et.Name AS EmploymentType,
        l.Name AS Location,
        e.Attendance,
        e.Performance,
        e.ActiveProjects,
        e.ExperienceYears,
        e.Salary,
        e.JoiningYear,
        e.IsActive,
        e.DepartmentId,
        e.EmploymentTypeId,
        e.LocationId
    FROM Employees e
    INNER JOIN Departments d
        ON e.DepartmentId = d.Id
    INNER JOIN Locations l
        ON e.LocationId = l.Id
    INNER JOIN EmploymentTypes et
        ON e.EmploymentTypeId = et.Id

        order by e.Id
        OFFSET @offset rows
        FETCH NEXT  @size rows only 
        
[2026-08-28 16:36:53] [INF] Query Executed 
    SELECT
        e.Id,
        e.EmployeeCode,
        e.Name,
        d.Name AS Department,
        et.Name AS EmploymentType,
        l.Name AS Location,
        e.Attendance,
        e.Performance,
        e.ActiveProjects,
        e.ExperienceYears,
        e.Salary,
        e.JoiningYear,
        e.IsActive,
        e.DepartmentId,
        e.EmploymentTypeId,
        e.LocationId
    FROM Employees e
    INNER JOIN Departments d
        ON e.DepartmentId = d.Id
    INNER JOIN Locations l
        ON e.LocationId = l.Id
    INNER JOIN EmploymentTypes et
        ON e.EmploymentTypeId = et.Id

        order by e.Id
        OFFSET @offset rows
        FETCH NEXT  @size rows only 
        
[2026-08-28 16:36:53] [INF] Fetched 10 employees from page 186 with total 100000
[2026-08-28 16:36:53] [INF] HTTP GET /api/employees/paginated responded 200 in 117.9188 ms
[2026-08-28 16:36:53] [INF] Fetched 10 employees from page 182 with total 100000
[2026-08-28 16:36:53] [INF] HTTP GET /api/employees/paginated responded 200 in 137.0043 ms
[2026-08-28 16:36:53] [INF] Fetched 10 employees from page 190 with total 100000
[2026-08-28 16:36:53] [INF] HTTP GET /api/employees/paginated responded 200 in 117.0748 ms
[2026-08-28 16:36:53] [INF] Query Executed 
    SELECT
        e.Id,
        e.EmployeeCode,
        e.Name,
        d.Name AS Department,
        et.Name AS EmploymentType,
        l.Name AS Location,
        e.Attendance,
        e.Performance,
        e.ActiveProjects,
        e.ExperienceYears,
        e.Salary,
        e.JoiningYear,
        e.IsActive,
        e.DepartmentId,
        e.EmploymentTypeId,
        e.LocationId
    FROM Employees e
    INNER JOIN Departments d
        ON e.DepartmentId = d.Id
    INNER JOIN Locations l
        ON e.LocationId = l.Id
    INNER JOIN EmploymentTypes et
        ON e.EmploymentTypeId = et.Id

        order by e.Id
        OFFSET @offset rows
        FETCH NEXT  @size rows only 
        
[2026-08-28 16:36:53] [INF] Query Executed 
    SELECT
        e.Id,
        e.EmployeeCode,
        e.Name,
        d.Name AS Department,
        et.Name AS EmploymentType,
        l.Name AS Location,
        e.Attendance,
        e.Performance,
        e.ActiveProjects,
        e.ExperienceYears,
        e.Salary,
        e.JoiningYear,
        e.IsActive,
        e.DepartmentId,
        e.EmploymentTypeId,
        e.LocationId
    FROM Employees e
    INNER JOIN Departments d
        ON e.DepartmentId = d.Id
    INNER JOIN Locations l
        ON e.LocationId = l.Id
    INNER JOIN EmploymentTypes et
        ON e.EmploymentTypeId = et.Id

        order by e.Id
        OFFSET @offset rows
        FETCH NEXT  @size rows only 
        
[2026-08-28 16:36:53] [INF] Fetched 10 employees from page 188 with total 100000
[2026-08-28 16:36:53] [INF] Fetched 10 employees from page 184 with total 100000
[2026-08-28 16:36:53] [INF] HTTP GET /api/employees/paginated responded 200 in 149.4707 ms
[2026-08-28 16:36:53] [INF] HTTP GET /api/employees/paginated responded 200 in 166.6785 ms
[2026-08-28 16:36:53] [INF] Fetched 10 employees from page 191 with total 100000
[2026-08-28 16:36:53] [INF] HTTP GET /api/employees/paginated responded 200 in 48.0756 ms
[2026-08-28 16:36:53] [INF] Fetched 10 employees from page 187 with total 100000
[2026-08-28 16:36:53] [INF] HTTP GET /api/employees/paginated responded 200 in 194.0662 ms
[2026-08-28 16:36:53] [INF] Query Executed 
    SELECT
        e.Id,
        e.EmployeeCode,
        e.Name,
        d.Name AS Department,
        et.Name AS EmploymentType,
        l.Name AS Location,
        e.Attendance,
        e.Performance,
        e.ActiveProjects,
        e.ExperienceYears,
        e.Salary,
        e.JoiningYear,
        e.IsActive,
        e.DepartmentId,
        e.EmploymentTypeId,
        e.LocationId
    FROM Employees e
    INNER JOIN Departments d
        ON e.DepartmentId = d.Id
    INNER JOIN Locations l
        ON e.LocationId = l.Id
    INNER JOIN EmploymentTypes et
        ON e.EmploymentTypeId = et.Id

        order by e.Id
        OFFSET @offset rows
        FETCH NEXT  @size rows only 
        
[2026-08-28 16:36:53] [INF] Fetched 10 employees from page 182 with total 100000
[2026-08-28 16:36:53] [INF] HTTP GET /api/employees/paginated responded 200 in 77.5845 ms
[2026-08-28 16:36:53] [INF] Fetched 10 employees from page 191 with total 100000
[2026-08-28 16:36:53] [INF] HTTP GET /api/employees/paginated responded 200 in 49.2727 ms
[2026-08-28 16:36:57] [INF] Query Executed 
    SELECT
        e.Id,
        e.EmployeeCode,
        e.Name,
        d.Name AS Department,
        et.Name AS EmploymentType,
        l.Name AS Location,
        e.Attendance,
        e.Performance,
        e.ActiveProjects,
        e.ExperienceYears,
        e.Salary,
        e.JoiningYear,
        e.IsActive,
        e.DepartmentId,
        e.EmploymentTypeId,
        e.LocationId
    FROM Employees e
    INNER JOIN Departments d
        ON e.DepartmentId = d.Id
    INNER JOIN Locations l
        ON e.LocationId = l.Id
    INNER JOIN EmploymentTypes et
        ON e.EmploymentTypeId = et.Id

        order by e.Id
        OFFSET @offset rows
        FETCH NEXT  @size rows only 
        
[2026-08-28 16:36:57] [INF] Fetched 10 employees from page 191 with total 100000
[2026-08-28 16:36:57] [INF] HTTP GET /api/employees/paginated responded 200 in 42.1229 ms
[2026-08-28 16:37:00] [INF] Query Executed 
    SELECT
        e.Id,
        e.EmployeeCode,
        e.Name,
        d.Name AS Department,
        et.Name AS EmploymentType,
        l.Name AS Location,
        e.Attendance,
        e.Performance,
        e.ActiveProjects,
        e.ExperienceYears,
        e.Salary,
        e.JoiningYear,
        e.IsActive,
        e.DepartmentId,
        e.EmploymentTypeId,
        e.LocationId
    FROM Employees e
    INNER JOIN Departments d
        ON e.DepartmentId = d.Id
    INNER JOIN Locations l
        ON e.LocationId = l.Id
    INNER JOIN EmploymentTypes et
        ON e.EmploymentTypeId = et.Id

        order by e.Id
        OFFSET @offset rows
        FETCH NEXT  @size rows only 
        
[2026-08-28 16:37:00] [INF] Fetched 10 employees from page 0 with total 100000
[2026-08-28 16:37:00] [INF] HTTP GET /api/employees/paginated responded 200 in 94.0227 ms
[2026-08-28 16:37:00] [INF] Query Executed 
    SELECT
        e.Id,
        e.EmployeeCode,
        e.Name,
        d.Name AS Department,
        et.Name AS EmploymentType,
        l.Name AS Location,
        e.Attendance,
        e.Performance,
        e.ActiveProjects,
        e.ExperienceYears,
        e.Salary,
        e.JoiningYear,
        e.IsActive,
        e.DepartmentId,
        e.EmploymentTypeId,
        e.LocationId
    FROM Employees e
    INNER JOIN Departments d
        ON e.DepartmentId = d.Id
    INNER JOIN Locations l
        ON e.LocationId = l.Id
    INNER JOIN EmploymentTypes et
        ON e.EmploymentTypeId = et.Id

        order by e.Id
        OFFSET @offset rows
        FETCH NEXT  @size rows only 
        
[2026-08-28 16:37:00] [INF] Fetched 10 employees from page 0 with total 100000
[2026-08-28 16:37:00] [INF] HTTP GET /api/employees/paginated responded 200 in 115.6920 ms
[2026-08-28 16:37:01] [INF] Query Executed 
    SELECT
        e.Id,
        e.EmployeeCode,
        e.Name,
        d.Name AS Department,
        et.Name AS EmploymentType,
        l.Name AS Location,
        e.Attendance,
        e.Performance,
        e.ActiveProjects,
        e.ExperienceYears,
        e.Salary,
        e.JoiningYear,
        e.IsActive,
        e.DepartmentId,
        e.EmploymentTypeId,
        e.LocationId
    FROM Employees e
    INNER JOIN Departments d
        ON e.DepartmentId = d.Id
    INNER JOIN Locations l
        ON e.LocationId = l.Id
    INNER JOIN EmploymentTypes et
        ON e.EmploymentTypeId = et.Id

        order by e.Id
        OFFSET @offset rows
        FETCH NEXT  @size rows only 
        
[2026-08-28 16:37:01] [INF] Fetched 10 employees from page 0 with total 100000
[2026-08-28 16:37:01] [INF] HTTP GET /api/employees/paginated responded 200 in 47.9017 ms
[2026-08-28 16:37:01] [INF] Query Executed 
    SELECT
        e.Id,
        e.EmployeeCode,
        e.Name,
        d.Name AS Department,
        et.Name AS EmploymentType,
        l.Name AS Location,
        e.Attendance,
        e.Performance,
        e.ActiveProjects,
        e.ExperienceYears,
        e.Salary,
        e.JoiningYear,
        e.IsActive,
        e.DepartmentId,
        e.EmploymentTypeId,
        e.LocationId
    FROM Employees e
    INNER JOIN Departments d
        ON e.DepartmentId = d.Id
    INNER JOIN Locations l
        ON e.LocationId = l.Id
    INNER JOIN EmploymentTypes et
        ON e.EmploymentTypeId = et.Id

        order by e.Id
        OFFSET @offset rows
        FETCH NEXT  @size rows only 
        
[2026-08-28 16:37:01] [INF] Fetched 10 employees from page 0 with total 100000
[2026-08-28 16:37:01] [INF] HTTP GET /api/employees/paginated responded 200 in 43.8420 ms
[2026-08-28 16:37:01] [INF] Query Executed 
    SELECT
        e.Id,
        e.EmployeeCode,
        e.Name,
        d.Name AS Department,
        et.Name AS EmploymentType,
        l.Name AS Location,
        e.Attendance,
        e.Performance,
        e.ActiveProjects,
        e.ExperienceYears,
        e.Salary,
        e.JoiningYear,
        e.IsActive,
        e.DepartmentId,
        e.EmploymentTypeId,
        e.LocationId
    FROM Employees e
    INNER JOIN Departments d
        ON e.DepartmentId = d.Id
    INNER JOIN Locations l
        ON e.LocationId = l.Id
    INNER JOIN EmploymentTypes et
        ON e.EmploymentTypeId = et.Id

        order by e.Id
        OFFSET @offset rows
        FETCH NEXT  @size rows only 
        
[2026-08-28 16:37:01] [INF] Fetched 10 employees from page 1 with total 100000
[2026-08-28 16:37:01] [INF] HTTP GET /api/employees/paginated responded 200 in 35.8765 ms
[2026-08-28 16:37:01] [INF] Query Executed 
    SELECT
        e.Id,
        e.EmployeeCode,
        e.Name,
        d.Name AS Department,
        et.Name AS EmploymentType,
        l.Name AS Location,
        e.Attendance,
        e.Performance,
        e.ActiveProjects,
        e.ExperienceYears,
        e.Salary,
        e.JoiningYear,
        e.IsActive,
        e.DepartmentId,
        e.EmploymentTypeId,
        e.LocationId
    FROM Employees e
    INNER JOIN Departments d
        ON e.DepartmentId = d.Id
    INNER JOIN Locations l
        ON e.LocationId = l.Id
    INNER JOIN EmploymentTypes et
        ON e.EmploymentTypeId = et.Id

        order by e.Id
        OFFSET @offset rows
        FETCH NEXT  @size rows only 
        
[2026-08-28 16:37:01] [INF] Fetched 10 employees from page 2 with total 100000
[2026-08-28 16:37:01] [INF] HTTP GET /api/employees/paginated responded 200 in 38.5681 ms
[2026-08-28 16:37:02] [INF] Query Executed 
    SELECT
        e.Id,
        e.EmployeeCode,
        e.Name,
        d.Name AS Department,
        et.Name AS EmploymentType,
        l.Name AS Location,
        e.Attendance,
        e.Performance,
        e.ActiveProjects,
        e.ExperienceYears,
        e.Salary,
        e.JoiningYear,
        e.IsActive,
        e.DepartmentId,
        e.EmploymentTypeId,
        e.LocationId
    FROM Employees e
    INNER JOIN Departments d
        ON e.DepartmentId = d.Id
    INNER JOIN Locations l
        ON e.LocationId = l.Id
    INNER JOIN EmploymentTypes et
        ON e.EmploymentTypeId = et.Id

        order by e.Id
        OFFSET @offset rows
        FETCH NEXT  @size rows only 
        
[2026-08-28 16:37:02] [INF] Query Executed 
    SELECT
        e.Id,
        e.EmployeeCode,
        e.Name,
        d.Name AS Department,
        et.Name AS EmploymentType,
        l.Name AS Location,
        e.Attendance,
        e.Performance,
        e.ActiveProjects,
        e.ExperienceYears,
        e.Salary,
        e.JoiningYear,
        e.IsActive,
        e.DepartmentId,
        e.EmploymentTypeId,
        e.LocationId
    FROM Employees e
    INNER JOIN Departments d
        ON e.DepartmentId = d.Id
    INNER JOIN Locations l
        ON e.LocationId = l.Id
    INNER JOIN EmploymentTypes et
        ON e.EmploymentTypeId = et.Id

        order by e.Id
        OFFSET @offset rows
        FETCH NEXT  @size rows only 
        
[2026-08-28 16:37:02] [INF] Fetched 10 employees from page 3 with total 100000
[2026-08-28 16:37:02] [INF] HTTP GET /api/employees/paginated responded 200 in 47.4175 ms
[2026-08-28 16:37:02] [INF] Fetched 10 employees from page 4 with total 100000
[2026-08-28 16:37:02] [INF] HTTP GET /api/employees/paginated responded 200 in 46.8019 ms
[2026-08-28 16:37:03] [INF] Query Executed 
    SELECT
        e.Id,
        e.EmployeeCode,
        e.Name,
        d.Name AS Department,
        et.Name AS EmploymentType,
        l.Name AS Location,
        e.Attendance,
        e.Performance,
        e.ActiveProjects,
        e.ExperienceYears,
        e.Salary,
        e.JoiningYear,
        e.IsActive,
        e.DepartmentId,
        e.EmploymentTypeId,
        e.LocationId
    FROM Employees e
    INNER JOIN Departments d
        ON e.DepartmentId = d.Id
    INNER JOIN Locations l
        ON e.LocationId = l.Id
    INNER JOIN EmploymentTypes et
        ON e.EmploymentTypeId = et.Id

        order by e.Id
        OFFSET @offset rows
        FETCH NEXT  @size rows only 
        
[2026-08-28 16:37:03] [INF] Fetched 10 employees from page 4 with total 100000
[2026-08-28 16:37:03] [INF] HTTP GET /api/employees/paginated responded 200 in 49.4609 ms
[2026-08-28 16:37:03] [INF] Query Executed 
    SELECT
        e.Id,
        e.EmployeeCode,
        e.Name,
        d.Name AS Department,
        et.Name AS EmploymentType,
        l.Name AS Location,
        e.Attendance,
        e.Performance,
        e.ActiveProjects,
        e.ExperienceYears,
        e.Salary,
        e.JoiningYear,
        e.IsActive,
        e.DepartmentId,
        e.EmploymentTypeId,
        e.LocationId
    FROM Employees e
    INNER JOIN Departments d
        ON e.DepartmentId = d.Id
    INNER JOIN Locations l
        ON e.LocationId = l.Id
    INNER JOIN EmploymentTypes et
        ON e.EmploymentTypeId = et.Id

        order by e.Id
        OFFSET @offset rows
        FETCH NEXT  @size rows only 
        
[2026-08-28 16:37:03] [INF] Fetched 10 employees from page 5 with total 100000
[2026-08-28 16:37:03] [INF] HTTP GET /api/employees/paginated responded 200 in 43.2742 ms
[2026-08-28 16:37:03] [INF] Query Executed 
    SELECT
        e.Id,
        e.EmployeeCode,
        e.Name,
        d.Name AS Department,
        et.Name AS EmploymentType,
        l.Name AS Location,
        e.Attendance,
        e.Performance,
        e.ActiveProjects,
        e.ExperienceYears,
        e.Salary,
        e.JoiningYear,
        e.IsActive,
        e.DepartmentId,
        e.EmploymentTypeId,
        e.LocationId
    FROM Employees e
    INNER JOIN Departments d
        ON e.DepartmentId = d.Id
    INNER JOIN Locations l
        ON e.LocationId = l.Id
    INNER JOIN EmploymentTypes et
        ON e.EmploymentTypeId = et.Id

        order by e.Id
        OFFSET @offset rows
        FETCH NEXT  @size rows only 
        
[2026-08-28 16:37:03] [INF] Fetched 10 employees from page 9 with total 100000
[2026-08-28 16:37:03] [INF] HTTP GET /api/employees/paginated responded 200 in 47.3706 ms
[2026-08-28 16:37:04] [INF] Query Executed 
    SELECT
        e.Id,
        e.EmployeeCode,
        e.Name,
        d.Name AS Department,
        et.Name AS EmploymentType,
        l.Name AS Location,
        e.Attendance,
        e.Performance,
        e.ActiveProjects,
        e.ExperienceYears,
        e.Salary,
        e.JoiningYear,
        e.IsActive,
        e.DepartmentId,
        e.EmploymentTypeId,
        e.LocationId
    FROM Employees e
    INNER JOIN Departments d
        ON e.DepartmentId = d.Id
    INNER JOIN Locations l
        ON e.LocationId = l.Id
    INNER JOIN EmploymentTypes et
        ON e.EmploymentTypeId = et.Id

        order by e.Id
        OFFSET @offset rows
        FETCH NEXT  @size rows only 
        
[2026-08-28 16:37:04] [INF] Fetched 10 employees from page 12 with total 100000
[2026-08-28 16:37:04] [INF] HTTP GET /api/employees/paginated responded 200 in 29.9653 ms
[2026-08-28 16:37:04] [INF] Query Executed 
    SELECT
        e.Id,
        e.EmployeeCode,
        e.Name,
        d.Name AS Department,
        et.Name AS EmploymentType,
        l.Name AS Location,
        e.Attendance,
        e.Performance,
        e.ActiveProjects,
        e.ExperienceYears,
        e.Salary,
        e.JoiningYear,
        e.IsActive,
        e.DepartmentId,
        e.EmploymentTypeId,
        e.LocationId
    FROM Employees e
    INNER JOIN Departments d
        ON e.DepartmentId = d.Id
    INNER JOIN Locations l
        ON e.LocationId = l.Id
    INNER JOIN EmploymentTypes et
        ON e.EmploymentTypeId = et.Id

        order by e.Id
        OFFSET @offset rows
        FETCH NEXT  @size rows only 
        
[2026-08-28 16:37:04] [INF] Fetched 10 employees from page 13 with total 100000
[2026-08-28 16:37:04] [INF] HTTP GET /api/employees/paginated responded 200 in 40.1994 ms
[2026-08-28 16:37:04] [INF] Query Executed 
    SELECT
        e.Id,
        e.EmployeeCode,
        e.Name,
        d.Name AS Department,
        et.Name AS EmploymentType,
        l.Name AS Location,
        e.Attendance,
        e.Performance,
        e.ActiveProjects,
        e.ExperienceYears,
        e.Salary,
        e.JoiningYear,
        e.IsActive,
        e.DepartmentId,
        e.EmploymentTypeId,
        e.LocationId
    FROM Employees e
    INNER JOIN Departments d
        ON e.DepartmentId = d.Id
    INNER JOIN Locations l
        ON e.LocationId = l.Id
    INNER JOIN EmploymentTypes et
        ON e.EmploymentTypeId = et.Id

        order by e.Id
        OFFSET @offset rows
        FETCH NEXT  @size rows only 
        
[2026-08-28 16:37:04] [INF] Query Executed 
    SELECT
        e.Id,
        e.EmployeeCode,
        e.Name,
        d.Name AS Department,
        et.Name AS EmploymentType,
        l.Name AS Location,
        e.Attendance,
        e.Performance,
        e.ActiveProjects,
        e.ExperienceYears,
        e.Salary,
        e.JoiningYear,
        e.IsActive,
        e.DepartmentId,
        e.EmploymentTypeId,
        e.LocationId
    FROM Employees e
    INNER JOIN Departments d
        ON e.DepartmentId = d.Id
    INNER JOIN Locations l
        ON e.LocationId = l.Id
    INNER JOIN EmploymentTypes et
        ON e.EmploymentTypeId = et.Id

        order by e.Id
        OFFSET @offset rows
        FETCH NEXT  @size rows only 
        
[2026-08-28 16:37:04] [INF] Fetched 10 employees from page 16 with total 100000
[2026-08-28 16:37:04] [INF] HTTP GET /api/employees/paginated responded 200 in 51.9947 ms
[2026-08-28 16:37:04] [INF] Fetched 10 employees from page 17 with total 100000
[2026-08-28 16:37:04] [INF] HTTP GET /api/employees/paginated responded 200 in 52.3997 ms
[2026-08-28 16:37:04] [INF] Query Executed 
    SELECT
        e.Id,
        e.EmployeeCode,
        e.Name,
        d.Name AS Department,
        et.Name AS EmploymentType,
        l.Name AS Location,
        e.Attendance,
        e.Performance,
        e.ActiveProjects,
        e.ExperienceYears,
        e.Salary,
        e.JoiningYear,
        e.IsActive,
        e.DepartmentId,
        e.EmploymentTypeId,
        e.LocationId
    FROM Employees e
    INNER JOIN Departments d
        ON e.DepartmentId = d.Id
    INNER JOIN Locations l
        ON e.LocationId = l.Id
    INNER JOIN EmploymentTypes et
        ON e.EmploymentTypeId = et.Id

        order by e.Id
        OFFSET @offset rows
        FETCH NEXT  @size rows only 
        
[2026-08-28 16:37:04] [INF] Fetched 10 employees from page 17 with total 100000
[2026-08-28 16:37:04] [INF] HTTP GET /api/employees/paginated responded 200 in 47.9869 ms
[2026-08-28 16:37:04] [INF] Query Executed 
    SELECT
        e.Id,
        e.EmployeeCode,
        e.Name,
        d.Name AS Department,
        et.Name AS EmploymentType,
        l.Name AS Location,
        e.Attendance,
        e.Performance,
        e.ActiveProjects,
        e.ExperienceYears,
        e.Salary,
        e.JoiningYear,
        e.IsActive,
        e.DepartmentId,
        e.EmploymentTypeId,
        e.LocationId
    FROM Employees e
    INNER JOIN Departments d
        ON e.DepartmentId = d.Id
    INNER JOIN Locations l
        ON e.LocationId = l.Id
    INNER JOIN EmploymentTypes et
        ON e.EmploymentTypeId = et.Id

        order by e.Id
        OFFSET @offset rows
        FETCH NEXT  @size rows only 
        
[2026-08-28 16:37:04] [INF] Fetched 10 employees from page 24 with total 100000
[2026-08-28 16:37:04] [INF] HTTP GET /api/employees/paginated responded 200 in 22.1241 ms
[2026-08-28 16:37:04] [INF] Query Executed 
    SELECT
        e.Id,
        e.EmployeeCode,
        e.Name,
        d.Name AS Department,
        et.Name AS EmploymentType,
        l.Name AS Location,
        e.Attendance,
        e.Performance,
        e.ActiveProjects,
        e.ExperienceYears,
        e.Salary,
        e.JoiningYear,
        e.IsActive,
        e.DepartmentId,
        e.EmploymentTypeId,
        e.LocationId
    FROM Employees e
    INNER JOIN Departments d
        ON e.DepartmentId = d.Id
    INNER JOIN Locations l
        ON e.LocationId = l.Id
    INNER JOIN EmploymentTypes et
        ON e.EmploymentTypeId = et.Id

        order by e.Id
        OFFSET @offset rows
        FETCH NEXT  @size rows only 
        
[2026-08-28 16:37:04] [INF] Fetched 10 employees from page 25 with total 100000
[2026-08-28 16:37:04] [INF] HTTP GET /api/employees/paginated responded 200 in 45.2272 ms
[2026-08-28 16:37:04] [INF] Query Executed 
    SELECT
        e.Id,
        e.EmployeeCode,
        e.Name,
        d.Name AS Department,
        et.Name AS EmploymentType,
        l.Name AS Location,
        e.Attendance,
        e.Performance,
        e.ActiveProjects,
        e.ExperienceYears,
        e.Salary,
        e.JoiningYear,
        e.IsActive,
        e.DepartmentId,
        e.EmploymentTypeId,
        e.LocationId
    FROM Employees e
    INNER JOIN Departments d
        ON e.DepartmentId = d.Id
    INNER JOIN Locations l
        ON e.LocationId = l.Id
    INNER JOIN EmploymentTypes et
        ON e.EmploymentTypeId = et.Id

        order by e.Id
        OFFSET @offset rows
        FETCH NEXT  @size rows only 
        
[2026-08-28 16:37:04] [INF] Fetched 10 employees from page 26 with total 100000
[2026-08-28 16:37:04] [INF] HTTP GET /api/employees/paginated responded 200 in 37.9000 ms
[2026-08-28 16:37:04] [INF] Query Executed 
    SELECT
        e.Id,
        e.EmployeeCode,
        e.Name,
        d.Name AS Department,
        et.Name AS EmploymentType,
        l.Name AS Location,
        e.Attendance,
        e.Performance,
        e.ActiveProjects,
        e.ExperienceYears,
        e.Salary,
        e.JoiningYear,
        e.IsActive,
        e.DepartmentId,
        e.EmploymentTypeId,
        e.LocationId
    FROM Employees e
    INNER JOIN Departments d
        ON e.DepartmentId = d.Id
    INNER JOIN Locations l
        ON e.LocationId = l.Id
    INNER JOIN EmploymentTypes et
        ON e.EmploymentTypeId = et.Id

        order by e.Id
        OFFSET @offset rows
        FETCH NEXT  @size rows only 
        
[2026-08-28 16:37:04] [INF] Fetched 10 employees from page 26 with total 100000
[2026-08-28 16:37:04] [INF] HTTP GET /api/employees/paginated responded 200 in 40.1216 ms
[2026-08-28 16:37:04] [INF] Query Executed 
    SELECT
        e.Id,
        e.EmployeeCode,
        e.Name,
        d.Name AS Department,
        et.Name AS EmploymentType,
        l.Name AS Location,
        e.Attendance,
        e.Performance,
        e.ActiveProjects,
        e.ExperienceYears,
        e.Salary,
        e.JoiningYear,
        e.IsActive,
        e.DepartmentId,
        e.EmploymentTypeId,
        e.LocationId
    FROM Employees e
    INNER JOIN Departments d
        ON e.DepartmentId = d.Id
    INNER JOIN Locations l
        ON e.LocationId = l.Id
    INNER JOIN EmploymentTypes et
        ON e.EmploymentTypeId = et.Id

        order by e.Id
        OFFSET @offset rows
        FETCH NEXT  @size rows only 
        
[2026-08-28 16:37:04] [INF] Query Executed 
    SELECT
        e.Id,
        e.EmployeeCode,
        e.Name,
        d.Name AS Department,
        et.Name AS EmploymentType,
        l.Name AS Location,
        e.Attendance,
        e.Performance,
        e.ActiveProjects,
        e.ExperienceYears,
        e.Salary,
        e.JoiningYear,
        e.IsActive,
        e.DepartmentId,
        e.EmploymentTypeId,
        e.LocationId
    FROM Employees e
    INNER JOIN Departments d
        ON e.DepartmentId = d.Id
    INNER JOIN Locations l
        ON e.LocationId = l.Id
    INNER JOIN EmploymentTypes et
        ON e.EmploymentTypeId = et.Id

        order by e.Id
        OFFSET @offset rows
        FETCH NEXT  @size rows only 
        
[2026-08-28 16:37:05] [INF] Fetched 10 employees from page 28 with total 100000
[2026-08-28 16:37:05] [INF] HTTP GET /api/employees/paginated responded 200 in 166.1345 ms
[2026-08-28 16:37:05] [INF] Fetched 10 employees from page 31 with total 100000
[2026-08-28 16:37:05] [INF] HTTP GET /api/employees/paginated responded 200 in 122.0377 ms
[2026-08-28 16:37:05] [INF] Query Executed 
    SELECT
        e.Id,
        e.EmployeeCode,
        e.Name,
        d.Name AS Department,
        et.Name AS EmploymentType,
        l.Name AS Location,
        e.Attendance,
        e.Performance,
        e.ActiveProjects,
        e.ExperienceYears,
        e.Salary,
        e.JoiningYear,
        e.IsActive,
        e.DepartmentId,
        e.EmploymentTypeId,
        e.LocationId
    FROM Employees e
    INNER JOIN Departments d
        ON e.DepartmentId = d.Id
    INNER JOIN Locations l
        ON e.LocationId = l.Id
    INNER JOIN EmploymentTypes et
        ON e.EmploymentTypeId = et.Id

        order by e.Id
        OFFSET @offset rows
        FETCH NEXT  @size rows only 
        
[2026-08-28 16:37:05] [INF] Fetched 10 employees from page 33 with total 100000
[2026-08-28 16:37:05] [INF] HTTP GET /api/employees/paginated responded 200 in 36.4759 ms
[2026-08-28 16:37:05] [INF] Query Executed 
    SELECT
        e.Id,
        e.EmployeeCode,
        e.Name,
        d.Name AS Department,
        et.Name AS EmploymentType,
        l.Name AS Location,
        e.Attendance,
        e.Performance,
        e.ActiveProjects,
        e.ExperienceYears,
        e.Salary,
        e.JoiningYear,
        e.IsActive,
        e.DepartmentId,
        e.EmploymentTypeId,
        e.LocationId
    FROM Employees e
    INNER JOIN Departments d
        ON e.DepartmentId = d.Id
    INNER JOIN Locations l
        ON e.LocationId = l.Id
    INNER JOIN EmploymentTypes et
        ON e.EmploymentTypeId = et.Id

        order by e.Id
        OFFSET @offset rows
        FETCH NEXT  @size rows only 
        
[2026-08-28 16:37:05] [INF] Fetched 10 employees from page 34 with total 100000
[2026-08-28 16:37:05] [INF] HTTP GET /api/employees/paginated responded 200 in 38.6504 ms
[2026-08-28 16:37:05] [INF] Query Executed 
    SELECT
        e.Id,
        e.EmployeeCode,
        e.Name,
        d.Name AS Department,
        et.Name AS EmploymentType,
        l.Name AS Location,
        e.Attendance,
        e.Performance,
        e.ActiveProjects,
        e.ExperienceYears,
        e.Salary,
        e.JoiningYear,
        e.IsActive,
        e.DepartmentId,
        e.EmploymentTypeId,
        e.LocationId
    FROM Employees e
    INNER JOIN Departments d
        ON e.DepartmentId = d.Id
    INNER JOIN Locations l
        ON e.LocationId = l.Id
    INNER JOIN EmploymentTypes et
        ON e.EmploymentTypeId = et.Id

        order by e.Id
        OFFSET @offset rows
        FETCH NEXT  @size rows only 
        
[2026-08-28 16:37:05] [INF] Fetched 10 employees from page 34 with total 100000
[2026-08-28 16:37:05] [INF] HTTP GET /api/employees/paginated responded 200 in 46.5384 ms
[2026-08-28 16:37:07] [INF] Query Executed 
    SELECT
        e.Id,
        e.EmployeeCode,
        e.Name,
        d.Name AS Department,
        et.Name AS EmploymentType,
        l.Name AS Location,
        e.Attendance,
        e.Performance,
        e.ActiveProjects,
        e.ExperienceYears,
        e.Salary,
        e.JoiningYear,
        e.IsActive,
        e.DepartmentId,
        e.EmploymentTypeId,
        e.LocationId
    FROM Employees e
    INNER JOIN Departments d
        ON e.DepartmentId = d.Id
    INNER JOIN Locations l
        ON e.LocationId = l.Id
    INNER JOIN EmploymentTypes et
        ON e.EmploymentTypeId = et.Id

        order by e.Id
        OFFSET @offset rows
        FETCH NEXT  @size rows only 
        
[2026-08-28 16:37:07] [INF] Fetched 10 employees from page 34 with total 100000
[2026-08-28 16:37:07] [INF] HTTP GET /api/employees/paginated responded 200 in 55.1623 ms
[2026-08-28 16:37:07] [INF] Query Executed 
    SELECT
        e.Id,
        e.EmployeeCode,
        e.Name,
        d.Name AS Department,
        et.Name AS EmploymentType,
        l.Name AS Location,
        e.Attendance,
        e.Performance,
        e.ActiveProjects,
        e.ExperienceYears,
        e.Salary,
        e.JoiningYear,
        e.IsActive,
        e.DepartmentId,
        e.EmploymentTypeId,
        e.LocationId
    FROM Employees e
    INNER JOIN Departments d
        ON e.DepartmentId = d.Id
    INNER JOIN Locations l
        ON e.LocationId = l.Id
    INNER JOIN EmploymentTypes et
        ON e.EmploymentTypeId = et.Id

        order by e.Id
        OFFSET @offset rows
        FETCH NEXT  @size rows only 
        
[2026-08-28 16:37:07] [INF] Fetched 10 employees from page 34 with total 100000
[2026-08-28 16:37:07] [INF] HTTP GET /api/employees/paginated responded 200 in 38.1227 ms
[2026-08-28 16:37:07] [INF] Query Executed 
    SELECT
        e.Id,
        e.EmployeeCode,
        e.Name,
        d.Name AS Department,
        et.Name AS EmploymentType,
        l.Name AS Location,
        e.Attendance,
        e.Performance,
        e.ActiveProjects,
        e.ExperienceYears,
        e.Salary,
        e.JoiningYear,
        e.IsActive,
        e.DepartmentId,
        e.EmploymentTypeId,
        e.LocationId
    FROM Employees e
    INNER JOIN Departments d
        ON e.DepartmentId = d.Id
    INNER JOIN Locations l
        ON e.LocationId = l.Id
    INNER JOIN EmploymentTypes et
        ON e.EmploymentTypeId = et.Id

        order by e.Id
        OFFSET @offset rows
        FETCH NEXT  @size rows only 
        
[2026-08-28 16:37:07] [INF] Fetched 10 employees from page 39 with total 100000
[2026-08-28 16:37:07] [INF] HTTP GET /api/employees/paginated responded 200 in 40.7148 ms
[2026-08-28 16:37:07] [INF] Query Executed 
    SELECT
        e.Id,
        e.EmployeeCode,
        e.Name,
        d.Name AS Department,
        et.Name AS EmploymentType,
        l.Name AS Location,
        e.Attendance,
        e.Performance,
        e.ActiveProjects,
        e.ExperienceYears,
        e.Salary,
        e.JoiningYear,
        e.IsActive,
        e.DepartmentId,
        e.EmploymentTypeId,
        e.LocationId
    FROM Employees e
    INNER JOIN Departments d
        ON e.DepartmentId = d.Id
    INNER JOIN Locations l
        ON e.LocationId = l.Id
    INNER JOIN EmploymentTypes et
        ON e.EmploymentTypeId = et.Id

        order by e.Id
        OFFSET @offset rows
        FETCH NEXT  @size rows only 
        
[2026-08-28 16:37:07] [INF] Fetched 10 employees from page 40 with total 100000
[2026-08-28 16:37:07] [INF] HTTP GET /api/employees/paginated responded 200 in 50.4643 ms
[2026-08-28 16:37:07] [INF] Query Executed 
    SELECT
        e.Id,
        e.EmployeeCode,
        e.Name,
        d.Name AS Department,
        et.Name AS EmploymentType,
        l.Name AS Location,
        e.Attendance,
        e.Performance,
        e.ActiveProjects,
        e.ExperienceYears,
        e.Salary,
        e.JoiningYear,
        e.IsActive,
        e.DepartmentId,
        e.EmploymentTypeId,
        e.LocationId
    FROM Employees e
    INNER JOIN Departments d
        ON e.DepartmentId = d.Id
    INNER JOIN Locations l
        ON e.LocationId = l.Id
    INNER JOIN EmploymentTypes et
        ON e.EmploymentTypeId = et.Id

        order by e.Id
        OFFSET @offset rows
        FETCH NEXT  @size rows only 
        
[2026-08-28 16:37:08] [INF] Fetched 10 employees from page 43 with total 100000
[2026-08-28 16:37:08] [INF] HTTP GET /api/employees/paginated responded 200 in 42.8540 ms
[2026-08-28 16:37:08] [INF] Query Executed 
    SELECT
        e.Id,
        e.EmployeeCode,
        e.Name,
        d.Name AS Department,
        et.Name AS EmploymentType,
        l.Name AS Location,
        e.Attendance,
        e.Performance,
        e.ActiveProjects,
        e.ExperienceYears,
        e.Salary,
        e.JoiningYear,
        e.IsActive,
        e.DepartmentId,
        e.EmploymentTypeId,
        e.LocationId
    FROM Employees e
    INNER JOIN Departments d
        ON e.DepartmentId = d.Id
    INNER JOIN Locations l
        ON e.LocationId = l.Id
    INNER JOIN EmploymentTypes et
        ON e.EmploymentTypeId = et.Id

        order by e.Id
        OFFSET @offset rows
        FETCH NEXT  @size rows only 
        
[2026-08-28 16:37:08] [INF] Fetched 10 employees from page 43 with total 100000
[2026-08-28 16:37:08] [INF] HTTP GET /api/employees/paginated responded 200 in 22.6020 ms
[2026-08-28 16:37:13] [INF] Query Executed 
    SELECT
        e.Id,
        e.EmployeeCode,
        e.Name,
        d.Name AS Department,
        et.Name AS EmploymentType,
        l.Name AS Location,
        e.Attendance,
        e.Performance,
        e.ActiveProjects,
        e.ExperienceYears,
        e.Salary,
        e.JoiningYear,
        e.IsActive,
        e.DepartmentId,
        e.EmploymentTypeId,
        e.LocationId
    FROM Employees e
    INNER JOIN Departments d
        ON e.DepartmentId = d.Id
    INNER JOIN Locations l
        ON e.LocationId = l.Id
    INNER JOIN EmploymentTypes et
        ON e.EmploymentTypeId = et.Id

        order by e.Id
        OFFSET @offset rows
        FETCH NEXT  @size rows only 
        
[2026-08-28 16:37:13] [INF] Fetched 10 employees from page 39 with total 100000
[2026-08-28 16:37:13] [INF] HTTP GET /api/employees/paginated responded 200 in 22.2204 ms
[2026-08-28 16:37:23] [INF] Query Executed 
    SELECT
        e.Id,
        e.EmployeeCode,
        e.Name,
        d.Name AS Department,
        et.Name AS EmploymentType,
        l.Name AS Location,
        e.Attendance,
        e.Performance,
        e.ActiveProjects,
        e.ExperienceYears,
        e.Salary,
        e.JoiningYear,
        e.IsActive,
        e.DepartmentId,
        e.EmploymentTypeId,
        e.LocationId
    FROM Employees e
    INNER JOIN Departments d
        ON e.DepartmentId = d.Id
    INNER JOIN Locations l
        ON e.LocationId = l.Id
    INNER JOIN EmploymentTypes et
        ON e.EmploymentTypeId = et.Id

        order by e.Id
        OFFSET @offset rows
        FETCH NEXT  @size rows only 
        
[2026-08-28 16:37:24] [INF] Fetched 10 employees from page 42 with total 100000
[2026-08-28 16:37:24] [INF] HTTP GET /api/employees/paginated responded 200 in 42.8817 ms
[2026-08-28 16:37:24] [INF] Query Executed 
    SELECT
        e.Id,
        e.EmployeeCode,
        e.Name,
        d.Name AS Department,
        et.Name AS EmploymentType,
        l.Name AS Location,
        e.Attendance,
        e.Performance,
        e.ActiveProjects,
        e.ExperienceYears,
        e.Salary,
        e.JoiningYear,
        e.IsActive,
        e.DepartmentId,
        e.EmploymentTypeId,
        e.LocationId
    FROM Employees e
    INNER JOIN Departments d
        ON e.DepartmentId = d.Id
    INNER JOIN Locations l
        ON e.LocationId = l.Id
    INNER JOIN EmploymentTypes et
        ON e.EmploymentTypeId = et.Id

        order by e.Id
        OFFSET @offset rows
        FETCH NEXT  @size rows only 
        
[2026-08-28 16:37:24] [INF] Fetched 10 employees from page 42 with total 100000
[2026-08-28 16:37:24] [INF] HTTP GET /api/employees/paginated responded 200 in 39.8492 ms
[2026-08-28 16:37:24] [INF] Query Executed 
    SELECT
        e.Id,
        e.EmployeeCode,
        e.Name,
        d.Name AS Department,
        et.Name AS EmploymentType,
        l.Name AS Location,
        e.Attendance,
        e.Performance,
        e.ActiveProjects,
        e.ExperienceYears,
        e.Salary,
        e.JoiningYear,
        e.IsActive,
        e.DepartmentId,
        e.EmploymentTypeId,
        e.LocationId
    FROM Employees e
    INNER JOIN Departments d
        ON e.DepartmentId = d.Id
    INNER JOIN Locations l
        ON e.LocationId = l.Id
    INNER JOIN EmploymentTypes et
        ON e.EmploymentTypeId = et.Id

        order by e.Id
        OFFSET @offset rows
        FETCH NEXT  @size rows only 
        
[2026-08-28 16:37:24] [INF] Fetched 10 employees from page 48 with total 100000
[2026-08-28 16:37:24] [INF] HTTP GET /api/employees/paginated responded 200 in 42.7320 ms
[2026-08-28 16:37:24] [INF] Query Executed 
    SELECT
        e.Id,
        e.EmployeeCode,
        e.Name,
        d.Name AS Department,
        et.Name AS EmploymentType,
        l.Name AS Location,
        e.Attendance,
        e.Performance,
        e.ActiveProjects,
        e.ExperienceYears,
        e.Salary,
        e.JoiningYear,
        e.IsActive,
        e.DepartmentId,
        e.EmploymentTypeId,
        e.LocationId
    FROM Employees e
    INNER JOIN Departments d
        ON e.DepartmentId = d.Id
    INNER JOIN Locations l
        ON e.LocationId = l.Id
    INNER JOIN EmploymentTypes et
        ON e.EmploymentTypeId = et.Id

        order by e.Id
        OFFSET @offset rows
        FETCH NEXT  @size rows only 
        
[2026-08-28 16:37:24] [INF] Fetched 10 employees from page 49 with total 100000
[2026-08-28 16:37:24] [INF] HTTP GET /api/employees/paginated responded 200 in 42.7268 ms
[2026-08-28 16:37:24] [INF] Query Executed 
    SELECT
        e.Id,
        e.EmployeeCode,
        e.Name,
        d.Name AS Department,
        et.Name AS EmploymentType,
        l.Name AS Location,
        e.Attendance,
        e.Performance,
        e.ActiveProjects,
        e.ExperienceYears,
        e.Salary,
        e.JoiningYear,
        e.IsActive,
        e.DepartmentId,
        e.EmploymentTypeId,
        e.LocationId
    FROM Employees e
    INNER JOIN Departments d
        ON e.DepartmentId = d.Id
    INNER JOIN Locations l
        ON e.LocationId = l.Id
    INNER JOIN EmploymentTypes et
        ON e.EmploymentTypeId = et.Id

        order by e.Id
        OFFSET @offset rows
        FETCH NEXT  @size rows only 
        
[2026-08-28 16:37:24] [INF] Fetched 10 employees from page 49 with total 100000
[2026-08-28 16:37:24] [INF] HTTP GET /api/employees/paginated responded 200 in 41.9042 ms
[2026-08-28 16:37:27] [INF] Query Executed 
    SELECT
        e.Id,
        e.EmployeeCode,
        e.Name,
        d.Name AS Department,
        et.Name AS EmploymentType,
        l.Name AS Location,
        e.Attendance,
        e.Performance,
        e.ActiveProjects,
        e.ExperienceYears,
        e.Salary,
        e.JoiningYear,
        e.IsActive,
        e.DepartmentId,
        e.EmploymentTypeId,
        e.LocationId
    FROM Employees e
    INNER JOIN Departments d
        ON e.DepartmentId = d.Id
    INNER JOIN Locations l
        ON e.LocationId = l.Id
    INNER JOIN EmploymentTypes et
        ON e.EmploymentTypeId = et.Id

        order by e.Id
        OFFSET @offset rows
        FETCH NEXT  @size rows only 
        
[2026-08-28 16:37:27] [INF] Fetched 10 employees from page 0 with total 100000
[2026-08-28 16:37:27] [INF] HTTP GET /api/employees/paginated responded 200 in 233.3184 ms
[2026-08-28 16:37:27] [INF] Query Executed 
    SELECT
        e.Id,
        e.EmployeeCode,
        e.Name,
        d.Name AS Department,
        et.Name AS EmploymentType,
        l.Name AS Location,
        e.Attendance,
        e.Performance,
        e.ActiveProjects,
        e.ExperienceYears,
        e.Salary,
        e.JoiningYear,
        e.IsActive,
        e.DepartmentId,
        e.EmploymentTypeId,
        e.LocationId
    FROM Employees e
    INNER JOIN Departments d
        ON e.DepartmentId = d.Id
    INNER JOIN Locations l
        ON e.LocationId = l.Id
    INNER JOIN EmploymentTypes et
        ON e.EmploymentTypeId = et.Id

        order by e.Id
        OFFSET @offset rows
        FETCH NEXT  @size rows only 
        
[2026-08-28 16:37:27] [INF] Fetched 10 employees from page 0 with total 100000
[2026-08-28 16:37:27] [INF] HTTP GET /api/employees/paginated responded 200 in 65.4534 ms
