[2026-09-04 10:36:40] [INF] Now listening on: http://localhost:5054
[2026-09-04 10:36:40] [INF] Application started. Press Ctrl+C to shut down.
[2026-09-04 10:36:40] [INF] Hosting environment: Development
[2026-09-04 10:36:40] [INF] Content root path: C:\Users\Z100179\Desktop\MainFolder\Backend
[2026-09-04 10:36:40] [WRN] Failed to determine the https port for redirect.
[2026-09-04 10:36:41] [INF] HTTP GET /swagger/index.html responded 200 in 148.9317 ms
[2026-09-04 10:36:41] [WRN] Unable to configure browser refresh script injection on the response. This may have been caused by the response's Content-Encoding: '["br"]'. Consider disabling response compression.
[2026-09-04 10:36:41] [INF] HTTP GET /swagger/v1/swagger.json responded 200 in 177.9831 ms
[2026-09-04 12:39:56] [INF] HTTP GET /swagger/v1/swagger.json responded 200 in 32.3833 ms
[2026-09-04 16:20:56] [INF] Login started
[2026-09-04 16:20:57] [INF] User string1234@gmail.com logged in successfully. JWT token generated
[2026-09-04 16:20:57] [INF] Login ended in 674.27 ms
[2026-09-04 16:20:57] [INF] HTTP POST /api/auth/login responded 200 in 918.4450 ms
[2026-09-04 16:20:57] [INF] Executing dashboard summary query. Filters: DepartmentId=ALL, EmploymentTypeId=ALL, LocationId=ALL. Query: 
        SELECT
            COUNT(*) AS TotalEmployees,
            COALESCE(SUM(CASE WHEN IsActive = 1 THEN 1 ELSE 0 END), 0) AS ActiveEmployees,
            COALESCE(AVG(CAST(Attendance AS DECIMAL(10, 2))), 0) AS AverageAttendance,
            COALESCE(AVG(CAST(Performance AS DECIMAL(10, 2))), 0) AS AveragePerformance
        FROM Employees
        WHERE (@DepartmentId IS NULL OR DepartmentId = @DepartmentId)
          AND (@EmploymentTypeId IS NULL OR EmploymentTypeId = @EmploymentTypeId)
          AND (@LocationId IS NULL OR LocationId = @LocationId)
[2026-09-04 16:20:58] [INF] Dashboard summary query executed. Filters: DepartmentId=ALL, EmploymentTypeId=ALL, LocationId=ALL. Result: TotalEmployees=100000, ActiveEmployees=93334
[2026-09-04 16:20:58] [INF] HTTP GET /api/dashboard/summary responded 200 in 383.1452 ms
[2026-09-04 16:20:58] [INF] Executing dashboard summary query. Filters: DepartmentId=ALL, EmploymentTypeId=ALL, LocationId=ALL. Query: 
        SELECT
            COUNT(*) AS TotalEmployees,
            COALESCE(SUM(CASE WHEN IsActive = 1 THEN 1 ELSE 0 END), 0) AS ActiveEmployees,
            COALESCE(AVG(CAST(Attendance AS DECIMAL(10, 2))), 0) AS AverageAttendance,
            COALESCE(AVG(CAST(Performance AS DECIMAL(10, 2))), 0) AS AveragePerformance
        FROM Employees
        WHERE (@DepartmentId IS NULL OR DepartmentId = @DepartmentId)
          AND (@EmploymentTypeId IS NULL OR EmploymentTypeId = @EmploymentTypeId)
          AND (@LocationId IS NULL OR LocationId = @LocationId)
[2026-09-04 16:20:58] [INF] GetFilters started
[2026-09-04 16:20:58] [INF] Loaded 5 departments, 4 locations, 4 employment types, 11 skills
[2026-09-04 16:20:58] [INF] GetFilters ended in 52.17 ms
[2026-09-04 16:20:58] [INF] Dashboard summary query executed. Filters: DepartmentId=ALL, EmploymentTypeId=ALL, LocationId=ALL. Result: TotalEmployees=100000, ActiveEmployees=93334
[2026-09-04 16:20:58] [INF] HTTP GET /api/dashboard/summary responded 200 in 147.9803 ms
[2026-09-04 16:20:58] [INF] HTTP GET /api/filters responded 200 in 86.3938 ms
[2026-09-04 16:21:01] [INF] GetEmployees started
[2026-09-04 16:21:01] [INF] Query executed :
    SELECT
        e.Id,
        e.EmployeeCode,
        e.Name,
        d.Name AS Department,
        et.Name AS EmploymentType,
        l.Name AS Location,
        e.Attendance,
        e.Performance,
        e.ActiveProjects,
        e.ExperienceYears,
        e.Salary,
        e.JoiningYear,
        e.IsActive,
        e.DepartmentId,
        e.EmploymentTypeId,
        e.LocationId
    FROM Employees e
    INNER JOIN Departments d
        ON e.DepartmentId = d.Id
    INNER JOIN Locations l
        ON e.LocationId = l.Id
    INNER JOIN EmploymentTypes et
        ON e.EmploymentTypeId = et.Id
[2026-09-04 16:21:02] [INF] Fetched 100000 employees
[2026-09-04 16:21:02] [INF] GetEmployees ended in 847.69 ms
[2026-09-04 16:21:02] [INF] GetEmployees started
[2026-09-04 16:21:02] [INF] Query executed :
    SELECT
        e.Id,
        e.EmployeeCode,
        e.Name,
        d.Name AS Department,
        et.Name AS EmploymentType,
        l.Name AS Location,
        e.Attendance,
        e.Performance,
        e.ActiveProjects,
        e.ExperienceYears,
        e.Salary,
        e.JoiningYear,
        e.IsActive,
        e.DepartmentId,
        e.EmploymentTypeId,
        e.LocationId
    FROM Employees e
    INNER JOIN Departments d
        ON e.DepartmentId = d.Id
    INNER JOIN Locations l
        ON e.LocationId = l.Id
    INNER JOIN EmploymentTypes et
        ON e.EmploymentTypeId = et.Id
[2026-09-04 16:21:02] [INF] Fetched 100000 employees
[2026-09-04 16:21:02] [INF] GetEmployees ended in 657.39 ms
[2026-09-04 16:21:03] [INF] HTTP GET /api/employees responded 200 in 1991.7109 ms
[2026-09-04 16:21:03] [INF] HTTP GET /api/employees responded 200 in 1530.0993 ms
[2026-09-04 16:21:17] [INF] Query Executed 
    SELECT
        e.Id,
        e.EmployeeCode,
        e.Name,
        d.Name AS Department,
        et.Name AS EmploymentType,
        l.Name AS Location,
        e.Attendance,
        e.Performance,
        e.ActiveProjects,
        e.ExperienceYears,
        e.Salary,
        e.JoiningYear,
        e.IsActive,
        e.DepartmentId,
        e.EmploymentTypeId,
        e.LocationId
    FROM Employees e
    INNER JOIN Departments d
        ON e.DepartmentId = d.Id
    INNER JOIN Locations l
        ON e.LocationId = l.Id
    INNER JOIN EmploymentTypes et
        ON e.EmploymentTypeId = et.Id
    WHERE (@DepartmentId IS NULL OR e.DepartmentId = @DepartmentId)
      AND (@EmploymentTypeId IS NULL OR e.EmploymentTypeId = @EmploymentTypeId)
      AND (@LocationId IS NULL OR e.LocationId = @LocationId)
        order by e.Id
        OFFSET @offset rows
        FETCH NEXT  @size rows only
        
[2026-09-04 16:21:18] [INF] Fetched 10 employees from page 0 with total 100000
[2026-09-04 16:21:18] [INF] HTTP GET /api/employees/paginated responded 200 in 149.4842 ms
[2026-09-04 16:21:18] [INF] Query Executed 
    SELECT
        e.Id,
        e.EmployeeCode,
        e.Name,
        d.Name AS Department,
        et.Name AS EmploymentType,
        l.Name AS Location,
        e.Attendance,
        e.Performance,
        e.ActiveProjects,
        e.ExperienceYears,
        e.Salary,
        e.JoiningYear,
        e.IsActive,
        e.DepartmentId,
        e.EmploymentTypeId,
        e.LocationId
    FROM Employees e
    INNER JOIN Departments d
        ON e.DepartmentId = d.Id
    INNER JOIN Locations l
        ON e.LocationId = l.Id
    INNER JOIN EmploymentTypes et
        ON e.EmploymentTypeId = et.Id
    WHERE (@DepartmentId IS NULL OR e.DepartmentId = @DepartmentId)
      AND (@EmploymentTypeId IS NULL OR e.EmploymentTypeId = @EmploymentTypeId)
      AND (@LocationId IS NULL OR e.LocationId = @LocationId)
        order by e.Id
        OFFSET @offset rows
        FETCH NEXT  @size rows only
        
[2026-09-04 16:21:18] [INF] Fetched 10 employees from page 0 with total 100000
[2026-09-04 16:21:18] [INF] HTTP GET /api/employees/paginated responded 200 in 38.1141 ms
[2026-09-04 16:21:34] [INF] GetEmployees started
[2026-09-04 16:21:34] [INF] Query executed :
    SELECT
        e.Id,
        e.EmployeeCode,
        e.Name,
        d.Name AS Department,
        et.Name AS EmploymentType,
        l.Name AS Location,
        e.Attendance,
        e.Performance,
        e.ActiveProjects,
        e.ExperienceYears,
        e.Salary,
        e.JoiningYear,
        e.IsActive,
        e.DepartmentId,
        e.EmploymentTypeId,
        e.LocationId
    FROM Employees e
    INNER JOIN Departments d
        ON e.DepartmentId = d.Id
    INNER JOIN Locations l
        ON e.LocationId = l.Id
    INNER JOIN EmploymentTypes et
        ON e.EmploymentTypeId = et.Id
[2026-09-04 16:21:35] [INF] Fetched 100000 employees
[2026-09-04 16:21:35] [INF] GetEmployees ended in 740.7 ms
[2026-09-04 16:21:35] [INF] HTTP GET /api/employees responded 200 in 788.9853 ms
[2026-09-04 16:21:35] [INF] GetEmployees started
[2026-09-04 16:21:35] [INF] Query executed :
    SELECT
        e.Id,
        e.EmployeeCode,
        e.Name,
        d.Name AS Department,
        et.Name AS EmploymentType,
        l.Name AS Location,
        e.Attendance,
        e.Performance,
        e.ActiveProjects,
        e.ExperienceYears,
        e.Salary,
        e.JoiningYear,
        e.IsActive,
        e.DepartmentId,
        e.EmploymentTypeId,
        e.LocationId
    FROM Employees e
    INNER JOIN Departments d
        ON e.DepartmentId = d.Id
    INNER JOIN Locations l
        ON e.LocationId = l.Id
    INNER JOIN EmploymentTypes et
        ON e.EmploymentTypeId = et.Id
[2026-09-04 16:21:35] [INF] GetEmployees started
[2026-09-04 16:21:35] [INF] Query executed :
    SELECT
        e.Id,
        e.EmployeeCode,
        e.Name,
        d.Name AS Department,
        et.Name AS EmploymentType,
        l.Name AS Location,
        e.Attendance,
        e.Performance,
        e.ActiveProjects,
        e.ExperienceYears,
        e.Salary,
        e.JoiningYear,
        e.IsActive,
        e.DepartmentId,
        e.EmploymentTypeId,
        e.LocationId
    FROM Employees e
    INNER JOIN Departments d
        ON e.DepartmentId = d.Id
    INNER JOIN Locations l
        ON e.LocationId = l.Id
    INNER JOIN EmploymentTypes et
        ON e.EmploymentTypeId = et.Id
[2026-09-04 16:21:36] [INF] GetEmployees started
[2026-09-04 16:21:36] [INF] Query executed :
    SELECT
        e.Id,
        e.EmployeeCode,
        e.Name,
        d.Name AS Department,
        et.Name AS EmploymentType,
        l.Name AS Location,
        e.Attendance,
        e.Performance,
        e.ActiveProjects,
        e.ExperienceYears,
        e.Salary,
        e.JoiningYear,
        e.IsActive,
        e.DepartmentId,
        e.EmploymentTypeId,
        e.LocationId
    FROM Employees e
    INNER JOIN Departments d
        ON e.DepartmentId = d.Id
    INNER JOIN Locations l
        ON e.LocationId = l.Id
    INNER JOIN EmploymentTypes et
        ON e.EmploymentTypeId = et.Id
[2026-09-04 16:21:36] [INF] Fetched 100000 employees
[2026-09-04 16:21:36] [INF] GetEmployees ended in 666.19 ms
[2026-09-04 16:21:36] [INF] HTTP GET /api/employees responded 200 in 668.7878 ms
[2026-09-04 16:21:36] [INF] Fetched 100000 employees
[2026-09-04 16:21:36] [INF] GetEmployees ended in 545.41 ms
[2026-09-04 16:21:36] [INF] HTTP GET /api/employees responded 200 in 547.1037 ms
[2026-09-04 16:21:36] [INF] Fetched 100000 employees
[2026-09-04 16:21:36] [INF] GetEmployees ended in 567.4 ms
[2026-09-04 16:21:36] [INF] GetEmployees started
[2026-09-04 16:21:36] [INF] Query executed :
    SELECT
        e.Id,
        e.EmployeeCode,
        e.Name,
        d.Name AS Department,
        et.Name AS EmploymentType,
        l.Name AS Location,
        e.Attendance,
        e.Performance,
        e.ActiveProjects,
        e.ExperienceYears,
        e.Salary,
        e.JoiningYear,
        e.IsActive,
        e.DepartmentId,
        e.EmploymentTypeId,
        e.LocationId
    FROM Employees e
    INNER JOIN Departments d
        ON e.DepartmentId = d.Id
    INNER JOIN Locations l
        ON e.LocationId = l.Id
    INNER JOIN EmploymentTypes et
        ON e.EmploymentTypeId = et.Id
[2026-09-04 16:21:37] [INF] HTTP GET /api/employees responded 200 in 978.7173 ms
[2026-09-04 16:21:37] [INF] Fetched 100000 employees
[2026-09-04 16:21:37] [INF] GetEmployees ended in 578.12 ms
[2026-09-04 16:21:37] [INF] HTTP GET /api/employees responded 200 in 942.6417 ms
[2026-09-04 16:21:46] [INF] Query Executed 
    SELECT
        e.Id,
        e.EmployeeCode,
        e.Name,
        d.Name AS Department,
        et.Name AS EmploymentType,
        l.Name AS Location,
        e.Attendance,
        e.Performance,
        e.ActiveProjects,
        e.ExperienceYears,
        e.Salary,
        e.JoiningYear,
        e.IsActive,
        e.DepartmentId,
        e.EmploymentTypeId,
        e.LocationId
    FROM Employees e
    INNER JOIN Departments d
        ON e.DepartmentId = d.Id
    INNER JOIN Locations l
        ON e.LocationId = l.Id
    INNER JOIN EmploymentTypes et
        ON e.EmploymentTypeId = et.Id
    WHERE (@DepartmentId IS NULL OR e.DepartmentId = @DepartmentId)
      AND (@EmploymentTypeId IS NULL OR e.EmploymentTypeId = @EmploymentTypeId)
      AND (@LocationId IS NULL OR e.LocationId = @LocationId)
        order by e.Id
        OFFSET @offset rows
        FETCH NEXT  @size rows only
        
[2026-09-04 16:21:46] [INF] Fetched 10 employees from page 0 with total 100000
[2026-09-04 16:21:46] [INF] HTTP GET /api/employees/paginated responded 200 in 115.7446 ms
[2026-09-04 16:21:46] [INF] Query Executed 
    SELECT
        e.Id,
        e.EmployeeCode,
        e.Name,
        d.Name AS Department,
        et.Name AS EmploymentType,
        l.Name AS Location,
        e.Attendance,
        e.Performance,
        e.ActiveProjects,
        e.ExperienceYears,
        e.Salary,
        e.JoiningYear,
        e.IsActive,
        e.DepartmentId,
        e.EmploymentTypeId,
        e.LocationId
    FROM Employees e
    INNER JOIN Departments d
        ON e.DepartmentId = d.Id
    INNER JOIN Locations l
        ON e.LocationId = l.Id
    INNER JOIN EmploymentTypes et
        ON e.EmploymentTypeId = et.Id
    WHERE (@DepartmentId IS NULL OR e.DepartmentId = @DepartmentId)
      AND (@EmploymentTypeId IS NULL OR e.EmploymentTypeId = @EmploymentTypeId)
      AND (@LocationId IS NULL OR e.LocationId = @LocationId)
        order by e.Id
        OFFSET @offset rows
        FETCH NEXT  @size rows only
        
[2026-09-04 16:21:46] [INF] Fetched 10 employees from page 0 with total 100000
[2026-09-04 16:21:46] [INF] HTTP GET /api/employees/paginated responded 200 in 41.8832 ms
[2026-09-04 16:21:56] [INF] Query Executed 
    SELECT
        e.Id,
        e.EmployeeCode,
        e.Name,
        d.Name AS Department,
        et.Name AS EmploymentType,
        l.Name AS Location,
        e.Attendance,
        e.Performance,
        e.ActiveProjects,
        e.ExperienceYears,
        e.Salary,
        e.JoiningYear,
        e.IsActive,
        e.DepartmentId,
        e.EmploymentTypeId,
        e.LocationId
    FROM Employees e
    INNER JOIN Departments d
        ON e.DepartmentId = d.Id
    INNER JOIN Locations l
        ON e.LocationId = l.Id
    INNER JOIN EmploymentTypes et
        ON e.EmploymentTypeId = et.Id
    WHERE (@DepartmentId IS NULL OR e.DepartmentId = @DepartmentId)
      AND (@EmploymentTypeId IS NULL OR e.EmploymentTypeId = @EmploymentTypeId)
      AND (@LocationId IS NULL OR e.LocationId = @LocationId)
        order by e.Id
        OFFSET @offset rows
        FETCH NEXT  @size rows only
        
[2026-09-04 16:21:56] [INF] Fetched 10 employees from page 0 with total 100000
[2026-09-04 16:21:56] [INF] HTTP GET /api/employees/paginated responded 200 in 47.2558 ms
[2026-09-04 16:21:56] [INF] Query Executed 
    SELECT
        e.Id,
        e.EmployeeCode,
        e.Name,
        d.Name AS Department,
        et.Name AS EmploymentType,
        l.Name AS Location,
        e.Attendance,
        e.Performance,
        e.ActiveProjects,
        e.ExperienceYears,
        e.Salary,
        e.JoiningYear,
        e.IsActive,
        e.DepartmentId,
        e.EmploymentTypeId,
        e.LocationId
    FROM Employees e
    INNER JOIN Departments d
        ON e.DepartmentId = d.Id
    INNER JOIN Locations l
        ON e.LocationId = l.Id
    INNER JOIN EmploymentTypes et
        ON e.EmploymentTypeId = et.Id
    WHERE (@DepartmentId IS NULL OR e.DepartmentId = @DepartmentId)
      AND (@EmploymentTypeId IS NULL OR e.EmploymentTypeId = @EmploymentTypeId)
      AND (@LocationId IS NULL OR e.LocationId = @LocationId)
        order by e.Id
        OFFSET @offset rows
        FETCH NEXT  @size rows only
        
[2026-09-04 16:21:56] [INF] Fetched 10 employees from page 0 with total 100000
[2026-09-04 16:21:56] [INF] HTTP GET /api/employees/paginated responded 200 in 31.2404 ms
[2026-09-04 16:22:04] [INF] GetEmployees started
[2026-09-04 16:22:04] [INF] Query executed :
    SELECT
        e.Id,
        e.EmployeeCode,
        e.Name,
        d.Name AS Department,
        et.Name AS EmploymentType,
        l.Name AS Location,
        e.Attendance,
        e.Performance,
        e.ActiveProjects,
        e.ExperienceYears,
        e.Salary,
        e.JoiningYear,
        e.IsActive,
        e.DepartmentId,
        e.EmploymentTypeId,
        e.LocationId
    FROM Employees e
    INNER JOIN Departments d
        ON e.DepartmentId = d.Id
    INNER JOIN Locations l
        ON e.LocationId = l.Id
    INNER JOIN EmploymentTypes et
        ON e.EmploymentTypeId = et.Id
[2026-09-04 16:22:05] [INF] Fetched 100000 employees
[2026-09-04 16:22:05] [INF] GetEmployees ended in 1340.03 ms
[2026-09-04 16:22:05] [INF] GetEmployees started
[2026-09-04 16:22:05] [INF] Query executed :
    SELECT
        e.Id,
        e.EmployeeCode,
        e.Name,
        d.Name AS Department,
        et.Name AS EmploymentType,
        l.Name AS Location,
        e.Attendance,
        e.Performance,
        e.ActiveProjects,
        e.ExperienceYears,
        e.Salary,
        e.JoiningYear,
        e.IsActive,
        e.DepartmentId,
        e.EmploymentTypeId,
        e.LocationId
    FROM Employees e
    INNER JOIN Departments d
        ON e.DepartmentId = d.Id
    INNER JOIN Locations l
        ON e.LocationId = l.Id
    INNER JOIN EmploymentTypes et
        ON e.EmploymentTypeId = et.Id
[2026-09-04 16:22:06] [INF] HTTP GET /api/employees responded 200 in 1688.7832 ms
[2026-09-04 16:22:06] [INF] Fetched 100000 employees
[2026-09-04 16:22:06] [INF] GetEmployees ended in 1107.51 ms
[2026-09-04 16:22:07] [INF] HTTP GET /api/employees responded 200 in 1502.2858 ms
[2026-09-04 16:23:12] [INF] GetEmployees started
[2026-09-04 16:23:12] [INF] Query executed :
    SELECT
        e.Id,
        e.EmployeeCode,
        e.Name,
        d.Name AS Department,
        et.Name AS EmploymentType,
        l.Name AS Location,
        e.Attendance,
        e.Performance,
        e.ActiveProjects,
        e.ExperienceYears,
        e.Salary,
        e.JoiningYear,
        e.IsActive,
        e.DepartmentId,
        e.EmploymentTypeId,
        e.LocationId
    FROM Employees e
    INNER JOIN Departments d
        ON e.DepartmentId = d.Id
    INNER JOIN Locations l
        ON e.LocationId = l.Id
    INNER JOIN EmploymentTypes et
        ON e.EmploymentTypeId = et.Id
[2026-09-04 16:23:13] [INF] Fetched 100000 employees
[2026-09-04 16:23:13] [INF] GetEmployees ended in 761.09 ms
[2026-09-04 16:23:13] [INF] GetEmployees started
[2026-09-04 16:23:13] [INF] Query executed :
    SELECT
        e.Id,
        e.EmployeeCode,
        e.Name,
        d.Name AS Department,
        et.Name AS EmploymentType,
        l.Name AS Location,
        e.Attendance,
        e.Performance,
        e.ActiveProjects,
        e.ExperienceYears,
        e.Salary,
        e.JoiningYear,
        e.IsActive,
        e.DepartmentId,
        e.EmploymentTypeId,
        e.LocationId
    FROM Employees e
    INNER JOIN Departments d
        ON e.DepartmentId = d.Id
    INNER JOIN Locations l
        ON e.LocationId = l.Id
    INNER JOIN EmploymentTypes et
        ON e.EmploymentTypeId = et.Id
[2026-09-04 16:23:13] [INF] HTTP GET /api/employees responded 200 in 1115.7224 ms
[2026-09-04 16:23:13] [INF] Fetched 100000 employees
[2026-09-04 16:23:13] [INF] GetEmployees ended in 628.5 ms
[2026-09-04 16:23:14] [INF] HTTP GET /api/employees responded 200 in 1312.9206 ms
[2026-09-04 16:24:36] [INF] Application is shutting down...
[2026-09-04 16:24:49] [INF] Now listening on: http://localhost:5054
[2026-09-04 16:24:49] [INF] Application started. Press Ctrl+C to shut down.
[2026-09-04 16:24:49] [INF] Hosting environment: Development
[2026-09-04 16:24:49] [INF] Content root path: C:\Users\Z100179\Desktop\MainFolder\Backend
[2026-09-04 16:24:50] [WRN] Failed to determine the https port for redirect.
[2026-09-04 16:24:50] [INF] HTTP GET /swagger/index.html responded 200 in 146.6613 ms
[2026-09-04 16:24:50] [WRN] Unable to configure browser refresh script injection on the response. This may have been caused by the response's Content-Encoding: '["br"]'. Consider disabling response compression.
[2026-09-04 16:24:50] [INF] HTTP GET /swagger/v1/swagger.json responded 200 in 112.4080 ms
[2026-09-04 16:25:13] [INF] GetEmployees started
[2026-09-04 16:25:13] [INF] Query executed :
    SELECT
        e.Id,
        e.EmployeeCode,
        e.Name,
        d.Name AS Department,
        et.Name AS EmploymentType,
        l.Name AS Location,
        e.Attendance,
        e.Performance,
        e.ActiveProjects,
        e.ExperienceYears,
        e.Salary,
        e.JoiningYear,
        e.IsActive,
        e.DepartmentId,
        e.EmploymentTypeId,
        e.LocationId
    FROM Employees e
    INNER JOIN Departments d
        ON e.DepartmentId = d.Id
    INNER JOIN Locations l
        ON e.LocationId = l.Id
    INNER JOIN EmploymentTypes et
        ON e.EmploymentTypeId = et.Id
[2026-09-04 16:25:14] [INF] Fetched 100000 employees
[2026-09-04 16:25:14] [INF] GetEmployees ended in 1464.01 ms
[2026-09-04 16:25:14] [INF] GetEmployees started
[2026-09-04 16:25:14] [INF] Query executed :
    SELECT
        e.Id,
        e.EmployeeCode,
        e.Name,
        d.Name AS Department,
        et.Name AS EmploymentType,
        l.Name AS Location,
        e.Attendance,
        e.Performance,
        e.ActiveProjects,
        e.ExperienceYears,
        e.Salary,
        e.JoiningYear,
        e.IsActive,
        e.DepartmentId,
        e.EmploymentTypeId,
        e.LocationId
    FROM Employees e
    INNER JOIN Departments d
        ON e.DepartmentId = d.Id
    INNER JOIN Locations l
        ON e.LocationId = l.Id
    INNER JOIN EmploymentTypes et
        ON e.EmploymentTypeId = et.Id
[2026-09-04 16:25:15] [INF] Fetched 100000 employees
[2026-09-04 16:25:15] [INF] GetEmployees ended in 809.57 ms
[2026-09-04 16:25:16] [INF] HTTP GET /api/employees responded 200 in 3117.6104 ms
[2026-09-04 16:25:16] [INF] HTTP GET /api/employees responded 200 in 2192.3347 ms
[2026-09-04 16:25:24] [INF] Query Executed 
    SELECT
        e.Id,
        e.EmployeeCode,
        e.Name,
        d.Name AS Department,
        et.Name AS EmploymentType,
        l.Name AS Location,
        e.Attendance,
        e.Performance,
        e.ActiveProjects,
        e.ExperienceYears,
        e.Salary,
        e.JoiningYear,
        e.IsActive,
        e.DepartmentId,
        e.EmploymentTypeId,
        e.LocationId
    FROM Employees e
    INNER JOIN Departments d
        ON e.DepartmentId = d.Id
    INNER JOIN Locations l
        ON e.LocationId = l.Id
    INNER JOIN EmploymentTypes et
        ON e.EmploymentTypeId = et.Id
    WHERE (@DepartmentId IS NULL OR e.DepartmentId = @DepartmentId)
      AND (@EmploymentTypeId IS NULL OR e.EmploymentTypeId = @EmploymentTypeId)
      AND (@LocationId IS NULL OR e.LocationId = @LocationId)
        order by e.Id
        OFFSET @offset rows
        FETCH NEXT  @size rows only
        
[2026-09-04 16:25:24] [INF] Fetched 10 employees from page 0 with total 100000
[2026-09-04 16:25:24] [INF] HTTP GET /api/employees/paginated responded 200 in 187.0818 ms
[2026-09-04 16:25:24] [INF] Query Executed 
    SELECT
        e.Id,
        e.EmployeeCode,
        e.Name,
        d.Name AS Department,
        et.Name AS EmploymentType,
        l.Name AS Location,
        e.Attendance,
        e.Performance,
        e.ActiveProjects,
        e.ExperienceYears,
        e.Salary,
        e.JoiningYear,
        e.IsActive,
        e.DepartmentId,
        e.EmploymentTypeId,
        e.LocationId
    FROM Employees e
    INNER JOIN Departments d
        ON e.DepartmentId = d.Id
    INNER JOIN Locations l
        ON e.LocationId = l.Id
    INNER JOIN EmploymentTypes et
        ON e.EmploymentTypeId = et.Id
    WHERE (@DepartmentId IS NULL OR e.DepartmentId = @DepartmentId)
      AND (@EmploymentTypeId IS NULL OR e.EmploymentTypeId = @EmploymentTypeId)
      AND (@LocationId IS NULL OR e.LocationId = @LocationId)
        order by e.Id
        OFFSET @offset rows
        FETCH NEXT  @size rows only
        
[2026-09-04 16:25:24] [INF] Fetched 10 employees from page 0 with total 100000
[2026-09-04 16:25:24] [INF] HTTP GET /api/employees/paginated responded 200 in 39.6291 ms
[2026-09-04 16:25:30] [INF] Query executed :
    SELECT
        e.Id,
        e.EmployeeCode,
        e.Name,
        d.Name AS Department,
        et.Name AS EmploymentType,
        l.Name AS Location,
        e.Attendance,
        e.Performance,
        e.ActiveProjects,
        e.ExperienceYears,
        e.Salary,
        e.JoiningYear,
        e.IsActive,
        e.DepartmentId,
        e.EmploymentTypeId,
        e.LocationId
    FROM Employees e
    INNER JOIN Departments d ON e.DepartmentId = d.Id
    INNER JOIN Locations l ON e.LocationId = l.Id
    INNER JOIN EmploymentTypes et ON e.EmploymentTypeId = et.Id
    WHERE (@DepartmentId IS NULL OR e.DepartmentId = @DepartmentId)
      AND (@EmploymentTypeId IS NULL OR e.EmploymentTypeId = @EmploymentTypeId)
      AND (@LocationId IS NULL OR e.LocationId = @LocationId)
    ORDER BY e.ActiveProjects DESC, e.Id
    OFFSET @offset ROWS FETCH NEXT @size ROWS ONLY
[2026-09-04 16:25:30] [INF] Query executed :
        SELECT
            COALESCE(SUM(e.ActiveProjects), 0) AS TotalProjects,
            COALESCE(AVG(CAST(e.ActiveProjects AS DECIMAL(10, 2))), 0) AS AverageProjects,
            COALESCE(SUM(CASE WHEN e.IsActive = 1 THEN 1 ELSE 0 END), 0) AS ActiveEmployees,
            COALESCE(MAX(e.ActiveProjects), 0) AS HighestProjects
        FROM Employees e
        WHERE (@DepartmentId IS NULL OR e.DepartmentId = @DepartmentId)
          AND (@EmploymentTypeId IS NULL OR e.EmploymentTypeId = @EmploymentTypeId)
          AND (@LocationId IS NULL OR e.LocationId = @LocationId);

        SELECT
            d.Name AS Department,
            COALESCE(SUM(e.ActiveProjects), 0) AS Projects
        FROM Employees e
        INNER JOIN Departments d ON e.DepartmentId = d.Id
        WHERE (@DepartmentId IS NULL OR e.DepartmentId = @DepartmentId)
          AND (@EmploymentTypeId IS NULL OR e.EmploymentTypeId = @EmploymentTypeId)
          AND (@LocationId IS NULL OR e.LocationId = @LocationId)
        GROUP BY d.Name
[2026-09-04 16:25:30] [INF] HTTP GET /api/dashboard/projects-summary responded 200 in 286.7461 ms
[2026-09-04 16:25:30] [INF] Query executed :
        SELECT
            COALESCE(SUM(e.ActiveProjects), 0) AS TotalProjects,
            COALESCE(AVG(CAST(e.ActiveProjects AS DECIMAL(10, 2))), 0) AS AverageProjects,
            COALESCE(SUM(CASE WHEN e.IsActive = 1 THEN 1 ELSE 0 END), 0) AS ActiveEmployees,
            COALESCE(MAX(e.ActiveProjects), 0) AS HighestProjects
        FROM Employees e
        WHERE (@DepartmentId IS NULL OR e.DepartmentId = @DepartmentId)
          AND (@EmploymentTypeId IS NULL OR e.EmploymentTypeId = @EmploymentTypeId)
          AND (@LocationId IS NULL OR e.LocationId = @LocationId);

        SELECT
            d.Name AS Department,
            COALESCE(SUM(e.ActiveProjects), 0) AS Projects
        FROM Employees e
        INNER JOIN Departments d ON e.DepartmentId = d.Id
        WHERE (@DepartmentId IS NULL OR e.DepartmentId = @DepartmentId)
          AND (@EmploymentTypeId IS NULL OR e.EmploymentTypeId = @EmploymentTypeId)
          AND (@LocationId IS NULL OR e.LocationId = @LocationId)
        GROUP BY d.Name
[2026-09-04 16:25:30] [INF] Fetched 10 top contributors from page 0 with total 100000
[2026-09-04 16:25:30] [INF] HTTP GET /api/employees/top-contributors responded 200 in 459.3660 ms
[2026-09-04 16:25:30] [INF] Query executed :
    SELECT
        e.Id,
        e.EmployeeCode,
        e.Name,
        d.Name AS Department,
        et.Name AS EmploymentType,
        l.Name AS Location,
        e.Attendance,
        e.Performance,
        e.ActiveProjects,
        e.ExperienceYears,
        e.Salary,
        e.JoiningYear,
        e.IsActive,
        e.DepartmentId,
        e.EmploymentTypeId,
        e.LocationId
    FROM Employees e
    INNER JOIN Departments d ON e.DepartmentId = d.Id
    INNER JOIN Locations l ON e.LocationId = l.Id
    INNER JOIN EmploymentTypes et ON e.EmploymentTypeId = et.Id
    WHERE (@DepartmentId IS NULL OR e.DepartmentId = @DepartmentId)
      AND (@EmploymentTypeId IS NULL OR e.EmploymentTypeId = @EmploymentTypeId)
      AND (@LocationId IS NULL OR e.LocationId = @LocationId)
    ORDER BY e.ActiveProjects DESC, e.Id
    OFFSET @offset ROWS FETCH NEXT @size ROWS ONLY
[2026-09-04 16:25:30] [INF] HTTP GET /api/dashboard/projects-summary responded 200 in 307.0612 ms
[2026-09-04 16:25:30] [INF] GetEmployees started
[2026-09-04 16:25:30] [INF] Query executed :
    SELECT
        e.Id,
        e.EmployeeCode,
        e.Name,
        d.Name AS Department,
        et.Name AS EmploymentType,
        l.Name AS Location,
        e.Attendance,
        e.Performance,
        e.ActiveProjects,
        e.ExperienceYears,
        e.Salary,
        e.JoiningYear,
        e.IsActive,
        e.DepartmentId,
        e.EmploymentTypeId,
        e.LocationId
    FROM Employees e
    INNER JOIN Departments d
        ON e.DepartmentId = d.Id
    INNER JOIN Locations l
        ON e.LocationId = l.Id
    INNER JOIN EmploymentTypes et
        ON e.EmploymentTypeId = et.Id
[2026-09-04 16:25:31] [INF] Fetched 10 top contributors from page 0 with total 100000
[2026-09-04 16:25:31] [INF] HTTP GET /api/employees/top-contributors responded 200 in 453.6819 ms
[2026-09-04 16:25:31] [INF] Fetched 100000 employees
[2026-09-04 16:25:31] [INF] GetEmployees ended in 618.09 ms
[2026-09-04 16:25:31] [INF] GetEmployees started
[2026-09-04 16:25:31] [INF] Query executed :
    SELECT
        e.Id,
        e.EmployeeCode,
        e.Name,
        d.Name AS Department,
        et.Name AS EmploymentType,
        l.Name AS Location,
        e.Attendance,
        e.Performance,
        e.ActiveProjects,
        e.ExperienceYears,
        e.Salary,
        e.JoiningYear,
        e.IsActive,
        e.DepartmentId,
        e.EmploymentTypeId,
        e.LocationId
    FROM Employees e
    INNER JOIN Departments d
        ON e.DepartmentId = d.Id
    INNER JOIN Locations l
        ON e.LocationId = l.Id
    INNER JOIN EmploymentTypes et
        ON e.EmploymentTypeId = et.Id
[2026-09-04 16:25:31] [INF] HTTP GET /api/employees responded 200 in 926.5235 ms
[2026-09-04 16:25:32] [INF] Fetched 100000 employees
[2026-09-04 16:25:32] [INF] GetEmployees ended in 719.63 ms
[2026-09-04 16:25:33] [INF] HTTP GET /api/employees responded 200 in 1746.3568 ms
[2026-09-04 16:28:20] [INF] Query Executed 
    SELECT
        e.Id,
        e.EmployeeCode,
        e.Name,
        d.Name AS Department,
        et.Name AS EmploymentType,
        l.Name AS Location,
        e.Attendance,
        e.Performance,
        e.ActiveProjects,
        e.ExperienceYears,
        e.Salary,
        e.JoiningYear,
        e.IsActive,
        e.DepartmentId,
        e.EmploymentTypeId,
        e.LocationId
    FROM Employees e
    INNER JOIN Departments d
        ON e.DepartmentId = d.Id
    INNER JOIN Locations l
        ON e.LocationId = l.Id
    INNER JOIN EmploymentTypes et
        ON e.EmploymentTypeId = et.Id
    WHERE (@DepartmentId IS NULL OR e.DepartmentId = @DepartmentId)
      AND (@EmploymentTypeId IS NULL OR e.EmploymentTypeId = @EmploymentTypeId)
      AND (@LocationId IS NULL OR e.LocationId = @LocationId)
        order by e.Id
        OFFSET @offset rows
        FETCH NEXT  @size rows only
        
[2026-09-04 16:28:20] [INF] Fetched 10 employees from page 0 with total 100000
[2026-09-04 16:28:20] [INF] HTTP GET /api/employees/paginated responded 200 in 86.1030 ms
[2026-09-04 16:28:20] [INF] Query Executed 
    SELECT
        e.Id,
        e.EmployeeCode,
        e.Name,
        d.Name AS Department,
        et.Name AS EmploymentType,
        l.Name AS Location,
        e.Attendance,
        e.Performance,
        e.ActiveProjects,
        e.ExperienceYears,
        e.Salary,
        e.JoiningYear,
        e.IsActive,
        e.DepartmentId,
        e.EmploymentTypeId,
        e.LocationId
    FROM Employees e
    INNER JOIN Departments d
        ON e.DepartmentId = d.Id
    INNER JOIN Locations l
        ON e.LocationId = l.Id
    INNER JOIN EmploymentTypes et
        ON e.EmploymentTypeId = et.Id
    WHERE (@DepartmentId IS NULL OR e.DepartmentId = @DepartmentId)
      AND (@EmploymentTypeId IS NULL OR e.EmploymentTypeId = @EmploymentTypeId)
      AND (@LocationId IS NULL OR e.LocationId = @LocationId)
        order by e.Id
        OFFSET @offset rows
        FETCH NEXT  @size rows only
        
[2026-09-04 16:28:20] [INF] Fetched 10 employees from page 0 with total 100000
[2026-09-04 16:28:20] [INF] HTTP GET /api/employees/paginated responded 200 in 34.1266 ms
[2026-09-04 16:28:21] [INF] GetEmployees started
[2026-09-04 16:28:21] [INF] Query executed :
    SELECT
        e.Id,
        e.EmployeeCode,
        e.Name,
        d.Name AS Department,
        et.Name AS EmploymentType,
        l.Name AS Location,
        e.Attendance,
        e.Performance,
        e.ActiveProjects,
        e.ExperienceYears,
        e.Salary,
        e.JoiningYear,
        e.IsActive,
        e.DepartmentId,
        e.EmploymentTypeId,
        e.LocationId
    FROM Employees e
    INNER JOIN Departments d
        ON e.DepartmentId = d.Id
    INNER JOIN Locations l
        ON e.LocationId = l.Id
    INNER JOIN EmploymentTypes et
        ON e.EmploymentTypeId = et.Id
[2026-09-04 16:28:22] [INF] Fetched 100000 employees
[2026-09-04 16:28:22] [INF] GetEmployees ended in 791.65 ms
[2026-09-04 16:28:22] [INF] GetEmployees started
[2026-09-04 16:28:22] [INF] Query executed :
    SELECT
        e.Id,
        e.EmployeeCode,
        e.Name,
        d.Name AS Department,
        et.Name AS EmploymentType,
        l.Name AS Location,
        e.Attendance,
        e.Performance,
        e.ActiveProjects,
        e.ExperienceYears,
        e.Salary,
        e.JoiningYear,
        e.IsActive,
        e.DepartmentId,
        e.EmploymentTypeId,
        e.LocationId
    FROM Employees e
    INNER JOIN Departments d
        ON e.DepartmentId = d.Id
    INNER JOIN Locations l
        ON e.LocationId = l.Id
    INNER JOIN EmploymentTypes et
        ON e.EmploymentTypeId = et.Id
[2026-09-04 16:28:22] [INF] HTTP GET /api/employees responded 200 in 1130.5226 ms
[2026-09-04 16:28:22] [INF] Fetched 100000 employees
[2026-09-04 16:28:22] [INF] GetEmployees ended in 542.75 ms
[2026-09-04 16:28:24] [INF] HTTP GET /api/employees responded 200 in 1637.9445 ms
[2026-09-04 16:28:26] [INF] GetEmployees started
[2026-09-04 16:28:26] [INF] Query executed :
    SELECT
        e.Id,
        e.EmployeeCode,
        e.Name,
        d.Name AS Department,
        et.Name AS EmploymentType,
        l.Name AS Location,
        e.Attendance,
        e.Performance,
        e.ActiveProjects,
        e.ExperienceYears,
        e.Salary,
        e.JoiningYear,
        e.IsActive,
        e.DepartmentId,
        e.EmploymentTypeId,
        e.LocationId
    FROM Employees e
    INNER JOIN Departments d
        ON e.DepartmentId = d.Id
    INNER JOIN Locations l
        ON e.LocationId = l.Id
    INNER JOIN EmploymentTypes et
        ON e.EmploymentTypeId = et.Id
[2026-09-04 16:28:26] [INF] Fetched 100000 employees
[2026-09-04 16:28:26] [INF] GetEmployees ended in 600.44 ms
[2026-09-04 16:28:26] [INF] GetEmployees started
[2026-09-04 16:28:26] [INF] Query executed :
    SELECT
        e.Id,
        e.EmployeeCode,
        e.Name,
        d.Name AS Department,
        et.Name AS EmploymentType,
        l.Name AS Location,
        e.Attendance,
        e.Performance,
        e.ActiveProjects,
        e.ExperienceYears,
        e.Salary,
        e.JoiningYear,
        e.IsActive,
        e.DepartmentId,
        e.EmploymentTypeId,
        e.LocationId
    FROM Employees e
    INNER JOIN Departments d
        ON e.DepartmentId = d.Id
    INNER JOIN Locations l
        ON e.LocationId = l.Id
    INNER JOIN EmploymentTypes et
        ON e.EmploymentTypeId = et.Id
[2026-09-04 16:28:27] [INF] HTTP GET /api/employees responded 200 in 959.4840 ms
[2026-09-04 16:28:27] [INF] Fetched 100000 employees
[2026-09-04 16:28:27] [INF] GetEmployees ended in 672.33 ms
[2026-09-04 16:28:28] [INF] HTTP GET /api/employees responded 200 in 1400.5401 ms
[2026-09-04 16:29:07] [INF] GetEmployees started
[2026-09-04 16:29:07] [INF] Query executed :
    SELECT
        e.Id,
        e.EmployeeCode,
        e.Name,
        d.Name AS Department,
        et.Name AS EmploymentType,
        l.Name AS Location,
        e.Attendance,
        e.Performance,
        e.ActiveProjects,
        e.ExperienceYears,
        e.Salary,
        e.JoiningYear,
        e.IsActive,
        e.DepartmentId,
        e.EmploymentTypeId,
        e.LocationId
    FROM Employees e
    INNER JOIN Departments d
        ON e.DepartmentId = d.Id
    INNER JOIN Locations l
        ON e.LocationId = l.Id
    INNER JOIN EmploymentTypes et
        ON e.EmploymentTypeId = et.Id
[2026-09-04 16:29:08] [INF] Fetched 100000 employees
[2026-09-04 16:29:08] [INF] GetEmployees ended in 624.72 ms
[2026-09-04 16:29:08] [INF] HTTP GET /api/employees responded 200 in 1018.3180 ms
[2026-09-04 16:29:10] [INF] GetEmployees started
[2026-09-04 16:29:10] [INF] Query executed :
    SELECT
        e.Id,
        e.EmployeeCode,
        e.Name,
        d.Name AS Department,
        et.Name AS EmploymentType,
        l.Name AS Location,
        e.Attendance,
        e.Performance,
        e.ActiveProjects,
        e.ExperienceYears,
        e.Salary,
        e.JoiningYear,
        e.IsActive,
        e.DepartmentId,
        e.EmploymentTypeId,
        e.LocationId
    FROM Employees e
    INNER JOIN Departments d
        ON e.DepartmentId = d.Id
    INNER JOIN Locations l
        ON e.LocationId = l.Id
    INNER JOIN EmploymentTypes et
        ON e.EmploymentTypeId = et.Id
[2026-09-04 16:29:11] [INF] Fetched 100000 employees
[2026-09-04 16:29:11] [INF] GetEmployees ended in 553.05 ms
[2026-09-04 16:29:11] [INF] HTTP GET /api/employees responded 200 in 908.1925 ms
[2026-09-04 16:29:14] [INF] Query Executed 
    SELECT
        e.Id,
        e.EmployeeCode,
        e.Name,
        d.Name AS Department,
        et.Name AS EmploymentType,
        l.Name AS Location,
        e.Attendance,
        e.Performance,
        e.ActiveProjects,
        e.ExperienceYears,
        e.Salary,
        e.JoiningYear,
        e.IsActive,
        e.DepartmentId,
        e.EmploymentTypeId,
        e.LocationId
    FROM Employees e
    INNER JOIN Departments d
        ON e.DepartmentId = d.Id
    INNER JOIN Locations l
        ON e.LocationId = l.Id
    INNER JOIN EmploymentTypes et
        ON e.EmploymentTypeId = et.Id
    WHERE (@DepartmentId IS NULL OR e.DepartmentId = @DepartmentId)
      AND (@EmploymentTypeId IS NULL OR e.EmploymentTypeId = @EmploymentTypeId)
      AND (@LocationId IS NULL OR e.LocationId = @LocationId)
        order by e.Id
        OFFSET @offset rows
        FETCH NEXT  @size rows only
        
[2026-09-04 16:29:14] [INF] Fetched 10 employees from page 0 with total 100000
[2026-09-04 16:29:14] [INF] HTTP GET /api/employees/paginated responded 200 in 32.0866 ms
[2026-09-04 16:32:05] [INF] Query Executed 
    SELECT
        e.Id,
        e.EmployeeCode,
        e.Name,
        d.Name AS Department,
        et.Name AS EmploymentType,
        l.Name AS Location,
        e.Attendance,
        e.Performance,
        e.ActiveProjects,
        e.ExperienceYears,
        e.Salary,
        e.JoiningYear,
        e.IsActive,
        e.DepartmentId,
        e.EmploymentTypeId,
        e.LocationId
    FROM Employees e
    INNER JOIN Departments d
        ON e.DepartmentId = d.Id
    INNER JOIN Locations l
        ON e.LocationId = l.Id
    INNER JOIN EmploymentTypes et
        ON e.EmploymentTypeId = et.Id
    WHERE (@DepartmentId IS NULL OR e.DepartmentId = @DepartmentId)
      AND (@EmploymentTypeId IS NULL OR e.EmploymentTypeId = @EmploymentTypeId)
      AND (@LocationId IS NULL OR e.LocationId = @LocationId)
        order by e.Id
        OFFSET @offset rows
        FETCH NEXT  @size rows only
        
[2026-09-04 16:32:05] [INF] Fetched 10 employees from page 0 with total 100000
[2026-09-04 16:32:05] [INF] HTTP GET /api/employees/paginated responded 200 in 83.0358 ms
[2026-09-04 16:32:41] [INF] Query Executed 
    SELECT
        e.Id,
        e.EmployeeCode,
        e.Name,
        d.Name AS Department,
        et.Name AS EmploymentType,
        l.Name AS Location,
        e.Attendance,
        e.Performance,
        e.ActiveProjects,
        e.ExperienceYears,
        e.Salary,
        e.JoiningYear,
        e.IsActive,
        e.DepartmentId,
        e.EmploymentTypeId,
        e.LocationId
    FROM Employees e
    INNER JOIN Departments d
        ON e.DepartmentId = d.Id
    INNER JOIN Locations l
        ON e.LocationId = l.Id
    INNER JOIN EmploymentTypes et
        ON e.EmploymentTypeId = et.Id
    WHERE (@DepartmentId IS NULL OR e.DepartmentId = @DepartmentId)
      AND (@EmploymentTypeId IS NULL OR e.EmploymentTypeId = @EmploymentTypeId)
      AND (@LocationId IS NULL OR e.LocationId = @LocationId)
        order by e.Id
        OFFSET @offset rows
        FETCH NEXT  @size rows only
        
[2026-09-04 16:32:41] [INF] Fetched 10 employees from page 0 with total 100000
[2026-09-04 16:32:41] [INF] HTTP GET /api/employees/paginated responded 200 in 166.9945 ms
[2026-09-04 16:32:45] [INF] GetEmployees started
[2026-09-04 16:32:45] [INF] Query executed :
    SELECT
        e.Id,
        e.EmployeeCode,
        e.Name,
        d.Name AS Department,
        et.Name AS EmploymentType,
        l.Name AS Location,
        e.Attendance,
        e.Performance,
        e.ActiveProjects,
        e.ExperienceYears,
        e.Salary,
        e.JoiningYear,
        e.IsActive,
        e.DepartmentId,
        e.EmploymentTypeId,
        e.LocationId
    FROM Employees e
    INNER JOIN Departments d
        ON e.DepartmentId = d.Id
    INNER JOIN Locations l
        ON e.LocationId = l.Id
    INNER JOIN EmploymentTypes et
        ON e.EmploymentTypeId = et.Id
[2026-09-04 16:32:46] [INF] Fetched 100000 employees
[2026-09-04 16:32:46] [INF] GetEmployees ended in 757.16 ms
[2026-09-04 16:32:46] [INF] HTTP GET /api/employees responded 200 in 1097.9221 ms
[2026-09-04 16:33:52] [INF] GetEmployees started
[2026-09-04 16:33:52] [INF] Query executed :
    SELECT
        e.Id,
        e.EmployeeCode,
        e.Name,
        d.Name AS Department,
        et.Name AS EmploymentType,
        l.Name AS Location,
        e.Attendance,
        e.Performance,
        e.ActiveProjects,
        e.ExperienceYears,
        e.Salary,
        e.JoiningYear,
        e.IsActive,
        e.DepartmentId,
        e.EmploymentTypeId,
        e.LocationId
    FROM Employees e
    INNER JOIN Departments d
        ON e.DepartmentId = d.Id
    INNER JOIN Locations l
        ON e.LocationId = l.Id
    INNER JOIN EmploymentTypes et
        ON e.EmploymentTypeId = et.Id
[2026-09-04 16:33:53] [INF] Fetched 100000 employees
[2026-09-04 16:33:53] [INF] GetEmployees ended in 684.79 ms
[2026-09-04 16:33:53] [INF] HTTP GET /api/employees responded 200 in 1091.3296 ms
[2026-09-04 16:35:15] [INF] Query Executed 
    SELECT
        e.Id,
        e.EmployeeCode,
        e.Name,
        d.Name AS Department,
        et.Name AS EmploymentType,
        l.Name AS Location,
        e.Attendance,
        e.Performance,
        e.ActiveProjects,
        e.ExperienceYears,
        e.Salary,
        e.JoiningYear,
        e.IsActive,
        e.DepartmentId,
        e.EmploymentTypeId,
        e.LocationId
    FROM Employees e
    INNER JOIN Departments d
        ON e.DepartmentId = d.Id
    INNER JOIN Locations l
        ON e.LocationId = l.Id
    INNER JOIN EmploymentTypes et
        ON e.EmploymentTypeId = et.Id
    WHERE (@DepartmentId IS NULL OR e.DepartmentId = @DepartmentId)
      AND (@EmploymentTypeId IS NULL OR e.EmploymentTypeId = @EmploymentTypeId)
      AND (@LocationId IS NULL OR e.LocationId = @LocationId)
        order by e.Id
        OFFSET @offset rows
        FETCH NEXT  @size rows only
        
[2026-09-04 16:35:15] [INF] Fetched 10 employees from page 0 with total 100000
[2026-09-04 16:35:15] [INF] HTTP GET /api/employees/paginated responded 200 in 96.6491 ms
[2026-09-04 16:37:33] [INF] HTTP GET /api/employees/paginated responded 401 in 22.6349 ms
[2026-09-04 16:37:33] [INF] Refresh started
[2026-09-04 16:37:33] [INF] Access token refreshed successfully for user 4
[2026-09-04 16:37:33] [INF] Refresh ended in 56.57 ms
[2026-09-04 16:37:33] [INF] HTTP POST /api/auth/refresh responded 200 in 74.2188 ms
[2026-09-04 16:37:33] [INF] Query Executed 
    SELECT
        e.Id,
        e.EmployeeCode,
        e.Name,
        d.Name AS Department,
        et.Name AS EmploymentType,
        l.Name AS Location,
        e.Attendance,
        e.Performance,
        e.ActiveProjects,
        e.ExperienceYears,
        e.Salary,
        e.JoiningYear,
        e.IsActive,
        e.DepartmentId,
        e.EmploymentTypeId,
        e.LocationId
    FROM Employees e
    INNER JOIN Departments d
        ON e.DepartmentId = d.Id
    INNER JOIN Locations l
        ON e.LocationId = l.Id
    INNER JOIN EmploymentTypes et
        ON e.EmploymentTypeId = et.Id
    WHERE (@DepartmentId IS NULL OR e.DepartmentId = @DepartmentId)
      AND (@EmploymentTypeId IS NULL OR e.EmploymentTypeId = @EmploymentTypeId)
      AND (@LocationId IS NULL OR e.LocationId = @LocationId)
        order by e.Id
        OFFSET @offset rows
        FETCH NEXT  @size rows only
        
[2026-09-04 16:37:33] [INF] Fetched 10 employees from page 100 with total 100000
[2026-09-04 16:37:33] [INF] HTTP GET /api/employees/paginated responded 200 in 86.2617 ms
[2026-09-04 16:37:35] [INF] Query Executed 
    SELECT
        e.Id,
        e.EmployeeCode,
        e.Name,
        d.Name AS Department,
        et.Name AS EmploymentType,
        l.Name AS Location,
        e.Attendance,
        e.Performance,
        e.ActiveProjects,
        e.ExperienceYears,
        e.Salary,
        e.JoiningYear,
        e.IsActive,
        e.DepartmentId,
        e.EmploymentTypeId,
        e.LocationId
    FROM Employees e
    INNER JOIN Departments d
        ON e.DepartmentId = d.Id
    INNER JOIN Locations l
        ON e.LocationId = l.Id
    INNER JOIN EmploymentTypes et
        ON e.EmploymentTypeId = et.Id
    WHERE (@DepartmentId IS NULL OR e.DepartmentId = @DepartmentId)
      AND (@EmploymentTypeId IS NULL OR e.EmploymentTypeId = @EmploymentTypeId)
      AND (@LocationId IS NULL OR e.LocationId = @LocationId)
        order by e.Id
        OFFSET @offset rows
        FETCH NEXT  @size rows only
        
[2026-09-04 16:37:35] [INF] Fetched 10 employees from page 1100 with total 100000
[2026-09-04 16:37:35] [INF] HTTP GET /api/employees/paginated responded 200 in 42.1807 ms
[2026-09-04 16:37:38] [INF] Query Executed 
    SELECT
        e.Id,
        e.EmployeeCode,
        e.Name,
        d.Name AS Department,
        et.Name AS EmploymentType,
        l.Name AS Location,
        e.Attendance,
        e.Performance,
        e.ActiveProjects,
        e.ExperienceYears,
        e.Salary,
        e.JoiningYear,
        e.IsActive,
        e.DepartmentId,
        e.EmploymentTypeId,
        e.LocationId
    FROM Employees e
    INNER JOIN Departments d
        ON e.DepartmentId = d.Id
    INNER JOIN Locations l
        ON e.LocationId = l.Id
    INNER JOIN EmploymentTypes et
        ON e.EmploymentTypeId = et.Id
    WHERE (@DepartmentId IS NULL OR e.DepartmentId = @DepartmentId)
      AND (@EmploymentTypeId IS NULL OR e.EmploymentTypeId = @EmploymentTypeId)
      AND (@LocationId IS NULL OR e.LocationId = @LocationId)
        order by e.Id
        OFFSET @offset rows
        FETCH NEXT  @size rows only
        
[2026-09-04 16:37:39] [INF] Fetched 10 employees from page 11110 with total 100000
[2026-09-04 16:37:39] [INF] HTTP GET /api/employees/paginated responded 200 in 118.6555 ms
[2026-09-04 16:37:45] [INF] Query Executed 
    SELECT
        e.Id,
        e.EmployeeCode,
        e.Name,
        d.Name AS Department,
        et.Name AS EmploymentType,
        l.Name AS Location,
        e.Attendance,
        e.Performance,
        e.ActiveProjects,
        e.ExperienceYears,
        e.Salary,
        e.JoiningYear,
        e.IsActive,
        e.DepartmentId,
        e.EmploymentTypeId,
        e.LocationId
    FROM Employees e
    INNER JOIN Departments d
        ON e.DepartmentId = d.Id
    INNER JOIN Locations l
        ON e.LocationId = l.Id
    INNER JOIN EmploymentTypes et
        ON e.EmploymentTypeId = et.Id
    WHERE (@DepartmentId IS NULL OR e.DepartmentId = @DepartmentId)
      AND (@EmploymentTypeId IS NULL OR e.EmploymentTypeId = @EmploymentTypeId)
      AND (@LocationId IS NULL OR e.LocationId = @LocationId)
        order by e.Id
        OFFSET @offset rows
        FETCH NEXT  @size rows only
        
[2026-09-04 16:37:46] [INF] Fetched 10 employees from page 1100 with total 100000
[2026-09-04 16:37:46] [INF] HTTP GET /api/employees/paginated responded 200 in 39.9155 ms
[2026-09-04 16:37:46] [INF] Query Executed 
    SELECT
        e.Id,
        e.EmployeeCode,
        e.Name,
        d.Name AS Department,
        et.Name AS EmploymentType,
        l.Name AS Location,
        e.Attendance,
        e.Performance,
        e.ActiveProjects,
        e.ExperienceYears,
        e.Salary,
        e.JoiningYear,
        e.IsActive,
        e.DepartmentId,
        e.EmploymentTypeId,
        e.LocationId
    FROM Employees e
    INNER JOIN Departments d
        ON e.DepartmentId = d.Id
    INNER JOIN Locations l
        ON e.LocationId = l.Id
    INNER JOIN EmploymentTypes et
        ON e.EmploymentTypeId = et.Id
    WHERE (@DepartmentId IS NULL OR e.DepartmentId = @DepartmentId)
      AND (@EmploymentTypeId IS NULL OR e.EmploymentTypeId = @EmploymentTypeId)
      AND (@LocationId IS NULL OR e.LocationId = @LocationId)
        order by e.Id
        OFFSET @offset rows
        FETCH NEXT  @size rows only
        
[2026-09-04 16:37:46] [INF] Fetched 10 employees from page 100 with total 100000
[2026-09-04 16:37:46] [INF] HTTP GET /api/employees/paginated responded 200 in 34.1580 ms
[2026-09-04 16:37:46] [INF] Query Executed 
    SELECT
        e.Id,
        e.EmployeeCode,
        e.Name,
        d.Name AS Department,
        et.Name AS EmploymentType,
        l.Name AS Location,
        e.Attendance,
        e.Performance,
        e.ActiveProjects,
        e.ExperienceYears,
        e.Salary,
        e.JoiningYear,
        e.IsActive,
        e.DepartmentId,
        e.EmploymentTypeId,
        e.LocationId
    FROM Employees e
    INNER JOIN Departments d
        ON e.DepartmentId = d.Id
    INNER JOIN Locations l
        ON e.LocationId = l.Id
    INNER JOIN EmploymentTypes et
        ON e.EmploymentTypeId = et.Id
    WHERE (@DepartmentId IS NULL OR e.DepartmentId = @DepartmentId)
      AND (@EmploymentTypeId IS NULL OR e.EmploymentTypeId = @EmploymentTypeId)
      AND (@LocationId IS NULL OR e.LocationId = @LocationId)
        order by e.Id
        OFFSET @offset rows
        FETCH NEXT  @size rows only
        
[2026-09-04 16:37:46] [INF] Fetched 10 employees from page 0 with total 100000
[2026-09-04 16:37:46] [INF] HTTP GET /api/employees/paginated responded 200 in 44.9679 ms
[2026-09-04 16:37:47] [INF] Query Executed 
    SELECT
        e.Id,
        e.EmployeeCode,
        e.Name,
        d.Name AS Department,
        et.Name AS EmploymentType,
        l.Name AS Location,
        e.Attendance,
        e.Performance,
        e.ActiveProjects,
        e.ExperienceYears,
        e.Salary,
        e.JoiningYear,
        e.IsActive,
        e.DepartmentId,
        e.EmploymentTypeId,
        e.LocationId
    FROM Employees e
    INNER JOIN Departments d
        ON e.DepartmentId = d.Id
    INNER JOIN Locations l
        ON e.LocationId = l.Id
    INNER JOIN EmploymentTypes et
        ON e.EmploymentTypeId = et.Id
    WHERE (@DepartmentId IS NULL OR e.DepartmentId = @DepartmentId)
      AND (@EmploymentTypeId IS NULL OR e.EmploymentTypeId = @EmploymentTypeId)
      AND (@LocationId IS NULL OR e.LocationId = @LocationId)
        order by e.Id
        OFFSET @offset rows
        FETCH NEXT  @size rows only
        
[2026-09-04 16:37:47] [INF] Fetched 10 employees from page 10 with total 100000
[2026-09-04 16:37:47] [INF] HTTP GET /api/employees/paginated responded 200 in 37.4085 ms
[2026-09-04 16:37:47] [INF] Query Executed 
    SELECT
        e.Id,
        e.EmployeeCode,
        e.Name,
        d.Name AS Department,
        et.Name AS EmploymentType,
        l.Name AS Location,
        e.Attendance,
        e.Performance,
        e.ActiveProjects,
        e.ExperienceYears,
        e.Salary,
        e.JoiningYear,
        e.IsActive,
        e.DepartmentId,
        e.EmploymentTypeId,
        e.LocationId
    FROM Employees e
    INNER JOIN Departments d
        ON e.DepartmentId = d.Id
    INNER JOIN Locations l
        ON e.LocationId = l.Id
    INNER JOIN EmploymentTypes et
        ON e.EmploymentTypeId = et.Id
    WHERE (@DepartmentId IS NULL OR e.DepartmentId = @DepartmentId)
      AND (@EmploymentTypeId IS NULL OR e.EmploymentTypeId = @EmploymentTypeId)
      AND (@LocationId IS NULL OR e.LocationId = @LocationId)
        order by e.Id
        OFFSET @offset rows
        FETCH NEXT  @size rows only
        
[2026-09-04 16:37:47] [INF] Fetched 10 employees from page 200 with total 100000
[2026-09-04 16:37:47] [INF] HTTP GET /api/employees/paginated responded 200 in 36.3881 ms
[2026-09-04 16:37:51] [INF] Query Executed 
    SELECT
        e.Id,
        e.EmployeeCode,
        e.Name,
        d.Name AS Department,
        et.Name AS EmploymentType,
        l.Name AS Location,
        e.Attendance,
        e.Performance,
        e.ActiveProjects,
        e.ExperienceYears,
        e.Salary,
        e.JoiningYear,
        e.IsActive,
        e.DepartmentId,
        e.EmploymentTypeId,
        e.LocationId
    FROM Employees e
    INNER JOIN Departments d
        ON e.DepartmentId = d.Id
    INNER JOIN Locations l
        ON e.LocationId = l.Id
    INNER JOIN EmploymentTypes et
        ON e.EmploymentTypeId = et.Id
    WHERE (@DepartmentId IS NULL OR e.DepartmentId = @DepartmentId)
      AND (@EmploymentTypeId IS NULL OR e.EmploymentTypeId = @EmploymentTypeId)
      AND (@LocationId IS NULL OR e.LocationId = @LocationId)
        order by e.Id
        OFFSET @offset rows
        FETCH NEXT  @size rows only
        
[2026-09-04 16:37:51] [INF] Fetched 10 employees from page 0 with total 100000
[2026-09-04 16:37:51] [INF] HTTP GET /api/employees/paginated responded 200 in 26.6116 ms
[2026-09-04 16:38:16] [INF] GetEmployees started
[2026-09-04 16:38:16] [INF] Query executed :
    SELECT
        e.Id,
        e.EmployeeCode,
        e.Name,
        d.Name AS Department,
        et.Name AS EmploymentType,
        l.Name AS Location,
        e.Attendance,
        e.Performance,
        e.ActiveProjects,
        e.ExperienceYears,
        e.Salary,
        e.JoiningYear,
        e.IsActive,
        e.DepartmentId,
        e.EmploymentTypeId,
        e.LocationId
    FROM Employees e
    INNER JOIN Departments d
        ON e.DepartmentId = d.Id
    INNER JOIN Locations l
        ON e.LocationId = l.Id
    INNER JOIN EmploymentTypes et
        ON e.EmploymentTypeId = et.Id
[2026-09-04 16:38:17] [INF] Fetched 100000 employees
[2026-09-04 16:38:17] [INF] GetEmployees ended in 643.61 ms
[2026-09-04 16:38:17] [INF] HTTP GET /api/employees responded 200 in 1030.8718 ms
[2026-09-04 16:41:07] [INF] GetEmployees started
[2026-09-04 16:41:07] [INF] Query executed :
    SELECT
        e.Id,
        e.EmployeeCode,
        e.Name,
        d.Name AS Department,
        et.Name AS EmploymentType,
        l.Name AS Location,
        e.Attendance,
        e.Performance,
        e.ActiveProjects,
        e.ExperienceYears,
        e.Salary,
        e.JoiningYear,
        e.IsActive,
        e.DepartmentId,
        e.EmploymentTypeId,
        e.LocationId
    FROM Employees e
    INNER JOIN Departments d
        ON e.DepartmentId = d.Id
    INNER JOIN Locations l
        ON e.LocationId = l.Id
    INNER JOIN EmploymentTypes et
        ON e.EmploymentTypeId = et.Id
[2026-09-04 16:41:08] [INF] Fetched 100000 employees
[2026-09-04 16:41:08] [INF] GetEmployees ended in 993.89 ms
[2026-09-04 16:41:09] [INF] GetEmployees started
[2026-09-04 16:41:09] [INF] Query executed :
    SELECT
        e.Id,
        e.EmployeeCode,
        e.Name,
        d.Name AS Department,
        et.Name AS EmploymentType,
        l.Name AS Location,
        e.Attendance,
        e.Performance,
        e.ActiveProjects,
        e.ExperienceYears,
        e.Salary,
        e.JoiningYear,
        e.IsActive,
        e.DepartmentId,
        e.EmploymentTypeId,
        e.LocationId
    FROM Employees e
    INNER JOIN Departments d
        ON e.DepartmentId = d.Id
    INNER JOIN Locations l
        ON e.LocationId = l.Id
    INNER JOIN EmploymentTypes et
        ON e.EmploymentTypeId = et.Id
[2026-09-04 16:41:09] [INF] HTTP GET /api/employees responded 200 in 1463.9096 ms
[2026-09-04 16:41:10] [INF] Fetched 100000 employees
[2026-09-04 16:41:10] [INF] GetEmployees ended in 1164.64 ms
[2026-09-04 16:41:10] [INF] HTTP GET /api/employees responded 200 in 1503.9151 ms
[2026-09-04 16:47:29] [INF] GetEmployees started
[2026-09-04 16:47:29] [INF] Query executed :
    SELECT
        e.Id,
        e.EmployeeCode,
        e.Name,
        d.Name AS Department,
        et.Name AS EmploymentType,
        l.Name AS Location,
        e.Attendance,
        e.Performance,
        e.ActiveProjects,
        e.ExperienceYears,
        e.Salary,
        e.JoiningYear,
        e.IsActive,
        e.DepartmentId,
        e.EmploymentTypeId,
        e.LocationId
    FROM Employees e
    INNER JOIN Departments d
        ON e.DepartmentId = d.Id
    INNER JOIN Locations l
        ON e.LocationId = l.Id
    INNER JOIN EmploymentTypes et
        ON e.EmploymentTypeId = et.Id
[2026-09-04 16:47:30] [INF] Fetched 100000 employees
[2026-09-04 16:47:30] [INF] GetEmployees ended in 883.66 ms
[2026-09-04 16:47:30] [INF] HTTP GET /api/employees responded 200 in 1274.4077 ms
[2026-09-04 16:49:04] [INF] GetEmployees started
[2026-09-04 16:49:04] [INF] Query executed :
    SELECT
        e.Id,
        e.EmployeeCode,
        e.Name,
        d.Name AS Department,
        et.Name AS EmploymentType,
        l.Name AS Location,
        e.Attendance,
        e.Performance,
        e.ActiveProjects,
        e.ExperienceYears,
        e.Salary,
        e.JoiningYear,
        e.IsActive,
        e.DepartmentId,
        e.EmploymentTypeId,
        e.LocationId
    FROM Employees e
    INNER JOIN Departments d
        ON e.DepartmentId = d.Id
    INNER JOIN Locations l
        ON e.LocationId = l.Id
    INNER JOIN EmploymentTypes et
        ON e.EmploymentTypeId = et.Id
[2026-09-04 16:49:05] [INF] Fetched 100000 employees
[2026-09-04 16:49:05] [INF] GetEmployees ended in 858.11 ms
[2026-09-04 16:49:05] [INF] HTTP GET /api/employees responded 200 in 1259.0220 ms
[2026-09-04 16:49:06] [INF] GetEmployees started
[2026-09-04 16:49:06] [INF] Query executed :
    SELECT
        e.Id,
        e.EmployeeCode,
        e.Name,
        d.Name AS Department,
        et.Name AS EmploymentType,
        l.Name AS Location,
        e.Attendance,
        e.Performance,
        e.ActiveProjects,
        e.ExperienceYears,
        e.Salary,
        e.JoiningYear,
        e.IsActive,
        e.DepartmentId,
        e.EmploymentTypeId,
        e.LocationId
    FROM Employees e
    INNER JOIN Departments d
        ON e.DepartmentId = d.Id
    INNER JOIN Locations l
        ON e.LocationId = l.Id
    INNER JOIN EmploymentTypes et
        ON e.EmploymentTypeId = et.Id
[2026-09-04 16:49:07] [INF] Fetched 100000 employees
[2026-09-04 16:49:07] [INF] GetEmployees ended in 835.34 ms
[2026-09-04 16:49:08] [INF] HTTP GET /api/employees responded 200 in 1100.2101 ms
[2026-09-04 16:49:25] [INF] GetEmployees started
[2026-09-04 16:49:25] [INF] Query executed :
    SELECT
        e.Id,
        e.EmployeeCode,
        e.Name,
        d.Name AS Department,
        et.Name AS EmploymentType,
        l.Name AS Location,
        e.Attendance,
        e.Performance,
        e.ActiveProjects,
        e.ExperienceYears,
        e.Salary,
        e.JoiningYear,
        e.IsActive,
        e.DepartmentId,
        e.EmploymentTypeId,
        e.LocationId
    FROM Employees e
    INNER JOIN Departments d
        ON e.DepartmentId = d.Id
    INNER JOIN Locations l
        ON e.LocationId = l.Id
    INNER JOIN EmploymentTypes et
        ON e.EmploymentTypeId = et.Id
[2026-09-04 16:49:25] [INF] Fetched 100000 employees
[2026-09-04 16:49:25] [INF] GetEmployees ended in 776.42 ms
[2026-09-04 16:49:26] [INF] HTTP GET /api/employees responded 200 in 940.9350 ms
[2026-09-04 16:50:12] [INF] GetEmployees started
[2026-09-04 16:50:12] [INF] Query executed :
    SELECT
        e.Id,
        e.EmployeeCode,
        e.Name,
        d.Name AS Department,
        et.Name AS EmploymentType,
        l.Name AS Location,
        e.Attendance,
        e.Performance,
        e.ActiveProjects,
        e.ExperienceYears,
        e.Salary,
        e.JoiningYear,
        e.IsActive,
        e.DepartmentId,
        e.EmploymentTypeId,
        e.LocationId
    FROM Employees e
    INNER JOIN Departments d
        ON e.DepartmentId = d.Id
    INNER JOIN Locations l
        ON e.LocationId = l.Id
    INNER JOIN EmploymentTypes et
        ON e.EmploymentTypeId = et.Id
[2026-09-04 16:50:13] [INF] Fetched 100000 employees
[2026-09-04 16:50:13] [INF] GetEmployees ended in 817.91 ms
[2026-09-04 16:50:13] [INF] HTTP GET /api/employees responded 200 in 1049.7948 ms
[2026-09-04 16:50:20] [INF] GetEmployees started
[2026-09-04 16:50:20] [INF] Query executed :
    SELECT
        e.Id,
        e.EmployeeCode,
        e.Name,
        d.Name AS Department,
        et.Name AS EmploymentType,
        l.Name AS Location,
        e.Attendance,
        e.Performance,
        e.ActiveProjects,
        e.ExperienceYears,
        e.Salary,
        e.JoiningYear,
        e.IsActive,
        e.DepartmentId,
        e.EmploymentTypeId,
        e.LocationId
    FROM Employees e
    INNER JOIN Departments d
        ON e.DepartmentId = d.Id
    INNER JOIN Locations l
        ON e.LocationId = l.Id
    INNER JOIN EmploymentTypes et
        ON e.EmploymentTypeId = et.Id
[2026-09-04 16:50:21] [INF] Fetched 100000 employees
[2026-09-04 16:50:21] [INF] GetEmployees ended in 741.79 ms
[2026-09-04 16:50:21] [INF] HTTP GET /api/employees responded 200 in 960.6109 ms
[2026-09-04 16:52:50] [INF] HTTP GET /api/employees responded 401 in 13.5724 ms
[2026-09-04 16:52:50] [INF] Refresh started
[2026-09-04 16:52:50] [INF] Access token refreshed successfully for user 4
[2026-09-04 16:52:50] [INF] Refresh ended in 19.93 ms
[2026-09-04 16:52:50] [INF] HTTP POST /api/auth/refresh responded 200 in 26.7061 ms
[2026-09-04 16:52:50] [INF] GetEmployees started
[2026-09-04 16:52:50] [INF] Query executed :
    SELECT
        e.Id,
        e.EmployeeCode,
        e.Name,
        d.Name AS Department,
        et.Name AS EmploymentType,
        l.Name AS Location,
        e.Attendance,
        e.Performance,
        e.ActiveProjects,
        e.ExperienceYears,
        e.Salary,
        e.JoiningYear,
        e.IsActive,
        e.DepartmentId,
        e.EmploymentTypeId,
        e.LocationId
    FROM Employees e
    INNER JOIN Departments d
        ON e.DepartmentId = d.Id
    INNER JOIN Locations l
        ON e.LocationId = l.Id
    INNER JOIN EmploymentTypes et
        ON e.EmploymentTypeId = et.Id
[2026-09-04 16:52:51] [INF] Fetched 100000 employees
[2026-09-04 16:52:51] [INF] GetEmployees ended in 729.36 ms
[2026-09-04 16:52:52] [INF] HTTP GET /api/employees responded 200 in 1194.4679 ms
[2026-09-04 16:52:56] [INF] GetEmployees started
[2026-09-04 16:52:56] [INF] Query executed :
    SELECT
        e.Id,
        e.EmployeeCode,
        e.Name,
        d.Name AS Department,
        et.Name AS EmploymentType,
        l.Name AS Location,
        e.Attendance,
        e.Performance,
        e.ActiveProjects,
        e.ExperienceYears,
        e.Salary,
        e.JoiningYear,
        e.IsActive,
        e.DepartmentId,
        e.EmploymentTypeId,
        e.LocationId
    FROM Employees e
    INNER JOIN Departments d
        ON e.DepartmentId = d.Id
    INNER JOIN Locations l
        ON e.LocationId = l.Id
    INNER JOIN EmploymentTypes et
        ON e.EmploymentTypeId = et.Id
[2026-09-04 16:52:56] [INF] Fetched 100000 employees
[2026-09-04 16:52:56] [INF] GetEmployees ended in 628.34 ms
[2026-09-04 16:52:57] [INF] HTTP GET /api/employees responded 200 in 976.6195 ms
[2026-09-04 16:52:59] [INF] Query executed :
        SELECT
            COALESCE(SUM(e.ActiveProjects), 0) AS TotalProjects,
            COALESCE(AVG(CAST(e.ActiveProjects AS DECIMAL(10, 2))), 0) AS AverageProjects,
            COALESCE(SUM(CASE WHEN e.IsActive = 1 THEN 1 ELSE 0 END), 0) AS ActiveEmployees,
            COALESCE(MAX(e.ActiveProjects), 0) AS HighestProjects
        FROM Employees e
        WHERE (@DepartmentId IS NULL OR e.DepartmentId = @DepartmentId)
          AND (@EmploymentTypeId IS NULL OR e.EmploymentTypeId = @EmploymentTypeId)
          AND (@LocationId IS NULL OR e.LocationId = @LocationId);

        SELECT
            d.Name AS Department,
            COALESCE(SUM(e.ActiveProjects), 0) AS Projects
        FROM Employees e
        INNER JOIN Departments d ON e.DepartmentId = d.Id
        WHERE (@DepartmentId IS NULL OR e.DepartmentId = @DepartmentId)
          AND (@EmploymentTypeId IS NULL OR e.EmploymentTypeId = @EmploymentTypeId)
          AND (@LocationId IS NULL OR e.LocationId = @LocationId)
        GROUP BY d.Name
[2026-09-04 16:52:59] [INF] Query executed :
    SELECT
        e.Id,
        e.EmployeeCode,
        e.Name,
        d.Name AS Department,
        et.Name AS EmploymentType,
        l.Name AS Location,
        e.Attendance,
        e.Performance,
        e.ActiveProjects,
        e.ExperienceYears,
        e.Salary,
        e.JoiningYear,
        e.IsActive,
        e.DepartmentId,
        e.EmploymentTypeId,
        e.LocationId
    FROM Employees e
    INNER JOIN Departments d ON e.DepartmentId = d.Id
    INNER JOIN Locations l ON e.LocationId = l.Id
    INNER JOIN EmploymentTypes et ON e.EmploymentTypeId = et.Id
    WHERE (@DepartmentId IS NULL OR e.DepartmentId = @DepartmentId)
      AND (@EmploymentTypeId IS NULL OR e.EmploymentTypeId = @EmploymentTypeId)
      AND (@LocationId IS NULL OR e.LocationId = @LocationId)
    ORDER BY e.ActiveProjects DESC, e.Id
    OFFSET @offset ROWS FETCH NEXT @size ROWS ONLY
[2026-09-04 16:53:00] [INF] HTTP GET /api/dashboard/projects-summary responded 200 in 306.2080 ms
[2026-09-04 16:53:00] [INF] Fetched 10 top contributors from page 0 with total 100000
[2026-09-04 16:53:00] [INF] HTTP GET /api/employees/top-contributors responded 200 in 508.7421 ms
[2026-09-04 16:53:01] [INF] GetEmployees started
[2026-09-04 16:53:01] [INF] Query executed :
    SELECT
        e.Id,
        e.EmployeeCode,
        e.Name,
        d.Name AS Department,
        et.Name AS EmploymentType,
        l.Name AS Location,
        e.Attendance,
        e.Performance,
        e.ActiveProjects,
        e.ExperienceYears,
        e.Salary,
        e.JoiningYear,
        e.IsActive,
        e.DepartmentId,
        e.EmploymentTypeId,
        e.LocationId
    FROM Employees e
    INNER JOIN Departments d
        ON e.DepartmentId = d.Id
    INNER JOIN Locations l
        ON e.LocationId = l.Id
    INNER JOIN EmploymentTypes et
        ON e.EmploymentTypeId = et.Id
[2026-09-04 16:53:02] [INF] Fetched 100000 employees
[2026-09-04 16:53:02] [INF] GetEmployees ended in 761.15 ms
[2026-09-04 16:53:02] [INF] HTTP GET /api/employees responded 200 in 1104.8129 ms
[2026-09-04 16:53:19] [INF] GetEmployees started
[2026-09-04 16:53:19] [INF] Query executed :
    SELECT
        e.Id,
        e.EmployeeCode,
        e.Name,
        d.Name AS Department,
        et.Name AS EmploymentType,
        l.Name AS Location,
        e.Attendance,
        e.Performance,
        e.ActiveProjects,
        e.ExperienceYears,
        e.Salary,
        e.JoiningYear,
        e.IsActive,
        e.DepartmentId,
        e.EmploymentTypeId,
        e.LocationId
    FROM Employees e
    INNER JOIN Departments d
        ON e.DepartmentId = d.Id
    INNER JOIN Locations l
        ON e.LocationId = l.Id
    INNER JOIN EmploymentTypes et
        ON e.EmploymentTypeId = et.Id
[2026-09-04 16:53:19] [INF] Fetched 100000 employees
[2026-09-04 16:53:19] [INF] GetEmployees ended in 817.45 ms
[2026-09-04 16:53:20] [INF] HTTP GET /api/employees responded 200 in 1152.2411 ms
[2026-09-04 16:54:21] [INF] GetEmployees started
[2026-09-04 16:54:21] [INF] Query executed :
    SELECT
        e.Id,
        e.EmployeeCode,
        e.Name,
        d.Name AS Department,
        et.Name AS EmploymentType,
        l.Name AS Location,
        e.Attendance,
        e.Performance,
        e.ActiveProjects,
        e.ExperienceYears,
        e.Salary,
        e.JoiningYear,
        e.IsActive,
        e.DepartmentId,
        e.EmploymentTypeId,
        e.LocationId
    FROM Employees e
    INNER JOIN Departments d
        ON e.DepartmentId = d.Id
    INNER JOIN Locations l
        ON e.LocationId = l.Id
    INNER JOIN EmploymentTypes et
        ON e.EmploymentTypeId = et.Id
[2026-09-04 16:54:22] [INF] Fetched 100000 employees
[2026-09-04 16:54:22] [INF] GetEmployees ended in 779.88 ms
[2026-09-04 16:54:22] [INF] HTTP GET /api/employees responded 200 in 1179.5386 ms
[2026-09-04 16:56:06] [INF] GetEmployees started
[2026-09-04 16:56:06] [INF] Query executed :
    SELECT
        e.Id,
        e.EmployeeCode,
        e.Name,
        d.Name AS Department,
        et.Name AS EmploymentType,
        l.Name AS Location,
        e.Attendance,
        e.Performance,
        e.ActiveProjects,
        e.ExperienceYears,
        e.Salary,
        e.JoiningYear,
        e.IsActive,
        e.DepartmentId,
        e.EmploymentTypeId,
        e.LocationId
    FROM Employees e
    INNER JOIN Departments d
        ON e.DepartmentId = d.Id
    INNER JOIN Locations l
        ON e.LocationId = l.Id
    INNER JOIN EmploymentTypes et
        ON e.EmploymentTypeId = et.Id
[2026-09-04 16:56:07] [INF] Fetched 100000 employees
[2026-09-04 16:56:07] [INF] GetEmployees ended in 863.59 ms
[2026-09-04 16:56:07] [INF] HTTP GET /api/employees responded 200 in 1106.2235 ms
[2026-09-04 17:03:16] [INF] GetEmployees started
[2026-09-04 17:03:16] [INF] Query executed :
    SELECT
        e.Id,
        e.EmployeeCode,
        e.Name,
        d.Name AS Department,
        et.Name AS EmploymentType,
        l.Name AS Location,
        e.Attendance,
        e.Performance,
        e.ActiveProjects,
        e.ExperienceYears,
        e.Salary,
        e.JoiningYear,
        e.IsActive,
        e.DepartmentId,
        e.EmploymentTypeId,
        e.LocationId
    FROM Employees e
    INNER JOIN Departments d
        ON e.DepartmentId = d.Id
    INNER JOIN Locations l
        ON e.LocationId = l.Id
    INNER JOIN EmploymentTypes et
        ON e.EmploymentTypeId = et.Id
[2026-09-04 17:03:17] [INF] Fetched 100000 employees
[2026-09-04 17:03:17] [INF] GetEmployees ended in 960.46 ms
[2026-09-04 17:03:17] [INF] HTTP GET /api/employees responded 200 in 1296.5547 ms
[2026-09-04 17:03:18] [INF] Query Executed 
    SELECT
        e.Id,
        e.EmployeeCode,
        e.Name,
        d.Name AS Department,
        et.Name AS EmploymentType,
        l.Name AS Location,
        e.Attendance,
        e.Performance,
        e.ActiveProjects,
        e.ExperienceYears,
        e.Salary,
        e.JoiningYear,
        e.IsActive,
        e.DepartmentId,
        e.EmploymentTypeId,
        e.LocationId
    FROM Employees e
    INNER JOIN Departments d
        ON e.DepartmentId = d.Id
    INNER JOIN Locations l
        ON e.LocationId = l.Id
    INNER JOIN EmploymentTypes et
        ON e.EmploymentTypeId = et.Id
    WHERE (@DepartmentId IS NULL OR e.DepartmentId = @DepartmentId)
      AND (@EmploymentTypeId IS NULL OR e.EmploymentTypeId = @EmploymentTypeId)
      AND (@LocationId IS NULL OR e.LocationId = @LocationId)
        order by e.Id
        OFFSET @offset rows
        FETCH NEXT  @size rows only
        
[2026-09-04 17:03:18] [INF] Fetched 10 employees from page 0 with total 100000
[2026-09-04 17:03:18] [INF] HTTP GET /api/employees/paginated responded 200 in 127.2345 ms
[2026-09-04 17:03:20] [INF] Query Executed 
    SELECT
        e.Id,
        e.EmployeeCode,
        e.Name,
        d.Name AS Department,
        et.Name AS EmploymentType,
        l.Name AS Location,
        e.Attendance,
        e.Performance,
        e.ActiveProjects,
        e.ExperienceYears,
        e.Salary,
        e.JoiningYear,
        e.IsActive,
        e.DepartmentId,
        e.EmploymentTypeId,
        e.LocationId
    FROM Employees e
    INNER JOIN Departments d
        ON e.DepartmentId = d.Id
    INNER JOIN Locations l
        ON e.LocationId = l.Id
    INNER JOIN EmploymentTypes et
        ON e.EmploymentTypeId = et.Id
    WHERE (@DepartmentId IS NULL OR e.DepartmentId = @DepartmentId)
      AND (@EmploymentTypeId IS NULL OR e.EmploymentTypeId = @EmploymentTypeId)
      AND (@LocationId IS NULL OR e.LocationId = @LocationId)
        order by e.Id
        OFFSET @offset rows
        FETCH NEXT  @size rows only
        
[2026-09-04 17:03:20] [INF] Fetched 10 employees from page 0 with total 100000
[2026-09-04 17:03:20] [INF] HTTP GET /api/employees/paginated responded 200 in 33.7853 ms
[2026-09-04 17:03:22] [INF] Query Executed 
    SELECT
        e.Id,
        e.EmployeeCode,
        e.Name,
        d.Name AS Department,
        et.Name AS EmploymentType,
        l.Name AS Location,
        e.Attendance,
        e.Performance,
        e.ActiveProjects,
        e.ExperienceYears,
        e.Salary,
        e.JoiningYear,
        e.IsActive,
        e.DepartmentId,
        e.EmploymentTypeId,
        e.LocationId
    FROM Employees e
    INNER JOIN Departments d
        ON e.DepartmentId = d.Id
    INNER JOIN Locations l
        ON e.LocationId = l.Id
    INNER JOIN EmploymentTypes et
        ON e.EmploymentTypeId = et.Id
    WHERE (@DepartmentId IS NULL OR e.DepartmentId = @DepartmentId)
      AND (@EmploymentTypeId IS NULL OR e.EmploymentTypeId = @EmploymentTypeId)
      AND (@LocationId IS NULL OR e.LocationId = @LocationId)
        order by e.Id
        OFFSET @offset rows
        FETCH NEXT  @size rows only
        
[2026-09-04 17:03:22] [INF] Fetched 10 employees from page 0 with total 100000
[2026-09-04 17:03:22] [INF] HTTP GET /api/employees/paginated responded 200 in 39.9121 ms
[2026-09-04 17:03:24] [INF] Query Executed 
    SELECT
        e.Id,
        e.EmployeeCode,
        e.Name,
        d.Name AS Department,
        et.Name AS EmploymentType,
        l.Name AS Location,
        e.Attendance,
        e.Performance,
        e.ActiveProjects,
        e.ExperienceYears,
        e.Salary,
        e.JoiningYear,
        e.IsActive,
        e.DepartmentId,
        e.EmploymentTypeId,
        e.LocationId
    FROM Employees e
    INNER JOIN Departments d
        ON e.DepartmentId = d.Id
    INNER JOIN Locations l
        ON e.LocationId = l.Id
    INNER JOIN EmploymentTypes et
        ON e.EmploymentTypeId = et.Id
    WHERE (@DepartmentId IS NULL OR e.DepartmentId = @DepartmentId)
      AND (@EmploymentTypeId IS NULL OR e.EmploymentTypeId = @EmploymentTypeId)
      AND (@LocationId IS NULL OR e.LocationId = @LocationId)
        order by e.Id
        OFFSET @offset rows
        FETCH NEXT  @size rows only
        
[2026-09-04 17:03:24] [INF] Fetched 10 employees from page 0 with total 100000
[2026-09-04 17:03:24] [INF] HTTP GET /api/employees/paginated responded 200 in 32.3246 ms
[2026-09-04 17:03:24] [INF] Query Executed 
    SELECT
        e.Id,
        e.EmployeeCode,
        e.Name,
        d.Name AS Department,
        et.Name AS EmploymentType,
        l.Name AS Location,
        e.Attendance,
        e.Performance,
        e.ActiveProjects,
        e.ExperienceYears,
        e.Salary,
        e.JoiningYear,
        e.IsActive,
        e.DepartmentId,
        e.EmploymentTypeId,
        e.LocationId
    FROM Employees e
    INNER JOIN Departments d
        ON e.DepartmentId = d.Id
    INNER JOIN Locations l
        ON e.LocationId = l.Id
    INNER JOIN EmploymentTypes et
        ON e.EmploymentTypeId = et.Id
    WHERE (@DepartmentId IS NULL OR e.DepartmentId = @DepartmentId)
      AND (@EmploymentTypeId IS NULL OR e.EmploymentTypeId = @EmploymentTypeId)
      AND (@LocationId IS NULL OR e.LocationId = @LocationId)
        order by e.Id
        OFFSET @offset rows
        FETCH NEXT  @size rows only
        
[2026-09-04 17:03:24] [INF] Fetched 10 employees from page 0 with total 100000
[2026-09-04 17:03:24] [INF] HTTP GET /api/employees/paginated responded 200 in 29.1554 ms
[2026-09-04 17:03:26] [INF] Query Executed 
    SELECT
        e.Id,
        e.EmployeeCode,
        e.Name,
        d.Name AS Department,
        et.Name AS EmploymentType,
        l.Name AS Location,
        e.Attendance,
        e.Performance,
        e.ActiveProjects,
        e.ExperienceYears,
        e.Salary,
        e.JoiningYear,
        e.IsActive,
        e.DepartmentId,
        e.EmploymentTypeId,
        e.LocationId
    FROM Employees e
    INNER JOIN Departments d
        ON e.DepartmentId = d.Id
    INNER JOIN Locations l
        ON e.LocationId = l.Id
    INNER JOIN EmploymentTypes et
        ON e.EmploymentTypeId = et.Id
    WHERE (@DepartmentId IS NULL OR e.DepartmentId = @DepartmentId)
      AND (@EmploymentTypeId IS NULL OR e.EmploymentTypeId = @EmploymentTypeId)
      AND (@LocationId IS NULL OR e.LocationId = @LocationId)
        order by e.Id
        OFFSET @offset rows
        FETCH NEXT  @size rows only
        
[2026-09-04 17:03:26] [INF] Fetched 10 employees from page 0 with total 100000
[2026-09-04 17:03:26] [INF] HTTP GET /api/employees/paginated responded 200 in 41.7446 ms
[2026-09-04 17:03:26] [INF] Query Executed 
    SELECT
        e.Id,
        e.EmployeeCode,
        e.Name,
        d.Name AS Department,
        et.Name AS EmploymentType,
        l.Name AS Location,
        e.Attendance,
        e.Performance,
        e.ActiveProjects,
        e.ExperienceYears,
        e.Salary,
        e.JoiningYear,
        e.IsActive,
        e.DepartmentId,
        e.EmploymentTypeId,
        e.LocationId
    FROM Employees e
    INNER JOIN Departments d
        ON e.DepartmentId = d.Id
    INNER JOIN Locations l
        ON e.LocationId = l.Id
    INNER JOIN EmploymentTypes et
        ON e.EmploymentTypeId = et.Id
    WHERE (@DepartmentId IS NULL OR e.DepartmentId = @DepartmentId)
      AND (@EmploymentTypeId IS NULL OR e.EmploymentTypeId = @EmploymentTypeId)
      AND (@LocationId IS NULL OR e.LocationId = @LocationId)
        order by e.Id
        OFFSET @offset rows
        FETCH NEXT  @size rows only
        
[2026-09-04 17:03:26] [INF] Fetched 10 employees from page 0 with total 100000
[2026-09-04 17:03:26] [INF] HTTP GET /api/employees/paginated responded 200 in 34.9021 ms
[2026-09-04 17:03:26] [INF] Query Executed 
    SELECT
        e.Id,
        e.EmployeeCode,
        e.Name,
        d.Name AS Department,
        et.Name AS EmploymentType,
        l.Name AS Location,
        e.Attendance,
        e.Performance,
        e.ActiveProjects,
        e.ExperienceYears,
        e.Salary,
        e.JoiningYear,
        e.IsActive,
        e.DepartmentId,
        e.EmploymentTypeId,
        e.LocationId
    FROM Employees e
    INNER JOIN Departments d
        ON e.DepartmentId = d.Id
    INNER JOIN Locations l
        ON e.LocationId = l.Id
    INNER JOIN EmploymentTypes et
        ON e.EmploymentTypeId = et.Id
    WHERE (@DepartmentId IS NULL OR e.DepartmentId = @DepartmentId)
      AND (@EmploymentTypeId IS NULL OR e.EmploymentTypeId = @EmploymentTypeId)
      AND (@LocationId IS NULL OR e.LocationId = @LocationId)
        order by e.Id
        OFFSET @offset rows
        FETCH NEXT  @size rows only
        
[2026-09-04 17:03:26] [INF] Fetched 10 employees from page 0 with total 100000
[2026-09-04 17:03:26] [INF] HTTP GET /api/employees/paginated responded 200 in 33.4142 ms
[2026-09-04 17:03:27] [INF] Query Executed 
    SELECT
        e.Id,
        e.EmployeeCode,
        e.Name,
        d.Name AS Department,
        et.Name AS EmploymentType,
        l.Name AS Location,
        e.Attendance,
        e.Performance,
        e.ActiveProjects,
        e.ExperienceYears,
        e.Salary,
        e.JoiningYear,
        e.IsActive,
        e.DepartmentId,
        e.EmploymentTypeId,
        e.LocationId
    FROM Employees e
    INNER JOIN Departments d
        ON e.DepartmentId = d.Id
    INNER JOIN Locations l
        ON e.LocationId = l.Id
    INNER JOIN EmploymentTypes et
        ON e.EmploymentTypeId = et.Id
    WHERE (@DepartmentId IS NULL OR e.DepartmentId = @DepartmentId)
      AND (@EmploymentTypeId IS NULL OR e.EmploymentTypeId = @EmploymentTypeId)
      AND (@LocationId IS NULL OR e.LocationId = @LocationId)
        order by e.Id
        OFFSET @offset rows
        FETCH NEXT  @size rows only
        
[2026-09-04 17:03:27] [INF] Fetched 10 employees from page 0 with total 100000
[2026-09-04 17:03:27] [INF] HTTP GET /api/employees/paginated responded 200 in 85.9584 ms
[2026-09-04 17:03:27] [INF] Query Executed 
    SELECT
        e.Id,
        e.EmployeeCode,
        e.Name,
        d.Name AS Department,
        et.Name AS EmploymentType,
        l.Name AS Location,
        e.Attendance,
        e.Performance,
        e.ActiveProjects,
        e.ExperienceYears,
        e.Salary,
        e.JoiningYear,
        e.IsActive,
        e.DepartmentId,
        e.EmploymentTypeId,
        e.LocationId
    FROM Employees e
    INNER JOIN Departments d
        ON e.DepartmentId = d.Id
    INNER JOIN Locations l
        ON e.LocationId = l.Id
    INNER JOIN EmploymentTypes et
        ON e.EmploymentTypeId = et.Id
    WHERE (@DepartmentId IS NULL OR e.DepartmentId = @DepartmentId)
      AND (@EmploymentTypeId IS NULL OR e.EmploymentTypeId = @EmploymentTypeId)
      AND (@LocationId IS NULL OR e.LocationId = @LocationId)
        order by e.Id
        OFFSET @offset rows
        FETCH NEXT  @size rows only
        
[2026-09-04 17:03:27] [INF] Fetched 10 employees from page 0 with total 100000
[2026-09-04 17:03:27] [INF] HTTP GET /api/employees/paginated responded 200 in 87.8646 ms
[2026-09-04 17:03:27] [INF] Query Executed 
    SELECT
        e.Id,
        e.EmployeeCode,
        e.Name,
        d.Name AS Department,
        et.Name AS EmploymentType,
        l.Name AS Location,
        e.Attendance,
        e.Performance,
        e.ActiveProjects,
        e.ExperienceYears,
        e.Salary,
        e.JoiningYear,
        e.IsActive,
        e.DepartmentId,
        e.EmploymentTypeId,
        e.LocationId
    FROM Employees e
    INNER JOIN Departments d
        ON e.DepartmentId = d.Id
    INNER JOIN Locations l
        ON e.LocationId = l.Id
    INNER JOIN EmploymentTypes et
        ON e.EmploymentTypeId = et.Id
    WHERE (@DepartmentId IS NULL OR e.DepartmentId = @DepartmentId)
      AND (@EmploymentTypeId IS NULL OR e.EmploymentTypeId = @EmploymentTypeId)
      AND (@LocationId IS NULL OR e.LocationId = @LocationId)
        order by e.Id
        OFFSET @offset rows
        FETCH NEXT  @size rows only
        
[2026-09-04 17:03:27] [INF] Fetched 10 employees from page 0 with total 100000
[2026-09-04 17:03:27] [INF] HTTP GET /api/employees/paginated responded 200 in 102.2410 ms
[2026-09-04 17:03:27] [INF] Query Executed 
    SELECT
        e.Id,
        e.EmployeeCode,
        e.Name,
        d.Name AS Department,
        et.Name AS EmploymentType,
        l.Name AS Location,
        e.Attendance,
        e.Performance,
        e.ActiveProjects,
        e.ExperienceYears,
        e.Salary,
        e.JoiningYear,
        e.IsActive,
        e.DepartmentId,
        e.EmploymentTypeId,
        e.LocationId
    FROM Employees e
    INNER JOIN Departments d
        ON e.DepartmentId = d.Id
    INNER JOIN Locations l
        ON e.LocationId = l.Id
    INNER JOIN EmploymentTypes et
        ON e.EmploymentTypeId = et.Id
    WHERE (@DepartmentId IS NULL OR e.DepartmentId = @DepartmentId)
      AND (@EmploymentTypeId IS NULL OR e.EmploymentTypeId = @EmploymentTypeId)
      AND (@LocationId IS NULL OR e.LocationId = @LocationId)
        order by e.Id
        OFFSET @offset rows
        FETCH NEXT  @size rows only
        
[2026-09-04 17:03:28] [INF] Fetched 10 employees from page 0 with total 100000
[2026-09-04 17:03:28] [INF] HTTP GET /api/employees/paginated responded 200 in 63.1207 ms
[2026-09-04 17:03:28] [INF] Query Executed 
    SELECT
        e.Id,
        e.EmployeeCode,
        e.Name,
        d.Name AS Department,
        et.Name AS EmploymentType,
        l.Name AS Location,
        e.Attendance,
        e.Performance,
        e.ActiveProjects,
        e.ExperienceYears,
        e.Salary,
        e.JoiningYear,
        e.IsActive,
        e.DepartmentId,
        e.EmploymentTypeId,
        e.LocationId
    FROM Employees e
    INNER JOIN Departments d
        ON e.DepartmentId = d.Id
    INNER JOIN Locations l
        ON e.LocationId = l.Id
    INNER JOIN EmploymentTypes et
        ON e.EmploymentTypeId = et.Id
    WHERE (@DepartmentId IS NULL OR e.DepartmentId = @DepartmentId)
      AND (@EmploymentTypeId IS NULL OR e.EmploymentTypeId = @EmploymentTypeId)
      AND (@LocationId IS NULL OR e.LocationId = @LocationId)
        order by e.Id
        OFFSET @offset rows
        FETCH NEXT  @size rows only
        
[2026-09-04 17:03:28] [INF] Fetched 10 employees from page 0 with total 100000
[2026-09-04 17:03:28] [INF] HTTP GET /api/employees/paginated responded 200 in 31.5033 ms
[2026-09-04 17:03:31] [INF] Query Executed 
    SELECT
        e.Id,
        e.EmployeeCode,
        e.Name,
        d.Name AS Department,
        et.Name AS EmploymentType,
        l.Name AS Location,
        e.Attendance,
        e.Performance,
        e.ActiveProjects,
        e.ExperienceYears,
        e.Salary,
        e.JoiningYear,
        e.IsActive,
        e.DepartmentId,
        e.EmploymentTypeId,
        e.LocationId
    FROM Employees e
    INNER JOIN Departments d
        ON e.DepartmentId = d.Id
    INNER JOIN Locations l
        ON e.LocationId = l.Id
    INNER JOIN EmploymentTypes et
        ON e.EmploymentTypeId = et.Id
    WHERE (@DepartmentId IS NULL OR e.DepartmentId = @DepartmentId)
      AND (@EmploymentTypeId IS NULL OR e.EmploymentTypeId = @EmploymentTypeId)
      AND (@LocationId IS NULL OR e.LocationId = @LocationId)
        order by e.Id
        OFFSET @offset rows
        FETCH NEXT  @size rows only
        
[2026-09-04 17:03:31] [INF] Fetched 10 employees from page 0 with total 100000
[2026-09-04 17:03:31] [INF] HTTP GET /api/employees/paginated responded 200 in 86.0776 ms
[2026-09-04 17:03:34] [INF] Query Executed 
    SELECT
        e.Id,
        e.EmployeeCode,
        e.Name,
        d.Name AS Department,
        et.Name AS EmploymentType,
        l.Name AS Location,
        e.Attendance,
        e.Performance,
        e.ActiveProjects,
        e.ExperienceYears,
        e.Salary,
        e.JoiningYear,
        e.IsActive,
        e.DepartmentId,
        e.EmploymentTypeId,
        e.LocationId
    FROM Employees e
    INNER JOIN Departments d
        ON e.DepartmentId = d.Id
    INNER JOIN Locations l
        ON e.LocationId = l.Id
    INNER JOIN EmploymentTypes et
        ON e.EmploymentTypeId = et.Id
    WHERE (@DepartmentId IS NULL OR e.DepartmentId = @DepartmentId)
      AND (@EmploymentTypeId IS NULL OR e.EmploymentTypeId = @EmploymentTypeId)
      AND (@LocationId IS NULL OR e.LocationId = @LocationId)
        order by e.Id
        OFFSET @offset rows
        FETCH NEXT  @size rows only
        
[2026-09-04 17:03:34] [INF] Fetched 10 employees from page 0 with total 100000
[2026-09-04 17:03:34] [INF] HTTP GET /api/employees/paginated responded 200 in 41.4916 ms
[2026-09-04 17:03:42] [INF] Query Executed 
    SELECT
        e.Id,
        e.EmployeeCode,
        e.Name,
        d.Name AS Department,
        et.Name AS EmploymentType,
        l.Name AS Location,
        e.Attendance,
        e.Performance,
        e.ActiveProjects,
        e.ExperienceYears,
        e.Salary,
        e.JoiningYear,
        e.IsActive,
        e.DepartmentId,
        e.EmploymentTypeId,
        e.LocationId
    FROM Employees e
    INNER JOIN Departments d
        ON e.DepartmentId = d.Id
    INNER JOIN Locations l
        ON e.LocationId = l.Id
    INNER JOIN EmploymentTypes et
        ON e.EmploymentTypeId = et.Id
    WHERE (@DepartmentId IS NULL OR e.DepartmentId = @DepartmentId)
      AND (@EmploymentTypeId IS NULL OR e.EmploymentTypeId = @EmploymentTypeId)
      AND (@LocationId IS NULL OR e.LocationId = @LocationId)
        order by e.Id
        OFFSET @offset rows
        FETCH NEXT  @size rows only
        
[2026-09-04 17:03:42] [INF] Fetched 10 employees from page 0 with total 100000
[2026-09-04 17:03:42] [INF] HTTP GET /api/employees/paginated responded 200 in 99.2149 ms
[2026-09-04 17:03:43] [INF] Query Executed 
    SELECT
        e.Id,
        e.EmployeeCode,
        e.Name,
        d.Name AS Department,
        et.Name AS EmploymentType,
        l.Name AS Location,
        e.Attendance,
        e.Performance,
        e.ActiveProjects,
        e.ExperienceYears,
        e.Salary,
        e.JoiningYear,
        e.IsActive,
        e.DepartmentId,
        e.EmploymentTypeId,
        e.LocationId
    FROM Employees e
    INNER JOIN Departments d
        ON e.DepartmentId = d.Id
    INNER JOIN Locations l
        ON e.LocationId = l.Id
    INNER JOIN EmploymentTypes et
        ON e.EmploymentTypeId = et.Id
    WHERE (@DepartmentId IS NULL OR e.DepartmentId = @DepartmentId)
      AND (@EmploymentTypeId IS NULL OR e.EmploymentTypeId = @EmploymentTypeId)
      AND (@LocationId IS NULL OR e.LocationId = @LocationId)
        order by e.Id
        OFFSET @offset rows
        FETCH NEXT  @size rows only
        
[2026-09-04 17:03:43] [INF] Fetched 10 employees from page 0 with total 100000
[2026-09-04 17:03:43] [INF] HTTP GET /api/employees/paginated responded 200 in 36.6294 ms
[2026-09-04 17:03:43] [INF] Query Executed 
    SELECT
        e.Id,
        e.EmployeeCode,
        e.Name,
        d.Name AS Department,
        et.Name AS EmploymentType,
        l.Name AS Location,
        e.Attendance,
        e.Performance,
        e.ActiveProjects,
        e.ExperienceYears,
        e.Salary,
        e.JoiningYear,
        e.IsActive,
        e.DepartmentId,
        e.EmploymentTypeId,
        e.LocationId
    FROM Employees e
    INNER JOIN Departments d
        ON e.DepartmentId = d.Id
    INNER JOIN Locations l
        ON e.LocationId = l.Id
    INNER JOIN EmploymentTypes et
        ON e.EmploymentTypeId = et.Id
    WHERE (@DepartmentId IS NULL OR e.DepartmentId = @DepartmentId)
      AND (@EmploymentTypeId IS NULL OR e.EmploymentTypeId = @EmploymentTypeId)
      AND (@LocationId IS NULL OR e.LocationId = @LocationId)
        order by e.Id
        OFFSET @offset rows
        FETCH NEXT  @size rows only
        
[2026-09-04 17:03:43] [INF] Fetched 10 employees from page 0 with total 100000
[2026-09-04 17:03:43] [INF] HTTP GET /api/employees/paginated responded 200 in 34.9905 ms
[2026-09-04 17:03:44] [INF] Query Executed 
    SELECT
        e.Id,
        e.EmployeeCode,
        e.Name,
        d.Name AS Department,
        et.Name AS EmploymentType,
        l.Name AS Location,
        e.Attendance,
        e.Performance,
        e.ActiveProjects,
        e.ExperienceYears,
        e.Salary,
        e.JoiningYear,
        e.IsActive,
        e.DepartmentId,
        e.EmploymentTypeId,
        e.LocationId
    FROM Employees e
    INNER JOIN Departments d
        ON e.DepartmentId = d.Id
    INNER JOIN Locations l
        ON e.LocationId = l.Id
    INNER JOIN EmploymentTypes et
        ON e.EmploymentTypeId = et.Id
    WHERE (@DepartmentId IS NULL OR e.DepartmentId = @DepartmentId)
      AND (@EmploymentTypeId IS NULL OR e.EmploymentTypeId = @EmploymentTypeId)
      AND (@LocationId IS NULL OR e.LocationId = @LocationId)
        order by e.Id
        OFFSET @offset rows
        FETCH NEXT  @size rows only
        
[2026-09-04 17:03:44] [INF] Fetched 10 employees from page 0 with total 100000
[2026-09-04 17:03:44] [INF] HTTP GET /api/employees/paginated responded 200 in 33.6874 ms
[2026-09-04 17:03:44] [INF] Query Executed 
    SELECT
        e.Id,
        e.EmployeeCode,
        e.Name,
        d.Name AS Department,
        et.Name AS EmploymentType,
        l.Name AS Location,
        e.Attendance,
        e.Performance,
        e.ActiveProjects,
        e.ExperienceYears,
        e.Salary,
        e.JoiningYear,
        e.IsActive,
        e.DepartmentId,
        e.EmploymentTypeId,
        e.LocationId
    FROM Employees e
    INNER JOIN Departments d
        ON e.DepartmentId = d.Id
    INNER JOIN Locations l
        ON e.LocationId = l.Id
    INNER JOIN EmploymentTypes et
        ON e.EmploymentTypeId = et.Id
    WHERE (@DepartmentId IS NULL OR e.DepartmentId = @DepartmentId)
      AND (@EmploymentTypeId IS NULL OR e.EmploymentTypeId = @EmploymentTypeId)
      AND (@LocationId IS NULL OR e.LocationId = @LocationId)
        order by e.Id
        OFFSET @offset rows
        FETCH NEXT  @size rows only
        
[2026-09-04 17:03:44] [INF] Fetched 10 employees from page 0 with total 100000
[2026-09-04 17:03:44] [INF] HTTP GET /api/employees/paginated responded 200 in 34.2729 ms
[2026-09-04 17:03:44] [INF] Query Executed 
    SELECT
        e.Id,
        e.EmployeeCode,
        e.Name,
        d.Name AS Department,
        et.Name AS EmploymentType,
        l.Name AS Location,
        e.Attendance,
        e.Performance,
        e.ActiveProjects,
        e.ExperienceYears,
        e.Salary,
        e.JoiningYear,
        e.IsActive,
        e.DepartmentId,
        e.EmploymentTypeId,
        e.LocationId
    FROM Employees e
    INNER JOIN Departments d
        ON e.DepartmentId = d.Id
    INNER JOIN Locations l
        ON e.LocationId = l.Id
    INNER JOIN EmploymentTypes et
        ON e.EmploymentTypeId = et.Id
    WHERE (@DepartmentId IS NULL OR e.DepartmentId = @DepartmentId)
      AND (@EmploymentTypeId IS NULL OR e.EmploymentTypeId = @EmploymentTypeId)
      AND (@LocationId IS NULL OR e.LocationId = @LocationId)
        order by e.Id
        OFFSET @offset rows
        FETCH NEXT  @size rows only
        
[2026-09-04 17:03:44] [INF] Fetched 10 employees from page 0 with total 100000
[2026-09-04 17:03:44] [INF] HTTP GET /api/employees/paginated responded 200 in 32.1208 ms
[2026-09-04 17:03:44] [INF] Query Executed 
    SELECT
        e.Id,
        e.EmployeeCode,
        e.Name,
        d.Name AS Department,
        et.Name AS EmploymentType,
        l.Name AS Location,
        e.Attendance,
        e.Performance,
        e.ActiveProjects,
        e.ExperienceYears,
        e.Salary,
        e.JoiningYear,
        e.IsActive,
        e.DepartmentId,
        e.EmploymentTypeId,
        e.LocationId
    FROM Employees e
    INNER JOIN Departments d
        ON e.DepartmentId = d.Id
    INNER JOIN Locations l
        ON e.LocationId = l.Id
    INNER JOIN EmploymentTypes et
        ON e.EmploymentTypeId = et.Id
    WHERE (@DepartmentId IS NULL OR e.DepartmentId = @DepartmentId)
      AND (@EmploymentTypeId IS NULL OR e.EmploymentTypeId = @EmploymentTypeId)
      AND (@LocationId IS NULL OR e.LocationId = @LocationId)
        order by e.Id
        OFFSET @offset rows
        FETCH NEXT  @size rows only
        
[2026-09-04 17:03:44] [INF] Fetched 10 employees from page 0 with total 100000
[2026-09-04 17:03:44] [INF] HTTP GET /api/employees/paginated responded 200 in 26.9007 ms
[2026-09-04 17:03:44] [INF] Query Executed 
    SELECT
        e.Id,
        e.EmployeeCode,
        e.Name,
        d.Name AS Department,
        et.Name AS EmploymentType,
        l.Name AS Location,
        e.Attendance,
        e.Performance,
        e.ActiveProjects,
        e.ExperienceYears,
        e.Salary,
        e.JoiningYear,
        e.IsActive,
        e.DepartmentId,
        e.EmploymentTypeId,
        e.LocationId
    FROM Employees e
    INNER JOIN Departments d
        ON e.DepartmentId = d.Id
    INNER JOIN Locations l
        ON e.LocationId = l.Id
    INNER JOIN EmploymentTypes et
        ON e.EmploymentTypeId = et.Id
    WHERE (@DepartmentId IS NULL OR e.DepartmentId = @DepartmentId)
      AND (@EmploymentTypeId IS NULL OR e.EmploymentTypeId = @EmploymentTypeId)
      AND (@LocationId IS NULL OR e.LocationId = @LocationId)
        order by e.Id
        OFFSET @offset rows
        FETCH NEXT  @size rows only
        
[2026-09-04 17:03:45] [INF] Fetched 10 employees from page 0 with total 100000
[2026-09-04 17:03:45] [INF] HTTP GET /api/employees/paginated responded 200 in 27.1749 ms
[2026-09-04 17:03:45] [INF] Query Executed 
    SELECT
        e.Id,
        e.EmployeeCode,
        e.Name,
        d.Name AS Department,
        et.Name AS EmploymentType,
        l.Name AS Location,
        e.Attendance,
        e.Performance,
        e.ActiveProjects,
        e.ExperienceYears,
        e.Salary,
        e.JoiningYear,
        e.IsActive,
        e.DepartmentId,
        e.EmploymentTypeId,
        e.LocationId
    FROM Employees e
    INNER JOIN Departments d
        ON e.DepartmentId = d.Id
    INNER JOIN Locations l
        ON e.LocationId = l.Id
    INNER JOIN EmploymentTypes et
        ON e.EmploymentTypeId = et.Id
    WHERE (@DepartmentId IS NULL OR e.DepartmentId = @DepartmentId)
      AND (@EmploymentTypeId IS NULL OR e.EmploymentTypeId = @EmploymentTypeId)
      AND (@LocationId IS NULL OR e.LocationId = @LocationId)
        order by e.Id
        OFFSET @offset rows
        FETCH NEXT  @size rows only
        
[2026-09-04 17:03:45] [INF] Fetched 10 employees from page 0 with total 100000
[2026-09-04 17:03:45] [INF] HTTP GET /api/employees/paginated responded 200 in 29.4169 ms
[2026-09-04 17:03:45] [INF] Query Executed 
    SELECT
        e.Id,
        e.EmployeeCode,
        e.Name,
        d.Name AS Department,
        et.Name AS EmploymentType,
        l.Name AS Location,
        e.Attendance,
        e.Performance,
        e.ActiveProjects,
        e.ExperienceYears,
        e.Salary,
        e.JoiningYear,
        e.IsActive,
        e.DepartmentId,
        e.EmploymentTypeId,
        e.LocationId
    FROM Employees e
    INNER JOIN Departments d
        ON e.DepartmentId = d.Id
    INNER JOIN Locations l
        ON e.LocationId = l.Id
    INNER JOIN EmploymentTypes et
        ON e.EmploymentTypeId = et.Id
    WHERE (@DepartmentId IS NULL OR e.DepartmentId = @DepartmentId)
      AND (@EmploymentTypeId IS NULL OR e.EmploymentTypeId = @EmploymentTypeId)
      AND (@LocationId IS NULL OR e.LocationId = @LocationId)
        order by e.Id
        OFFSET @offset rows
        FETCH NEXT  @size rows only
        
[2026-09-04 17:03:45] [INF] Fetched 10 employees from page 0 with total 100000
[2026-09-04 17:03:45] [INF] HTTP GET /api/employees/paginated responded 200 in 38.9908 ms
[2026-09-04 17:03:45] [INF] Query Executed 
    SELECT
        e.Id,
        e.EmployeeCode,
        e.Name,
        d.Name AS Department,
        et.Name AS EmploymentType,
        l.Name AS Location,
        e.Attendance,
        e.Performance,
        e.ActiveProjects,
        e.ExperienceYears,
        e.Salary,
        e.JoiningYear,
        e.IsActive,
        e.DepartmentId,
        e.EmploymentTypeId,
        e.LocationId
    FROM Employees e
    INNER JOIN Departments d
        ON e.DepartmentId = d.Id
    INNER JOIN Locations l
        ON e.LocationId = l.Id
    INNER JOIN EmploymentTypes et
        ON e.EmploymentTypeId = et.Id
    WHERE (@DepartmentId IS NULL OR e.DepartmentId = @DepartmentId)
      AND (@EmploymentTypeId IS NULL OR e.EmploymentTypeId = @EmploymentTypeId)
      AND (@LocationId IS NULL OR e.LocationId = @LocationId)
        order by e.Id
        OFFSET @offset rows
        FETCH NEXT  @size rows only
        
[2026-09-04 17:03:45] [INF] Fetched 10 employees from page 0 with total 100000
[2026-09-04 17:03:45] [INF] HTTP GET /api/employees/paginated responded 200 in 33.6942 ms
[2026-09-04 17:03:45] [INF] Query Executed 
    SELECT
        e.Id,
        e.EmployeeCode,
        e.Name,
        d.Name AS Department,
        et.Name AS EmploymentType,
        l.Name AS Location,
        e.Attendance,
        e.Performance,
        e.ActiveProjects,
        e.ExperienceYears,
        e.Salary,
        e.JoiningYear,
        e.IsActive,
        e.DepartmentId,
        e.EmploymentTypeId,
        e.LocationId
    FROM Employees e
    INNER JOIN Departments d
        ON e.DepartmentId = d.Id
    INNER JOIN Locations l
        ON e.LocationId = l.Id
    INNER JOIN EmploymentTypes et
        ON e.EmploymentTypeId = et.Id
    WHERE (@DepartmentId IS NULL OR e.DepartmentId = @DepartmentId)
      AND (@EmploymentTypeId IS NULL OR e.EmploymentTypeId = @EmploymentTypeId)
      AND (@LocationId IS NULL OR e.LocationId = @LocationId)
        order by e.Id
        OFFSET @offset rows
        FETCH NEXT  @size rows only
        
[2026-09-04 17:03:45] [INF] Fetched 10 employees from page 0 with total 100000
[2026-09-04 17:03:45] [INF] HTTP GET /api/employees/paginated responded 200 in 27.6738 ms
[2026-09-04 17:03:45] [INF] Query Executed 
    SELECT
        e.Id,
        e.EmployeeCode,
        e.Name,
        d.Name AS Department,
        et.Name AS EmploymentType,
        l.Name AS Location,
        e.Attendance,
        e.Performance,
        e.ActiveProjects,
        e.ExperienceYears,
        e.Salary,
        e.JoiningYear,
        e.IsActive,
        e.DepartmentId,
        e.EmploymentTypeId,
        e.LocationId
    FROM Employees e
    INNER JOIN Departments d
        ON e.DepartmentId = d.Id
    INNER JOIN Locations l
        ON e.LocationId = l.Id
    INNER JOIN EmploymentTypes et
        ON e.EmploymentTypeId = et.Id
    WHERE (@DepartmentId IS NULL OR e.DepartmentId = @DepartmentId)
      AND (@EmploymentTypeId IS NULL OR e.EmploymentTypeId = @EmploymentTypeId)
      AND (@LocationId IS NULL OR e.LocationId = @LocationId)
        order by e.Id
        OFFSET @offset rows
        FETCH NEXT  @size rows only
        
[2026-09-04 17:03:45] [INF] Fetched 10 employees from page 0 with total 100000
[2026-09-04 17:03:45] [INF] HTTP GET /api/employees/paginated responded 200 in 25.7243 ms
[2026-09-04 17:03:45] [INF] Query Executed 
    SELECT
        e.Id,
        e.EmployeeCode,
        e.Name,
        d.Name AS Department,
        et.Name AS EmploymentType,
        l.Name AS Location,
        e.Attendance,
        e.Performance,
        e.ActiveProjects,
        e.ExperienceYears,
        e.Salary,
        e.JoiningYear,
        e.IsActive,
        e.DepartmentId,
        e.EmploymentTypeId,
        e.LocationId
    FROM Employees e
    INNER JOIN Departments d
        ON e.DepartmentId = d.Id
    INNER JOIN Locations l
        ON e.LocationId = l.Id
    INNER JOIN EmploymentTypes et
        ON e.EmploymentTypeId = et.Id
    WHERE (@DepartmentId IS NULL OR e.DepartmentId = @DepartmentId)
      AND (@EmploymentTypeId IS NULL OR e.EmploymentTypeId = @EmploymentTypeId)
      AND (@LocationId IS NULL OR e.LocationId = @LocationId)
        order by e.Id
        OFFSET @offset rows
        FETCH NEXT  @size rows only
        
[2026-09-04 17:03:45] [INF] Fetched 10 employees from page 0 with total 100000
[2026-09-04 17:03:45] [INF] HTTP GET /api/employees/paginated responded 200 in 29.3920 ms
[2026-09-04 17:03:45] [INF] Query Executed 
    SELECT
        e.Id,
        e.EmployeeCode,
        e.Name,
        d.Name AS Department,
        et.Name AS EmploymentType,
        l.Name AS Location,
        e.Attendance,
        e.Performance,
        e.ActiveProjects,
        e.ExperienceYears,
        e.Salary,
        e.JoiningYear,
        e.IsActive,
        e.DepartmentId,
        e.EmploymentTypeId,
        e.LocationId
    FROM Employees e
    INNER JOIN Departments d
        ON e.DepartmentId = d.Id
    INNER JOIN Locations l
        ON e.LocationId = l.Id
    INNER JOIN EmploymentTypes et
        ON e.EmploymentTypeId = et.Id
    WHERE (@DepartmentId IS NULL OR e.DepartmentId = @DepartmentId)
      AND (@EmploymentTypeId IS NULL OR e.EmploymentTypeId = @EmploymentTypeId)
      AND (@LocationId IS NULL OR e.LocationId = @LocationId)
        order by e.Id
        OFFSET @offset rows
        FETCH NEXT  @size rows only
        
[2026-09-04 17:03:45] [INF] Fetched 10 employees from page 0 with total 100000
[2026-09-04 17:03:45] [INF] HTTP GET /api/employees/paginated responded 200 in 27.1504 ms
[2026-09-04 17:03:45] [INF] Query Executed 
    SELECT
        e.Id,
        e.EmployeeCode,
        e.Name,
        d.Name AS Department,
        et.Name AS EmploymentType,
        l.Name AS Location,
        e.Attendance,
        e.Performance,
        e.ActiveProjects,
        e.ExperienceYears,
        e.Salary,
        e.JoiningYear,
        e.IsActive,
        e.DepartmentId,
        e.EmploymentTypeId,
        e.LocationId
    FROM Employees e
    INNER JOIN Departments d
        ON e.DepartmentId = d.Id
    INNER JOIN Locations l
        ON e.LocationId = l.Id
    INNER JOIN EmploymentTypes et
        ON e.EmploymentTypeId = et.Id
    WHERE (@DepartmentId IS NULL OR e.DepartmentId = @DepartmentId)
      AND (@EmploymentTypeId IS NULL OR e.EmploymentTypeId = @EmploymentTypeId)
      AND (@LocationId IS NULL OR e.LocationId = @LocationId)
        order by e.Id
        OFFSET @offset rows
        FETCH NEXT  @size rows only
        
[2026-09-04 17:03:45] [INF] Fetched 10 employees from page 0 with total 100000
[2026-09-04 17:03:45] [INF] HTTP GET /api/employees/paginated responded 200 in 32.7903 ms
[2026-09-04 17:03:45] [INF] Query Executed 
    SELECT
        e.Id,
        e.EmployeeCode,
        e.Name,
        d.Name AS Department,
        et.Name AS EmploymentType,
        l.Name AS Location,
        e.Attendance,
        e.Performance,
        e.ActiveProjects,
        e.ExperienceYears,
        e.Salary,
        e.JoiningYear,
        e.IsActive,
        e.DepartmentId,
        e.EmploymentTypeId,
        e.LocationId
    FROM Employees e
    INNER JOIN Departments d
        ON e.DepartmentId = d.Id
    INNER JOIN Locations l
        ON e.LocationId = l.Id
    INNER JOIN EmploymentTypes et
        ON e.EmploymentTypeId = et.Id
    WHERE (@DepartmentId IS NULL OR e.DepartmentId = @DepartmentId)
      AND (@EmploymentTypeId IS NULL OR e.EmploymentTypeId = @EmploymentTypeId)
      AND (@LocationId IS NULL OR e.LocationId = @LocationId)
        order by e.Id
        OFFSET @offset rows
        FETCH NEXT  @size rows only
        
[2026-09-04 17:03:45] [INF] Fetched 10 employees from page 0 with total 100000
[2026-09-04 17:03:45] [INF] HTTP GET /api/employees/paginated responded 200 in 32.1578 ms
[2026-09-04 17:03:45] [INF] Query Executed 
    SELECT
        e.Id,
        e.EmployeeCode,
        e.Name,
        d.Name AS Department,
        et.Name AS EmploymentType,
        l.Name AS Location,
        e.Attendance,
        e.Performance,
        e.ActiveProjects,
        e.ExperienceYears,
        e.Salary,
        e.JoiningYear,
        e.IsActive,
        e.DepartmentId,
        e.EmploymentTypeId,
        e.LocationId
    FROM Employees e
    INNER JOIN Departments d
        ON e.DepartmentId = d.Id
    INNER JOIN Locations l
        ON e.LocationId = l.Id
    INNER JOIN EmploymentTypes et
        ON e.EmploymentTypeId = et.Id
    WHERE (@DepartmentId IS NULL OR e.DepartmentId = @DepartmentId)
      AND (@EmploymentTypeId IS NULL OR e.EmploymentTypeId = @EmploymentTypeId)
      AND (@LocationId IS NULL OR e.LocationId = @LocationId)
        order by e.Id
        OFFSET @offset rows
        FETCH NEXT  @size rows only
        
[2026-09-04 17:03:45] [INF] Fetched 10 employees from page 0 with total 100000
[2026-09-04 17:03:45] [INF] HTTP GET /api/employees/paginated responded 200 in 33.0065 ms
[2026-09-04 17:03:45] [INF] Query Executed 
    SELECT
        e.Id,
        e.EmployeeCode,
        e.Name,
        d.Name AS Department,
        et.Name AS EmploymentType,
        l.Name AS Location,
        e.Attendance,
        e.Performance,
        e.ActiveProjects,
        e.ExperienceYears,
        e.Salary,
        e.JoiningYear,
        e.IsActive,
        e.DepartmentId,
        e.EmploymentTypeId,
        e.LocationId
    FROM Employees e
    INNER JOIN Departments d
        ON e.DepartmentId = d.Id
    INNER JOIN Locations l
        ON e.LocationId = l.Id
    INNER JOIN EmploymentTypes et
        ON e.EmploymentTypeId = et.Id
    WHERE (@DepartmentId IS NULL OR e.DepartmentId = @DepartmentId)
      AND (@EmploymentTypeId IS NULL OR e.EmploymentTypeId = @EmploymentTypeId)
      AND (@LocationId IS NULL OR e.LocationId = @LocationId)
        order by e.Id
        OFFSET @offset rows
        FETCH NEXT  @size rows only
        
[2026-09-04 17:03:45] [INF] Fetched 10 employees from page 0 with total 100000
[2026-09-04 17:03:45] [INF] HTTP GET /api/employees/paginated responded 200 in 31.6768 ms
[2026-09-04 17:03:45] [INF] Query Executed 
    SELECT
        e.Id,
        e.EmployeeCode,
        e.Name,
        d.Name AS Department,
        et.Name AS EmploymentType,
        l.Name AS Location,
        e.Attendance,
        e.Performance,
        e.ActiveProjects,
        e.ExperienceYears,
        e.Salary,
        e.JoiningYear,
        e.IsActive,
        e.DepartmentId,
        e.EmploymentTypeId,
        e.LocationId
    FROM Employees e
    INNER JOIN Departments d
        ON e.DepartmentId = d.Id
    INNER JOIN Locations l
        ON e.LocationId = l.Id
    INNER JOIN EmploymentTypes et
        ON e.EmploymentTypeId = et.Id
    WHERE (@DepartmentId IS NULL OR e.DepartmentId = @DepartmentId)
      AND (@EmploymentTypeId IS NULL OR e.EmploymentTypeId = @EmploymentTypeId)
      AND (@LocationId IS NULL OR e.LocationId = @LocationId)
        order by e.Id
        OFFSET @offset rows
        FETCH NEXT  @size rows only
        
[2026-09-04 17:03:45] [INF] Fetched 10 employees from page 0 with total 100000
[2026-09-04 17:03:45] [INF] HTTP GET /api/employees/paginated responded 200 in 30.5980 ms
[2026-09-04 17:03:45] [INF] Query Executed 
    SELECT
        e.Id,
        e.EmployeeCode,
        e.Name,
        d.Name AS Department,
        et.Name AS EmploymentType,
        l.Name AS Location,
        e.Attendance,
        e.Performance,
        e.ActiveProjects,
        e.ExperienceYears,
        e.Salary,
        e.JoiningYear,
        e.IsActive,
        e.DepartmentId,
        e.EmploymentTypeId,
        e.LocationId
    FROM Employees e
    INNER JOIN Departments d
        ON e.DepartmentId = d.Id
    INNER JOIN Locations l
        ON e.LocationId = l.Id
    INNER JOIN EmploymentTypes et
        ON e.EmploymentTypeId = et.Id
    WHERE (@DepartmentId IS NULL OR e.DepartmentId = @DepartmentId)
      AND (@EmploymentTypeId IS NULL OR e.EmploymentTypeId = @EmploymentTypeId)
      AND (@LocationId IS NULL OR e.LocationId = @LocationId)
        order by e.Id
        OFFSET @offset rows
        FETCH NEXT  @size rows only
        
[2026-09-04 17:03:45] [INF] Fetched 10 employees from page 0 with total 100000
[2026-09-04 17:03:45] [INF] HTTP GET /api/employees/paginated responded 200 in 50.6682 ms
[2026-09-04 17:03:45] [INF] Query Executed 
    SELECT
        e.Id,
        e.EmployeeCode,
        e.Name,
        d.Name AS Department,
        et.Name AS EmploymentType,
        l.Name AS Location,
        e.Attendance,
        e.Performance,
        e.ActiveProjects,
        e.ExperienceYears,
        e.Salary,
        e.JoiningYear,
        e.IsActive,
        e.DepartmentId,
        e.EmploymentTypeId,
        e.LocationId
    FROM Employees e
    INNER JOIN Departments d
        ON e.DepartmentId = d.Id
    INNER JOIN Locations l
        ON e.LocationId = l.Id
    INNER JOIN EmploymentTypes et
        ON e.EmploymentTypeId = et.Id
    WHERE (@DepartmentId IS NULL OR e.DepartmentId = @DepartmentId)
      AND (@EmploymentTypeId IS NULL OR e.EmploymentTypeId = @EmploymentTypeId)
      AND (@LocationId IS NULL OR e.LocationId = @LocationId)
        order by e.Id
        OFFSET @offset rows
        FETCH NEXT  @size rows only
        
[2026-09-04 17:03:45] [INF] Fetched 10 employees from page 0 with total 100000
[2026-09-04 17:03:45] [INF] HTTP GET /api/employees/paginated responded 200 in 25.4394 ms
[2026-09-04 17:03:45] [INF] Query Executed 
    SELECT
        e.Id,
        e.EmployeeCode,
        e.Name,
        d.Name AS Department,
        et.Name AS EmploymentType,
        l.Name AS Location,
        e.Attendance,
        e.Performance,
        e.ActiveProjects,
        e.ExperienceYears,
        e.Salary,
        e.JoiningYear,
        e.IsActive,
        e.DepartmentId,
        e.EmploymentTypeId,
        e.LocationId
    FROM Employees e
    INNER JOIN Departments d
        ON e.DepartmentId = d.Id
    INNER JOIN Locations l
        ON e.LocationId = l.Id
    INNER JOIN EmploymentTypes et
        ON e.EmploymentTypeId = et.Id
    WHERE (@DepartmentId IS NULL OR e.DepartmentId = @DepartmentId)
      AND (@EmploymentTypeId IS NULL OR e.EmploymentTypeId = @EmploymentTypeId)
      AND (@LocationId IS NULL OR e.LocationId = @LocationId)
        order by e.Id
        OFFSET @offset rows
        FETCH NEXT  @size rows only
        
[2026-09-04 17:03:45] [INF] Fetched 10 employees from page 0 with total 100000
[2026-09-04 17:03:45] [INF] HTTP GET /api/employees/paginated responded 200 in 30.0265 ms
[2026-09-04 17:03:45] [INF] Query Executed 
    SELECT
        e.Id,
        e.EmployeeCode,
        e.Name,
        d.Name AS Department,
        et.Name AS EmploymentType,
        l.Name AS Location,
        e.Attendance,
        e.Performance,
        e.ActiveProjects,
        e.ExperienceYears,
        e.Salary,
        e.JoiningYear,
        e.IsActive,
        e.DepartmentId,
        e.EmploymentTypeId,
        e.LocationId
    FROM Employees e
    INNER JOIN Departments d
        ON e.DepartmentId = d.Id
    INNER JOIN Locations l
        ON e.LocationId = l.Id
    INNER JOIN EmploymentTypes et
        ON e.EmploymentTypeId = et.Id
    WHERE (@DepartmentId IS NULL OR e.DepartmentId = @DepartmentId)
      AND (@EmploymentTypeId IS NULL OR e.EmploymentTypeId = @EmploymentTypeId)
      AND (@LocationId IS NULL OR e.LocationId = @LocationId)
        order by e.Id
        OFFSET @offset rows
        FETCH NEXT  @size rows only
        
[2026-09-04 17:03:46] [INF] Fetched 10 employees from page 0 with total 100000
[2026-09-04 17:03:46] [INF] HTTP GET /api/employees/paginated responded 200 in 29.7505 ms
[2026-09-04 17:03:46] [INF] Query Executed 
    SELECT
        e.Id,
        e.EmployeeCode,
        e.Name,
        d.Name AS Department,
        et.Name AS EmploymentType,
        l.Name AS Location,
        e.Attendance,
        e.Performance,
        e.ActiveProjects,
        e.ExperienceYears,
        e.Salary,
        e.JoiningYear,
        e.IsActive,
        e.DepartmentId,
        e.EmploymentTypeId,
        e.LocationId
    FROM Employees e
    INNER JOIN Departments d
        ON e.DepartmentId = d.Id
    INNER JOIN Locations l
        ON e.LocationId = l.Id
    INNER JOIN EmploymentTypes et
        ON e.EmploymentTypeId = et.Id
    WHERE (@DepartmentId IS NULL OR e.DepartmentId = @DepartmentId)
      AND (@EmploymentTypeId IS NULL OR e.EmploymentTypeId = @EmploymentTypeId)
      AND (@LocationId IS NULL OR e.LocationId = @LocationId)
        order by e.Id
        OFFSET @offset rows
        FETCH NEXT  @size rows only
        
[2026-09-04 17:03:46] [INF] Fetched 10 employees from page 0 with total 100000
[2026-09-04 17:03:46] [INF] HTTP GET /api/employees/paginated responded 200 in 34.4174 ms
[2026-09-04 17:03:46] [INF] Query Executed 
    SELECT
        e.Id,
        e.EmployeeCode,
        e.Name,
        d.Name AS Department,
        et.Name AS EmploymentType,
        l.Name AS Location,
        e.Attendance,
        e.Performance,
        e.ActiveProjects,
        e.ExperienceYears,
        e.Salary,
        e.JoiningYear,
        e.IsActive,
        e.DepartmentId,
        e.EmploymentTypeId,
        e.LocationId
    FROM Employees e
    INNER JOIN Departments d
        ON e.DepartmentId = d.Id
    INNER JOIN Locations l
        ON e.LocationId = l.Id
    INNER JOIN EmploymentTypes et
        ON e.EmploymentTypeId = et.Id
    WHERE (@DepartmentId IS NULL OR e.DepartmentId = @DepartmentId)
      AND (@EmploymentTypeId IS NULL OR e.EmploymentTypeId = @EmploymentTypeId)
      AND (@LocationId IS NULL OR e.LocationId = @LocationId)
        order by e.Id
        OFFSET @offset rows
        FETCH NEXT  @size rows only
        
[2026-09-04 17:03:46] [INF] Fetched 10 employees from page 0 with total 100000
[2026-09-04 17:03:46] [INF] HTTP GET /api/employees/paginated responded 200 in 27.9375 ms
[2026-09-04 17:03:46] [INF] Query Executed 
    SELECT
        e.Id,
        e.EmployeeCode,
        e.Name,
        d.Name AS Department,
        et.Name AS EmploymentType,
        l.Name AS Location,
        e.Attendance,
        e.Performance,
        e.ActiveProjects,
        e.ExperienceYears,
        e.Salary,
        e.JoiningYear,
        e.IsActive,
        e.DepartmentId,
        e.EmploymentTypeId,
        e.LocationId
    FROM Employees e
    INNER JOIN Departments d
        ON e.DepartmentId = d.Id
    INNER JOIN Locations l
        ON e.LocationId = l.Id
    INNER JOIN EmploymentTypes et
        ON e.EmploymentTypeId = et.Id
    WHERE (@DepartmentId IS NULL OR e.DepartmentId = @DepartmentId)
      AND (@EmploymentTypeId IS NULL OR e.EmploymentTypeId = @EmploymentTypeId)
      AND (@LocationId IS NULL OR e.LocationId = @LocationId)
        order by e.Id
        OFFSET @offset rows
        FETCH NEXT  @size rows only
        
[2026-09-04 17:03:46] [INF] Fetched 10 employees from page 0 with total 100000
[2026-09-04 17:03:46] [INF] HTTP GET /api/employees/paginated responded 200 in 26.4835 ms
[2026-09-04 17:03:46] [INF] Query Executed 
    SELECT
        e.Id,
        e.EmployeeCode,
        e.Name,
        d.Name AS Department,
        et.Name AS EmploymentType,
        l.Name AS Location,
        e.Attendance,
        e.Performance,
        e.ActiveProjects,
        e.ExperienceYears,
        e.Salary,
        e.JoiningYear,
        e.IsActive,
        e.DepartmentId,
        e.EmploymentTypeId,
        e.LocationId
    FROM Employees e
    INNER JOIN Departments d
        ON e.DepartmentId = d.Id
    INNER JOIN Locations l
        ON e.LocationId = l.Id
    INNER JOIN EmploymentTypes et
        ON e.EmploymentTypeId = et.Id
    WHERE (@DepartmentId IS NULL OR e.DepartmentId = @DepartmentId)
      AND (@EmploymentTypeId IS NULL OR e.EmploymentTypeId = @EmploymentTypeId)
      AND (@LocationId IS NULL OR e.LocationId = @LocationId)
        order by e.Id
        OFFSET @offset rows
        FETCH NEXT  @size rows only
        
[2026-09-04 17:03:46] [INF] Fetched 10 employees from page 0 with total 100000
[2026-09-04 17:03:46] [INF] HTTP GET /api/employees/paginated responded 200 in 28.3594 ms
[2026-09-04 17:03:46] [INF] Query Executed 
    SELECT
        e.Id,
        e.EmployeeCode,
        e.Name,
        d.Name AS Department,
        et.Name AS EmploymentType,
        l.Name AS Location,
        e.Attendance,
        e.Performance,
        e.ActiveProjects,
        e.ExperienceYears,
        e.Salary,
        e.JoiningYear,
        e.IsActive,
        e.DepartmentId,
        e.EmploymentTypeId,
        e.LocationId
    FROM Employees e
    INNER JOIN Departments d
        ON e.DepartmentId = d.Id
    INNER JOIN Locations l
        ON e.LocationId = l.Id
    INNER JOIN EmploymentTypes et
        ON e.EmploymentTypeId = et.Id
    WHERE (@DepartmentId IS NULL OR e.DepartmentId = @DepartmentId)
      AND (@EmploymentTypeId IS NULL OR e.EmploymentTypeId = @EmploymentTypeId)
      AND (@LocationId IS NULL OR e.LocationId = @LocationId)
        order by e.Id
        OFFSET @offset rows
        FETCH NEXT  @size rows only
        
[2026-09-04 17:03:46] [INF] Fetched 10 employees from page 0 with total 100000
[2026-09-04 17:03:46] [INF] HTTP GET /api/employees/paginated responded 200 in 27.1689 ms
[2026-09-04 17:03:46] [INF] Query Executed 
    SELECT
        e.Id,
        e.EmployeeCode,
        e.Name,
        d.Name AS Department,
        et.Name AS EmploymentType,
        l.Name AS Location,
        e.Attendance,
        e.Performance,
        e.ActiveProjects,
        e.ExperienceYears,
        e.Salary,
        e.JoiningYear,
        e.IsActive,
        e.DepartmentId,
        e.EmploymentTypeId,
        e.LocationId
    FROM Employees e
    INNER JOIN Departments d
        ON e.DepartmentId = d.Id
    INNER JOIN Locations l
        ON e.LocationId = l.Id
    INNER JOIN EmploymentTypes et
        ON e.EmploymentTypeId = et.Id
    WHERE (@DepartmentId IS NULL OR e.DepartmentId = @DepartmentId)
      AND (@EmploymentTypeId IS NULL OR e.EmploymentTypeId = @EmploymentTypeId)
      AND (@LocationId IS NULL OR e.LocationId = @LocationId)
        order by e.Id
        OFFSET @offset rows
        FETCH NEXT  @size rows only
        
[2026-09-04 17:03:46] [INF] Fetched 10 employees from page 0 with total 100000
[2026-09-04 17:03:46] [INF] HTTP GET /api/employees/paginated responded 200 in 31.4330 ms
[2026-09-04 17:03:46] [INF] Query Executed 
    SELECT
        e.Id,
        e.EmployeeCode,
        e.Name,
        d.Name AS Department,
        et.Name AS EmploymentType,
        l.Name AS Location,
        e.Attendance,
        e.Performance,
        e.ActiveProjects,
        e.ExperienceYears,
        e.Salary,
        e.JoiningYear,
        e.IsActive,
        e.DepartmentId,
        e.EmploymentTypeId,
        e.LocationId
    FROM Employees e
    INNER JOIN Departments d
        ON e.DepartmentId = d.Id
    INNER JOIN Locations l
        ON e.LocationId = l.Id
    INNER JOIN EmploymentTypes et
        ON e.EmploymentTypeId = et.Id
    WHERE (@DepartmentId IS NULL OR e.DepartmentId = @DepartmentId)
      AND (@EmploymentTypeId IS NULL OR e.EmploymentTypeId = @EmploymentTypeId)
      AND (@LocationId IS NULL OR e.LocationId = @LocationId)
        order by e.Id
        OFFSET @offset rows
        FETCH NEXT  @size rows only
        
[2026-09-04 17:03:46] [INF] Fetched 10 employees from page 0 with total 100000
[2026-09-04 17:03:46] [INF] HTTP GET /api/employees/paginated responded 200 in 28.0360 ms
[2026-09-04 17:03:46] [INF] Query Executed 
    SELECT
        e.Id,
        e.EmployeeCode,
        e.Name,
        d.Name AS Department,
        et.Name AS EmploymentType,
        l.Name AS Location,
        e.Attendance,
        e.Performance,
        e.ActiveProjects,
        e.ExperienceYears,
        e.Salary,
        e.JoiningYear,
        e.IsActive,
        e.DepartmentId,
        e.EmploymentTypeId,
        e.LocationId
    FROM Employees e
    INNER JOIN Departments d
        ON e.DepartmentId = d.Id
    INNER JOIN Locations l
        ON e.LocationId = l.Id
    INNER JOIN EmploymentTypes et
        ON e.EmploymentTypeId = et.Id
    WHERE (@DepartmentId IS NULL OR e.DepartmentId = @DepartmentId)
      AND (@EmploymentTypeId IS NULL OR e.EmploymentTypeId = @EmploymentTypeId)
      AND (@LocationId IS NULL OR e.LocationId = @LocationId)
        order by e.Id
        OFFSET @offset rows
        FETCH NEXT  @size rows only
        
[2026-09-04 17:03:46] [INF] Fetched 10 employees from page 0 with total 100000
[2026-09-04 17:03:46] [INF] HTTP GET /api/employees/paginated responded 200 in 28.9575 ms
[2026-09-04 17:03:46] [INF] Query Executed 
    SELECT
        e.Id,
        e.EmployeeCode,
        e.Name,
        d.Name AS Department,
        et.Name AS EmploymentType,
        l.Name AS Location,
        e.Attendance,
        e.Performance,
        e.ActiveProjects,
        e.ExperienceYears,
        e.Salary,
        e.JoiningYear,
        e.IsActive,
        e.DepartmentId,
        e.EmploymentTypeId,
        e.LocationId
    FROM Employees e
    INNER JOIN Departments d
        ON e.DepartmentId = d.Id
    INNER JOIN Locations l
        ON e.LocationId = l.Id
    INNER JOIN EmploymentTypes et
        ON e.EmploymentTypeId = et.Id
    WHERE (@DepartmentId IS NULL OR e.DepartmentId = @DepartmentId)
      AND (@EmploymentTypeId IS NULL OR e.EmploymentTypeId = @EmploymentTypeId)
      AND (@LocationId IS NULL OR e.LocationId = @LocationId)
        order by e.Id
        OFFSET @offset rows
        FETCH NEXT  @size rows only
        
[2026-09-04 17:03:46] [INF] Fetched 10 employees from page 0 with total 100000
[2026-09-04 17:03:46] [INF] HTTP GET /api/employees/paginated responded 200 in 26.3686 ms
[2026-09-04 17:03:46] [INF] Query Executed 
    SELECT
        e.Id,
        e.EmployeeCode,
        e.Name,
        d.Name AS Department,
        et.Name AS EmploymentType,
        l.Name AS Location,
        e.Attendance,
        e.Performance,
        e.ActiveProjects,
        e.ExperienceYears,
        e.Salary,
        e.JoiningYear,
        e.IsActive,
        e.DepartmentId,
        e.EmploymentTypeId,
        e.LocationId
    FROM Employees e
    INNER JOIN Departments d
        ON e.DepartmentId = d.Id
    INNER JOIN Locations l
        ON e.LocationId = l.Id
    INNER JOIN EmploymentTypes et
        ON e.EmploymentTypeId = et.Id
    WHERE (@DepartmentId IS NULL OR e.DepartmentId = @DepartmentId)
      AND (@EmploymentTypeId IS NULL OR e.EmploymentTypeId = @EmploymentTypeId)
      AND (@LocationId IS NULL OR e.LocationId = @LocationId)
        order by e.Id
        OFFSET @offset rows
        FETCH NEXT  @size rows only
        
[2026-09-04 17:03:46] [INF] Fetched 10 employees from page 0 with total 100000
[2026-09-04 17:03:46] [INF] HTTP GET /api/employees/paginated responded 200 in 30.7599 ms
[2026-09-04 17:03:46] [INF] Query Executed 
    SELECT
        e.Id,
        e.EmployeeCode,
        e.Name,
        d.Name AS Department,
        et.Name AS EmploymentType,
        l.Name AS Location,
        e.Attendance,
        e.Performance,
        e.ActiveProjects,
        e.ExperienceYears,
        e.Salary,
        e.JoiningYear,
        e.IsActive,
        e.DepartmentId,
        e.EmploymentTypeId,
        e.LocationId
    FROM Employees e
    INNER JOIN Departments d
        ON e.DepartmentId = d.Id
    INNER JOIN Locations l
        ON e.LocationId = l.Id
    INNER JOIN EmploymentTypes et
        ON e.EmploymentTypeId = et.Id
    WHERE (@DepartmentId IS NULL OR e.DepartmentId = @DepartmentId)
      AND (@EmploymentTypeId IS NULL OR e.EmploymentTypeId = @EmploymentTypeId)
      AND (@LocationId IS NULL OR e.LocationId = @LocationId)
        order by e.Id
        OFFSET @offset rows
        FETCH NEXT  @size rows only
        
[2026-09-04 17:03:46] [INF] Fetched 10 employees from page 0 with total 100000
[2026-09-04 17:03:46] [INF] HTTP GET /api/employees/paginated responded 200 in 26.3710 ms
[2026-09-04 17:03:46] [INF] Query Executed 
    SELECT
        e.Id,
        e.EmployeeCode,
        e.Name,
        d.Name AS Department,
        et.Name AS EmploymentType,
        l.Name AS Location,
        e.Attendance,
        e.Performance,
        e.ActiveProjects,
        e.ExperienceYears,
        e.Salary,
        e.JoiningYear,
        e.IsActive,
        e.DepartmentId,
        e.EmploymentTypeId,
        e.LocationId
    FROM Employees e
    INNER JOIN Departments d
        ON e.DepartmentId = d.Id
    INNER JOIN Locations l
        ON e.LocationId = l.Id
    INNER JOIN EmploymentTypes et
        ON e.EmploymentTypeId = et.Id
    WHERE (@DepartmentId IS NULL OR e.DepartmentId = @DepartmentId)
      AND (@EmploymentTypeId IS NULL OR e.EmploymentTypeId = @EmploymentTypeId)
      AND (@LocationId IS NULL OR e.LocationId = @LocationId)
        order by e.Id
        OFFSET @offset rows
        FETCH NEXT  @size rows only
        
[2026-09-04 17:03:46] [INF] Fetched 10 employees from page 0 with total 100000
[2026-09-04 17:03:46] [INF] HTTP GET /api/employees/paginated responded 200 in 25.6242 ms
[2026-09-04 17:03:46] [INF] Query Executed 
    SELECT
        e.Id,
        e.EmployeeCode,
        e.Name,
        d.Name AS Department,
        et.Name AS EmploymentType,
        l.Name AS Location,
        e.Attendance,
        e.Performance,
        e.ActiveProjects,
        e.ExperienceYears,
        e.Salary,
        e.JoiningYear,
        e.IsActive,
        e.DepartmentId,
        e.EmploymentTypeId,
        e.LocationId
    FROM Employees e
    INNER JOIN Departments d
        ON e.DepartmentId = d.Id
    INNER JOIN Locations l
        ON e.LocationId = l.Id
    INNER JOIN EmploymentTypes et
        ON e.EmploymentTypeId = et.Id
    WHERE (@DepartmentId IS NULL OR e.DepartmentId = @DepartmentId)
      AND (@EmploymentTypeId IS NULL OR e.EmploymentTypeId = @EmploymentTypeId)
      AND (@LocationId IS NULL OR e.LocationId = @LocationId)
        order by e.Id
        OFFSET @offset rows
        FETCH NEXT  @size rows only
        
[2026-09-04 17:03:46] [INF] Fetched 10 employees from page 0 with total 100000
[2026-09-04 17:03:46] [INF] HTTP GET /api/employees/paginated responded 200 in 29.5397 ms
[2026-09-04 17:03:46] [INF] Query Executed 
    SELECT
        e.Id,
        e.EmployeeCode,
        e.Name,
        d.Name AS Department,
        et.Name AS EmploymentType,
        l.Name AS Location,
        e.Attendance,
        e.Performance,
        e.ActiveProjects,
        e.ExperienceYears,
        e.Salary,
        e.JoiningYear,
        e.IsActive,
        e.DepartmentId,
        e.EmploymentTypeId,
        e.LocationId
    FROM Employees e
    INNER JOIN Departments d
        ON e.DepartmentId = d.Id
    INNER JOIN Locations l
        ON e.LocationId = l.Id
    INNER JOIN EmploymentTypes et
        ON e.EmploymentTypeId = et.Id
    WHERE (@DepartmentId IS NULL OR e.DepartmentId = @DepartmentId)
      AND (@EmploymentTypeId IS NULL OR e.EmploymentTypeId = @EmploymentTypeId)
      AND (@LocationId IS NULL OR e.LocationId = @LocationId)
        order by e.Id
        OFFSET @offset rows
        FETCH NEXT  @size rows only
        
[2026-09-04 17:03:46] [INF] Fetched 10 employees from page 0 with total 100000
[2026-09-04 17:03:46] [INF] HTTP GET /api/employees/paginated responded 200 in 28.1777 ms
[2026-09-04 17:03:46] [INF] Query Executed 
    SELECT
        e.Id,
        e.EmployeeCode,
        e.Name,
        d.Name AS Department,
        et.Name AS EmploymentType,
        l.Name AS Location,
        e.Attendance,
        e.Performance,
        e.ActiveProjects,
        e.ExperienceYears,
        e.Salary,
        e.JoiningYear,
        e.IsActive,
        e.DepartmentId,
        e.EmploymentTypeId,
        e.LocationId
    FROM Employees e
    INNER JOIN Departments d
        ON e.DepartmentId = d.Id
    INNER JOIN Locations l
        ON e.LocationId = l.Id
    INNER JOIN EmploymentTypes et
        ON e.EmploymentTypeId = et.Id
    WHERE (@DepartmentId IS NULL OR e.DepartmentId = @DepartmentId)
      AND (@EmploymentTypeId IS NULL OR e.EmploymentTypeId = @EmploymentTypeId)
      AND (@LocationId IS NULL OR e.LocationId = @LocationId)
        order by e.Id
        OFFSET @offset rows
        FETCH NEXT  @size rows only
        
[2026-09-04 17:03:46] [INF] Fetched 10 employees from page 0 with total 100000
[2026-09-04 17:03:46] [INF] HTTP GET /api/employees/paginated responded 200 in 26.5370 ms
[2026-09-04 17:03:46] [INF] Query Executed 
    SELECT
        e.Id,
        e.EmployeeCode,
        e.Name,
        d.Name AS Department,
        et.Name AS EmploymentType,
        l.Name AS Location,
        e.Attendance,
        e.Performance,
        e.ActiveProjects,
        e.ExperienceYears,
        e.Salary,
        e.JoiningYear,
        e.IsActive,
        e.DepartmentId,
        e.EmploymentTypeId,
        e.LocationId
    FROM Employees e
    INNER JOIN Departments d
        ON e.DepartmentId = d.Id
    INNER JOIN Locations l
        ON e.LocationId = l.Id
    INNER JOIN EmploymentTypes et
        ON e.EmploymentTypeId = et.Id
    WHERE (@DepartmentId IS NULL OR e.DepartmentId = @DepartmentId)
      AND (@EmploymentTypeId IS NULL OR e.EmploymentTypeId = @EmploymentTypeId)
      AND (@LocationId IS NULL OR e.LocationId = @LocationId)
        order by e.Id
        OFFSET @offset rows
        FETCH NEXT  @size rows only
        
[2026-09-04 17:03:46] [INF] Fetched 10 employees from page 0 with total 100000
[2026-09-04 17:03:46] [INF] HTTP GET /api/employees/paginated responded 200 in 27.1855 ms
[2026-09-04 17:03:46] [INF] Query Executed 
    SELECT
        e.Id,
        e.EmployeeCode,
        e.Name,
        d.Name AS Department,
        et.Name AS EmploymentType,
        l.Name AS Location,
        e.Attendance,
        e.Performance,
        e.ActiveProjects,
        e.ExperienceYears,
        e.Salary,
        e.JoiningYear,
        e.IsActive,
        e.DepartmentId,
        e.EmploymentTypeId,
        e.LocationId
    FROM Employees e
    INNER JOIN Departments d
        ON e.DepartmentId = d.Id
    INNER JOIN Locations l
        ON e.LocationId = l.Id
    INNER JOIN EmploymentTypes et
        ON e.EmploymentTypeId = et.Id
    WHERE (@DepartmentId IS NULL OR e.DepartmentId = @DepartmentId)
      AND (@EmploymentTypeId IS NULL OR e.EmploymentTypeId = @EmploymentTypeId)
      AND (@LocationId IS NULL OR e.LocationId = @LocationId)
        order by e.Id
        OFFSET @offset rows
        FETCH NEXT  @size rows only
        
[2026-09-04 17:03:46] [INF] Fetched 10 employees from page 0 with total 100000
[2026-09-04 17:03:46] [INF] HTTP GET /api/employees/paginated responded 200 in 29.6449 ms
[2026-09-04 17:03:46] [INF] Query Executed 
    SELECT
        e.Id,
        e.EmployeeCode,
        e.Name,
        d.Name AS Department,
        et.Name AS EmploymentType,
        l.Name AS Location,
        e.Attendance,
        e.Performance,
        e.ActiveProjects,
        e.ExperienceYears,
        e.Salary,
        e.JoiningYear,
        e.IsActive,
        e.DepartmentId,
        e.EmploymentTypeId,
        e.LocationId
    FROM Employees e
    INNER JOIN Departments d
        ON e.DepartmentId = d.Id
    INNER JOIN Locations l
        ON e.LocationId = l.Id
    INNER JOIN EmploymentTypes et
        ON e.EmploymentTypeId = et.Id
    WHERE (@DepartmentId IS NULL OR e.DepartmentId = @DepartmentId)
      AND (@EmploymentTypeId IS NULL OR e.EmploymentTypeId = @EmploymentTypeId)
      AND (@LocationId IS NULL OR e.LocationId = @LocationId)
        order by e.Id
        OFFSET @offset rows
        FETCH NEXT  @size rows only
        
[2026-09-04 17:03:46] [INF] Fetched 10 employees from page 0 with total 100000
[2026-09-04 17:03:46] [INF] HTTP GET /api/employees/paginated responded 200 in 29.4071 ms
[2026-09-04 17:03:46] [INF] Query Executed 
    SELECT
        e.Id,
        e.EmployeeCode,
        e.Name,
        d.Name AS Department,
        et.Name AS EmploymentType,
        l.Name AS Location,
        e.Attendance,
        e.Performance,
        e.ActiveProjects,
        e.ExperienceYears,
        e.Salary,
        e.JoiningYear,
        e.IsActive,
        e.DepartmentId,
        e.EmploymentTypeId,
        e.LocationId
    FROM Employees e
    INNER JOIN Departments d
        ON e.DepartmentId = d.Id
    INNER JOIN Locations l
        ON e.LocationId = l.Id
    INNER JOIN EmploymentTypes et
        ON e.EmploymentTypeId = et.Id
    WHERE (@DepartmentId IS NULL OR e.DepartmentId = @DepartmentId)
      AND (@EmploymentTypeId IS NULL OR e.EmploymentTypeId = @EmploymentTypeId)
      AND (@LocationId IS NULL OR e.LocationId = @LocationId)
        order by e.Id
        OFFSET @offset rows
        FETCH NEXT  @size rows only
        
[2026-09-04 17:03:46] [INF] Fetched 10 employees from page 0 with total 100000
[2026-09-04 17:03:46] [INF] HTTP GET /api/employees/paginated responded 200 in 25.7368 ms
[2026-09-04 17:03:46] [INF] Query Executed 
    SELECT
        e.Id,
        e.EmployeeCode,
        e.Name,
        d.Name AS Department,
        et.Name AS EmploymentType,
        l.Name AS Location,
        e.Attendance,
        e.Performance,
        e.ActiveProjects,
        e.ExperienceYears,
        e.Salary,
        e.JoiningYear,
        e.IsActive,
        e.DepartmentId,
        e.EmploymentTypeId,
        e.LocationId
    FROM Employees e
    INNER JOIN Departments d
        ON e.DepartmentId = d.Id
    INNER JOIN Locations l
        ON e.LocationId = l.Id
    INNER JOIN EmploymentTypes et
        ON e.EmploymentTypeId = et.Id
    WHERE (@DepartmentId IS NULL OR e.DepartmentId = @DepartmentId)
      AND (@EmploymentTypeId IS NULL OR e.EmploymentTypeId = @EmploymentTypeId)
      AND (@LocationId IS NULL OR e.LocationId = @LocationId)
        order by e.Id
        OFFSET @offset rows
        FETCH NEXT  @size rows only
        
[2026-09-04 17:03:46] [INF] Fetched 10 employees from page 0 with total 100000
[2026-09-04 17:03:46] [INF] HTTP GET /api/employees/paginated responded 200 in 29.1991 ms
[2026-09-04 17:03:46] [INF] Query Executed 
    SELECT
        e.Id,
        e.EmployeeCode,
        e.Name,
        d.Name AS Department,
        et.Name AS EmploymentType,
        l.Name AS Location,
        e.Attendance,
        e.Performance,
        e.ActiveProjects,
        e.ExperienceYears,
        e.Salary,
        e.JoiningYear,
        e.IsActive,
        e.DepartmentId,
        e.EmploymentTypeId,
        e.LocationId
    FROM Employees e
    INNER JOIN Departments d
        ON e.DepartmentId = d.Id
    INNER JOIN Locations l
        ON e.LocationId = l.Id
    INNER JOIN EmploymentTypes et
        ON e.EmploymentTypeId = et.Id
    WHERE (@DepartmentId IS NULL OR e.DepartmentId = @DepartmentId)
      AND (@EmploymentTypeId IS NULL OR e.EmploymentTypeId = @EmploymentTypeId)
      AND (@LocationId IS NULL OR e.LocationId = @LocationId)
        order by e.Id
        OFFSET @offset rows
        FETCH NEXT  @size rows only
        
[2026-09-04 17:03:46] [INF] Fetched 10 employees from page 0 with total 100000
[2026-09-04 17:03:46] [INF] HTTP GET /api/employees/paginated responded 200 in 35.6981 ms
[2026-09-04 17:03:46] [INF] Query Executed 
    SELECT
        e.Id,
        e.EmployeeCode,
        e.Name,
        d.Name AS Department,
        et.Name AS EmploymentType,
        l.Name AS Location,
        e.Attendance,
        e.Performance,
        e.ActiveProjects,
        e.ExperienceYears,
        e.Salary,
        e.JoiningYear,
        e.IsActive,
        e.DepartmentId,
        e.EmploymentTypeId,
        e.LocationId
    FROM Employees e
    INNER JOIN Departments d
        ON e.DepartmentId = d.Id
    INNER JOIN Locations l
        ON e.LocationId = l.Id
    INNER JOIN EmploymentTypes et
        ON e.EmploymentTypeId = et.Id
    WHERE (@DepartmentId IS NULL OR e.DepartmentId = @DepartmentId)
      AND (@EmploymentTypeId IS NULL OR e.EmploymentTypeId = @EmploymentTypeId)
      AND (@LocationId IS NULL OR e.LocationId = @LocationId)
        order by e.Id
        OFFSET @offset rows
        FETCH NEXT  @size rows only
        
[2026-09-04 17:03:46] [INF] Fetched 10 employees from page 0 with total 100000
[2026-09-04 17:03:46] [INF] HTTP GET /api/employees/paginated responded 200 in 25.9984 ms
[2026-09-04 17:03:46] [INF] Query Executed 
    SELECT
        e.Id,
        e.EmployeeCode,
        e.Name,
        d.Name AS Department,
        et.Name AS EmploymentType,
        l.Name AS Location,
        e.Attendance,
        e.Performance,
        e.ActiveProjects,
        e.ExperienceYears,
        e.Salary,
        e.JoiningYear,
        e.IsActive,
        e.DepartmentId,
        e.EmploymentTypeId,
        e.LocationId
    FROM Employees e
    INNER JOIN Departments d
        ON e.DepartmentId = d.Id
    INNER JOIN Locations l
        ON e.LocationId = l.Id
    INNER JOIN EmploymentTypes et
        ON e.EmploymentTypeId = et.Id
    WHERE (@DepartmentId IS NULL OR e.DepartmentId = @DepartmentId)
      AND (@EmploymentTypeId IS NULL OR e.EmploymentTypeId = @EmploymentTypeId)
      AND (@LocationId IS NULL OR e.LocationId = @LocationId)
        order by e.Id
        OFFSET @offset rows
        FETCH NEXT  @size rows only
        
[2026-09-04 17:03:46] [INF] Fetched 10 employees from page 0 with total 100000
[2026-09-04 17:03:46] [INF] HTTP GET /api/employees/paginated responded 200 in 25.1544 ms
[2026-09-04 17:03:46] [INF] Query Executed 
    SELECT
        e.Id,
        e.EmployeeCode,
        e.Name,
        d.Name AS Department,
        et.Name AS EmploymentType,
        l.Name AS Location,
        e.Attendance,
        e.Performance,
        e.ActiveProjects,
        e.ExperienceYears,
        e.Salary,
        e.JoiningYear,
        e.IsActive,
        e.DepartmentId,
        e.EmploymentTypeId,
        e.LocationId
    FROM Employees e
    INNER JOIN Departments d
        ON e.DepartmentId = d.Id
    INNER JOIN Locations l
        ON e.LocationId = l.Id
    INNER JOIN EmploymentTypes et
        ON e.EmploymentTypeId = et.Id
    WHERE (@DepartmentId IS NULL OR e.DepartmentId = @DepartmentId)
      AND (@EmploymentTypeId IS NULL OR e.EmploymentTypeId = @EmploymentTypeId)
      AND (@LocationId IS NULL OR e.LocationId = @LocationId)
        order by e.Id
        OFFSET @offset rows
        FETCH NEXT  @size rows only
        
[2026-09-04 17:03:46] [INF] Fetched 10 employees from page 0 with total 100000
[2026-09-04 17:03:46] [INF] HTTP GET /api/employees/paginated responded 200 in 28.1194 ms
[2026-09-04 17:03:46] [INF] Query Executed 
    SELECT
        e.Id,
        e.EmployeeCode,
        e.Name,
        d.Name AS Department,
        et.Name AS EmploymentType,
        l.Name AS Location,
        e.Attendance,
        e.Performance,
        e.ActiveProjects,
        e.ExperienceYears,
        e.Salary,
        e.JoiningYear,
        e.IsActive,
        e.DepartmentId,
        e.EmploymentTypeId,
        e.LocationId
    FROM Employees e
    INNER JOIN Departments d
        ON e.DepartmentId = d.Id
    INNER JOIN Locations l
        ON e.LocationId = l.Id
    INNER JOIN EmploymentTypes et
        ON e.EmploymentTypeId = et.Id
    WHERE (@DepartmentId IS NULL OR e.DepartmentId = @DepartmentId)
      AND (@EmploymentTypeId IS NULL OR e.EmploymentTypeId = @EmploymentTypeId)
      AND (@LocationId IS NULL OR e.LocationId = @LocationId)
        order by e.Id
        OFFSET @offset rows
        FETCH NEXT  @size rows only
        
[2026-09-04 17:03:47] [INF] Fetched 10 employees from page 0 with total 100000
[2026-09-04 17:03:47] [INF] HTTP GET /api/employees/paginated responded 200 in 45.2980 ms
[2026-09-04 17:03:47] [INF] Query Executed 
    SELECT
        e.Id,
        e.EmployeeCode,
        e.Name,
        d.Name AS Department,
        et.Name AS EmploymentType,
        l.Name AS Location,
        e.Attendance,
        e.Performance,
        e.ActiveProjects,
        e.ExperienceYears,
        e.Salary,
        e.JoiningYear,
        e.IsActive,
        e.DepartmentId,
        e.EmploymentTypeId,
        e.LocationId
    FROM Employees e
    INNER JOIN Departments d
        ON e.DepartmentId = d.Id
    INNER JOIN Locations l
        ON e.LocationId = l.Id
    INNER JOIN EmploymentTypes et
        ON e.EmploymentTypeId = et.Id
    WHERE (@DepartmentId IS NULL OR e.DepartmentId = @DepartmentId)
      AND (@EmploymentTypeId IS NULL OR e.EmploymentTypeId = @EmploymentTypeId)
      AND (@LocationId IS NULL OR e.LocationId = @LocationId)
        order by e.Id
        OFFSET @offset rows
        FETCH NEXT  @size rows only
        
[2026-09-04 17:03:47] [INF] Fetched 10 employees from page 0 with total 100000
[2026-09-04 17:03:47] [INF] HTTP GET /api/employees/paginated responded 200 in 79.7695 ms
[2026-09-04 17:03:47] [INF] Query Executed 
    SELECT
        e.Id,
        e.EmployeeCode,
        e.Name,
        d.Name AS Department,
        et.Name AS EmploymentType,
        l.Name AS Location,
        e.Attendance,
        e.Performance,
        e.ActiveProjects,
        e.ExperienceYears,
        e.Salary,
        e.JoiningYear,
        e.IsActive,
        e.DepartmentId,
        e.EmploymentTypeId,
        e.LocationId
    FROM Employees e
    INNER JOIN Departments d
        ON e.DepartmentId = d.Id
    INNER JOIN Locations l
        ON e.LocationId = l.Id
    INNER JOIN EmploymentTypes et
        ON e.EmploymentTypeId = et.Id
    WHERE (@DepartmentId IS NULL OR e.DepartmentId = @DepartmentId)
      AND (@EmploymentTypeId IS NULL OR e.EmploymentTypeId = @EmploymentTypeId)
      AND (@LocationId IS NULL OR e.LocationId = @LocationId)
        order by e.Id
        OFFSET @offset rows
        FETCH NEXT  @size rows only
        
[2026-09-04 17:03:47] [INF] Fetched 10 employees from page 0 with total 100000
[2026-09-04 17:03:47] [INF] HTTP GET /api/employees/paginated responded 200 in 35.5168 ms
[2026-09-04 17:03:47] [INF] Query Executed 
    SELECT
        e.Id,
        e.EmployeeCode,
        e.Name,
        d.Name AS Department,
        et.Name AS EmploymentType,
        l.Name AS Location,
        e.Attendance,
        e.Performance,
        e.ActiveProjects,
        e.ExperienceYears,
        e.Salary,
        e.JoiningYear,
        e.IsActive,
        e.DepartmentId,
        e.EmploymentTypeId,
        e.LocationId
    FROM Employees e
    INNER JOIN Departments d
        ON e.DepartmentId = d.Id
    INNER JOIN Locations l
        ON e.LocationId = l.Id
    INNER JOIN EmploymentTypes et
        ON e.EmploymentTypeId = et.Id
    WHERE (@DepartmentId IS NULL OR e.DepartmentId = @DepartmentId)
      AND (@EmploymentTypeId IS NULL OR e.EmploymentTypeId = @EmploymentTypeId)
      AND (@LocationId IS NULL OR e.LocationId = @LocationId)
        order by e.Id
        OFFSET @offset rows
        FETCH NEXT  @size rows only
        
[2026-09-04 17:03:47] [INF] Fetched 10 employees from page 0 with total 100000
[2026-09-04 17:03:47] [INF] HTTP GET /api/employees/paginated responded 200 in 24.8776 ms
[2026-09-04 17:03:47] [INF] Query Executed 
    SELECT
        e.Id,
        e.EmployeeCode,
        e.Name,
        d.Name AS Department,
        et.Name AS EmploymentType,
        l.Name AS Location,
        e.Attendance,
        e.Performance,
        e.ActiveProjects,
        e.ExperienceYears,
        e.Salary,
        e.JoiningYear,
        e.IsActive,
        e.DepartmentId,
        e.EmploymentTypeId,
        e.LocationId
    FROM Employees e
    INNER JOIN Departments d
        ON e.DepartmentId = d.Id
    INNER JOIN Locations l
        ON e.LocationId = l.Id
    INNER JOIN EmploymentTypes et
        ON e.EmploymentTypeId = et.Id
    WHERE (@DepartmentId IS NULL OR e.DepartmentId = @DepartmentId)
      AND (@EmploymentTypeId IS NULL OR e.EmploymentTypeId = @EmploymentTypeId)
      AND (@LocationId IS NULL OR e.LocationId = @LocationId)
        order by e.Id
        OFFSET @offset rows
        FETCH NEXT  @size rows only
        
[2026-09-04 17:03:47] [INF] Fetched 10 employees from page 0 with total 100000
[2026-09-04 17:03:47] [INF] HTTP GET /api/employees/paginated responded 200 in 25.5012 ms
[2026-09-04 17:03:47] [INF] Query Executed 
    SELECT
        e.Id,
        e.EmployeeCode,
        e.Name,
        d.Name AS Department,
        et.Name AS EmploymentType,
        l.Name AS Location,
        e.Attendance,
        e.Performance,
        e.ActiveProjects,
        e.ExperienceYears,
        e.Salary,
        e.JoiningYear,
        e.IsActive,
        e.DepartmentId,
        e.EmploymentTypeId,
        e.LocationId
    FROM Employees e
    INNER JOIN Departments d
        ON e.DepartmentId = d.Id
    INNER JOIN Locations l
        ON e.LocationId = l.Id
    INNER JOIN EmploymentTypes et
        ON e.EmploymentTypeId = et.Id
    WHERE (@DepartmentId IS NULL OR e.DepartmentId = @DepartmentId)
      AND (@EmploymentTypeId IS NULL OR e.EmploymentTypeId = @EmploymentTypeId)
      AND (@LocationId IS NULL OR e.LocationId = @LocationId)
        order by e.Id
        OFFSET @offset rows
        FETCH NEXT  @size rows only
        
[2026-09-04 17:03:47] [INF] Fetched 10 employees from page 0 with total 100000
[2026-09-04 17:03:47] [INF] HTTP GET /api/employees/paginated responded 200 in 21.6698 ms
[2026-09-04 17:03:47] [INF] Query Executed 
    SELECT
        e.Id,
        e.EmployeeCode,
        e.Name,
        d.Name AS Department,
        et.Name AS EmploymentType,
        l.Name AS Location,
        e.Attendance,
        e.Performance,
        e.ActiveProjects,
        e.ExperienceYears,
        e.Salary,
        e.JoiningYear,
        e.IsActive,
        e.DepartmentId,
        e.EmploymentTypeId,
        e.LocationId
    FROM Employees e
    INNER JOIN Departments d
        ON e.DepartmentId = d.Id
    INNER JOIN Locations l
        ON e.LocationId = l.Id
    INNER JOIN EmploymentTypes et
        ON e.EmploymentTypeId = et.Id
    WHERE (@DepartmentId IS NULL OR e.DepartmentId = @DepartmentId)
      AND (@EmploymentTypeId IS NULL OR e.EmploymentTypeId = @EmploymentTypeId)
      AND (@LocationId IS NULL OR e.LocationId = @LocationId)
        order by e.Id
        OFFSET @offset rows
        FETCH NEXT  @size rows only
        
[2026-09-04 17:03:47] [INF] Fetched 10 employees from page 0 with total 100000
[2026-09-04 17:03:47] [INF] HTTP GET /api/employees/paginated responded 200 in 26.0213 ms
[2026-09-04 17:03:47] [INF] Query Executed 
    SELECT
        e.Id,
        e.EmployeeCode,
        e.Name,
        d.Name AS Department,
        et.Name AS EmploymentType,
        l.Name AS Location,
        e.Attendance,
        e.Performance,
        e.ActiveProjects,
        e.ExperienceYears,
        e.Salary,
        e.JoiningYear,
        e.IsActive,
        e.DepartmentId,
        e.EmploymentTypeId,
        e.LocationId
    FROM Employees e
    INNER JOIN Departments d
        ON e.DepartmentId = d.Id
    INNER JOIN Locations l
        ON e.LocationId = l.Id
    INNER JOIN EmploymentTypes et
        ON e.EmploymentTypeId = et.Id
    WHERE (@DepartmentId IS NULL OR e.DepartmentId = @DepartmentId)
      AND (@EmploymentTypeId IS NULL OR e.EmploymentTypeId = @EmploymentTypeId)
      AND (@LocationId IS NULL OR e.LocationId = @LocationId)
        order by e.Id
        OFFSET @offset rows
        FETCH NEXT  @size rows only
        
[2026-09-04 17:03:47] [INF] Fetched 10 employees from page 0 with total 100000
[2026-09-04 17:03:47] [INF] HTTP GET /api/employees/paginated responded 200 in 27.4634 ms
[2026-09-04 17:03:47] [INF] Query Executed 
    SELECT
        e.Id,
        e.EmployeeCode,
        e.Name,
        d.Name AS Department,
        et.Name AS EmploymentType,
        l.Name AS Location,
        e.Attendance,
        e.Performance,
        e.ActiveProjects,
        e.ExperienceYears,
        e.Salary,
        e.JoiningYear,
        e.IsActive,
        e.DepartmentId,
        e.EmploymentTypeId,
        e.LocationId
    FROM Employees e
    INNER JOIN Departments d
        ON e.DepartmentId = d.Id
    INNER JOIN Locations l
        ON e.LocationId = l.Id
    INNER JOIN EmploymentTypes et
        ON e.EmploymentTypeId = et.Id
    WHERE (@DepartmentId IS NULL OR e.DepartmentId = @DepartmentId)
      AND (@EmploymentTypeId IS NULL OR e.EmploymentTypeId = @EmploymentTypeId)
      AND (@LocationId IS NULL OR e.LocationId = @LocationId)
        order by e.Id
        OFFSET @offset rows
        FETCH NEXT  @size rows only
        
[2026-09-04 17:03:47] [INF] Fetched 10 employees from page 0 with total 100000
[2026-09-04 17:03:47] [INF] HTTP GET /api/employees/paginated responded 200 in 29.8114 ms
[2026-09-04 17:03:47] [INF] Query Executed 
    SELECT
        e.Id,
        e.EmployeeCode,
        e.Name,
        d.Name AS Department,
        et.Name AS EmploymentType,
        l.Name AS Location,
        e.Attendance,
        e.Performance,
        e.ActiveProjects,
        e.ExperienceYears,
        e.Salary,
        e.JoiningYear,
        e.IsActive,
        e.DepartmentId,
        e.EmploymentTypeId,
        e.LocationId
    FROM Employees e
    INNER JOIN Departments d
        ON e.DepartmentId = d.Id
    INNER JOIN Locations l
        ON e.LocationId = l.Id
    INNER JOIN EmploymentTypes et
        ON e.EmploymentTypeId = et.Id
    WHERE (@DepartmentId IS NULL OR e.DepartmentId = @DepartmentId)
      AND (@EmploymentTypeId IS NULL OR e.EmploymentTypeId = @EmploymentTypeId)
      AND (@LocationId IS NULL OR e.LocationId = @LocationId)
        order by e.Id
        OFFSET @offset rows
        FETCH NEXT  @size rows only
        
[2026-09-04 17:03:47] [INF] Fetched 10 employees from page 0 with total 100000
[2026-09-04 17:03:47] [INF] HTTP GET /api/employees/paginated responded 200 in 30.5317 ms
[2026-09-04 17:03:47] [INF] Query Executed 
    SELECT
        e.Id,
        e.EmployeeCode,
        e.Name,
        d.Name AS Department,
        et.Name AS EmploymentType,
        l.Name AS Location,
        e.Attendance,
        e.Performance,
        e.ActiveProjects,
        e.ExperienceYears,
        e.Salary,
        e.JoiningYear,
        e.IsActive,
        e.DepartmentId,
        e.EmploymentTypeId,
        e.LocationId
    FROM Employees e
    INNER JOIN Departments d
        ON e.DepartmentId = d.Id
    INNER JOIN Locations l
        ON e.LocationId = l.Id
    INNER JOIN EmploymentTypes et
        ON e.EmploymentTypeId = et.Id
    WHERE (@DepartmentId IS NULL OR e.DepartmentId = @DepartmentId)
      AND (@EmploymentTypeId IS NULL OR e.EmploymentTypeId = @EmploymentTypeId)
      AND (@LocationId IS NULL OR e.LocationId = @LocationId)
        order by e.Id
        OFFSET @offset rows
        FETCH NEXT  @size rows only
        
[2026-09-04 17:03:47] [INF] Fetched 10 employees from page 0 with total 100000
[2026-09-04 17:03:47] [INF] HTTP GET /api/employees/paginated responded 200 in 40.5869 ms
[2026-09-04 17:03:47] [INF] Query Executed 
    SELECT
        e.Id,
        e.EmployeeCode,
        e.Name,
        d.Name AS Department,
        et.Name AS EmploymentType,
        l.Name AS Location,
        e.Attendance,
        e.Performance,
        e.ActiveProjects,
        e.ExperienceYears,
        e.Salary,
        e.JoiningYear,
        e.IsActive,
        e.DepartmentId,
        e.EmploymentTypeId,
        e.LocationId
    FROM Employees e
    INNER JOIN Departments d
        ON e.DepartmentId = d.Id
    INNER JOIN Locations l
        ON e.LocationId = l.Id
    INNER JOIN EmploymentTypes et
        ON e.EmploymentTypeId = et.Id
    WHERE (@DepartmentId IS NULL OR e.DepartmentId = @DepartmentId)
      AND (@EmploymentTypeId IS NULL OR e.EmploymentTypeId = @EmploymentTypeId)
      AND (@LocationId IS NULL OR e.LocationId = @LocationId)
        order by e.Id
        OFFSET @offset rows
        FETCH NEXT  @size rows only
        
[2026-09-04 17:03:47] [INF] Fetched 10 employees from page 0 with total 100000
[2026-09-04 17:03:47] [INF] HTTP GET /api/employees/paginated responded 200 in 26.4027 ms
[2026-09-04 17:03:47] [INF] Query Executed 
    SELECT
        e.Id,
        e.EmployeeCode,
        e.Name,
        d.Name AS Department,
        et.Name AS EmploymentType,
        l.Name AS Location,
        e.Attendance,
        e.Performance,
        e.ActiveProjects,
        e.ExperienceYears,
        e.Salary,
        e.JoiningYear,
        e.IsActive,
        e.DepartmentId,
        e.EmploymentTypeId,
        e.LocationId
    FROM Employees e
    INNER JOIN Departments d
        ON e.DepartmentId = d.Id
    INNER JOIN Locations l
        ON e.LocationId = l.Id
    INNER JOIN EmploymentTypes et
        ON e.EmploymentTypeId = et.Id
    WHERE (@DepartmentId IS NULL OR e.DepartmentId = @DepartmentId)
      AND (@EmploymentTypeId IS NULL OR e.EmploymentTypeId = @EmploymentTypeId)
      AND (@LocationId IS NULL OR e.LocationId = @LocationId)
        order by e.Id
        OFFSET @offset rows
        FETCH NEXT  @size rows only
        
[2026-09-04 17:03:47] [INF] Fetched 10 employees from page 0 with total 100000
[2026-09-04 17:03:47] [INF] HTTP GET /api/employees/paginated responded 200 in 26.6712 ms
[2026-09-04 17:03:47] [INF] Query Executed 
    SELECT
        e.Id,
        e.EmployeeCode,
        e.Name,
        d.Name AS Department,
        et.Name AS EmploymentType,
        l.Name AS Location,
        e.Attendance,
        e.Performance,
        e.ActiveProjects,
        e.ExperienceYears,
        e.Salary,
        e.JoiningYear,
        e.IsActive,
        e.DepartmentId,
        e.EmploymentTypeId,
        e.LocationId
    FROM Employees e
    INNER JOIN Departments d
        ON e.DepartmentId = d.Id
    INNER JOIN Locations l
        ON e.LocationId = l.Id
    INNER JOIN EmploymentTypes et
        ON e.EmploymentTypeId = et.Id
    WHERE (@DepartmentId IS NULL OR e.DepartmentId = @DepartmentId)
      AND (@EmploymentTypeId IS NULL OR e.EmploymentTypeId = @EmploymentTypeId)
      AND (@LocationId IS NULL OR e.LocationId = @LocationId)
        order by e.Id
        OFFSET @offset rows
        FETCH NEXT  @size rows only
        
[2026-09-04 17:03:47] [INF] Fetched 10 employees from page 0 with total 100000
[2026-09-04 17:03:47] [INF] HTTP GET /api/employees/paginated responded 200 in 27.3476 ms
[2026-09-04 17:03:47] [INF] Query Executed 
    SELECT
        e.Id,
        e.EmployeeCode,
        e.Name,
        d.Name AS Department,
        et.Name AS EmploymentType,
        l.Name AS Location,
        e.Attendance,
        e.Performance,
        e.ActiveProjects,
        e.ExperienceYears,
        e.Salary,
        e.JoiningYear,
        e.IsActive,
        e.DepartmentId,
        e.EmploymentTypeId,
        e.LocationId
    FROM Employees e
    INNER JOIN Departments d
        ON e.DepartmentId = d.Id
    INNER JOIN Locations l
        ON e.LocationId = l.Id
    INNER JOIN EmploymentTypes et
        ON e.EmploymentTypeId = et.Id
    WHERE (@DepartmentId IS NULL OR e.DepartmentId = @DepartmentId)
      AND (@EmploymentTypeId IS NULL OR e.EmploymentTypeId = @EmploymentTypeId)
      AND (@LocationId IS NULL OR e.LocationId = @LocationId)
        order by e.Id
        OFFSET @offset rows
        FETCH NEXT  @size rows only
        
[2026-09-04 17:03:47] [INF] Fetched 10 employees from page 0 with total 100000
[2026-09-04 17:03:47] [INF] HTTP GET /api/employees/paginated responded 200 in 26.9642 ms
[2026-09-04 17:03:47] [INF] Query Executed 
    SELECT
        e.Id,
        e.EmployeeCode,
        e.Name,
        d.Name AS Department,
        et.Name AS EmploymentType,
        l.Name AS Location,
        e.Attendance,
        e.Performance,
        e.ActiveProjects,
        e.ExperienceYears,
        e.Salary,
        e.JoiningYear,
        e.IsActive,
        e.DepartmentId,
        e.EmploymentTypeId,
        e.LocationId
    FROM Employees e
    INNER JOIN Departments d
        ON e.DepartmentId = d.Id
    INNER JOIN Locations l
        ON e.LocationId = l.Id
    INNER JOIN EmploymentTypes et
        ON e.EmploymentTypeId = et.Id
    WHERE (@DepartmentId IS NULL OR e.DepartmentId = @DepartmentId)
      AND (@EmploymentTypeId IS NULL OR e.EmploymentTypeId = @EmploymentTypeId)
      AND (@LocationId IS NULL OR e.LocationId = @LocationId)
        order by e.Id
        OFFSET @offset rows
        FETCH NEXT  @size rows only
        
[2026-09-04 17:03:47] [INF] Fetched 10 employees from page 0 with total 100000
[2026-09-04 17:03:47] [INF] HTTP GET /api/employees/paginated responded 200 in 26.4691 ms
[2026-09-04 17:03:47] [INF] Query Executed 
    SELECT
        e.Id,
        e.EmployeeCode,
        e.Name,
        d.Name AS Department,
        et.Name AS EmploymentType,
        l.Name AS Location,
        e.Attendance,
        e.Performance,
        e.ActiveProjects,
        e.ExperienceYears,
        e.Salary,
        e.JoiningYear,
        e.IsActive,
        e.DepartmentId,
        e.EmploymentTypeId,
        e.LocationId
    FROM Employees e
    INNER JOIN Departments d
        ON e.DepartmentId = d.Id
    INNER JOIN Locations l
        ON e.LocationId = l.Id
    INNER JOIN EmploymentTypes et
        ON e.EmploymentTypeId = et.Id
    WHERE (@DepartmentId IS NULL OR e.DepartmentId = @DepartmentId)
      AND (@EmploymentTypeId IS NULL OR e.EmploymentTypeId = @EmploymentTypeId)
      AND (@LocationId IS NULL OR e.LocationId = @LocationId)
        order by e.Id
        OFFSET @offset rows
        FETCH NEXT  @size rows only
        
[2026-09-04 17:03:47] [INF] Fetched 10 employees from page 0 with total 100000
[2026-09-04 17:03:47] [INF] HTTP GET /api/employees/paginated responded 200 in 27.9414 ms
[2026-09-04 17:03:47] [INF] Query Executed 
    SELECT
        e.Id,
        e.EmployeeCode,
        e.Name,
        d.Name AS Department,
        et.Name AS EmploymentType,
        l.Name AS Location,
        e.Attendance,
        e.Performance,
        e.ActiveProjects,
        e.ExperienceYears,
        e.Salary,
        e.JoiningYear,
        e.IsActive,
        e.DepartmentId,
        e.EmploymentTypeId,
        e.LocationId
    FROM Employees e
    INNER JOIN Departments d
        ON e.DepartmentId = d.Id
    INNER JOIN Locations l
        ON e.LocationId = l.Id
    INNER JOIN EmploymentTypes et
        ON e.EmploymentTypeId = et.Id
    WHERE (@DepartmentId IS NULL OR e.DepartmentId = @DepartmentId)
      AND (@EmploymentTypeId IS NULL OR e.EmploymentTypeId = @EmploymentTypeId)
      AND (@LocationId IS NULL OR e.LocationId = @LocationId)
        order by e.Id
        OFFSET @offset rows
        FETCH NEXT  @size rows only
        
[2026-09-04 17:03:47] [INF] Fetched 10 employees from page 0 with total 100000
[2026-09-04 17:03:47] [INF] HTTP GET /api/employees/paginated responded 200 in 25.4039 ms
[2026-09-04 17:03:47] [INF] Query Executed 
    SELECT
        e.Id,
        e.EmployeeCode,
        e.Name,
        d.Name AS Department,
        et.Name AS EmploymentType,
        l.Name AS Location,
        e.Attendance,
        e.Performance,
        e.ActiveProjects,
        e.ExperienceYears,
        e.Salary,
        e.JoiningYear,
        e.IsActive,
        e.DepartmentId,
        e.EmploymentTypeId,
        e.LocationId
    FROM Employees e
    INNER JOIN Departments d
        ON e.DepartmentId = d.Id
    INNER JOIN Locations l
        ON e.LocationId = l.Id
    INNER JOIN EmploymentTypes et
        ON e.EmploymentTypeId = et.Id
    WHERE (@DepartmentId IS NULL OR e.DepartmentId = @DepartmentId)
      AND (@EmploymentTypeId IS NULL OR e.EmploymentTypeId = @EmploymentTypeId)
      AND (@LocationId IS NULL OR e.LocationId = @LocationId)
        order by e.Id
        OFFSET @offset rows
        FETCH NEXT  @size rows only
        
[2026-09-04 17:03:47] [INF] Fetched 10 employees from page 0 with total 100000
[2026-09-04 17:03:47] [INF] HTTP GET /api/employees/paginated responded 200 in 28.6663 ms
[2026-09-04 17:03:47] [INF] Query Executed 
    SELECT
        e.Id,
        e.EmployeeCode,
        e.Name,
        d.Name AS Department,
        et.Name AS EmploymentType,
        l.Name AS Location,
        e.Attendance,
        e.Performance,
        e.ActiveProjects,
        e.ExperienceYears,
        e.Salary,
        e.JoiningYear,
        e.IsActive,
        e.DepartmentId,
        e.EmploymentTypeId,
        e.LocationId
    FROM Employees e
    INNER JOIN Departments d
        ON e.DepartmentId = d.Id
    INNER JOIN Locations l
        ON e.LocationId = l.Id
    INNER JOIN EmploymentTypes et
        ON e.EmploymentTypeId = et.Id
    WHERE (@DepartmentId IS NULL OR e.DepartmentId = @DepartmentId)
      AND (@EmploymentTypeId IS NULL OR e.EmploymentTypeId = @EmploymentTypeId)
      AND (@LocationId IS NULL OR e.LocationId = @LocationId)
        order by e.Id
        OFFSET @offset rows
        FETCH NEXT  @size rows only
        
[2026-09-04 17:03:47] [INF] Fetched 10 employees from page 0 with total 100000
[2026-09-04 17:03:47] [INF] HTTP GET /api/employees/paginated responded 200 in 25.7289 ms
[2026-09-04 17:03:47] [INF] Query Executed 
    SELECT
        e.Id,
        e.EmployeeCode,
        e.Name,
        d.Name AS Department,
        et.Name AS EmploymentType,
        l.Name AS Location,
        e.Attendance,
        e.Performance,
        e.ActiveProjects,
        e.ExperienceYears,
        e.Salary,
        e.JoiningYear,
        e.IsActive,
        e.DepartmentId,
        e.EmploymentTypeId,
        e.LocationId
    FROM Employees e
    INNER JOIN Departments d
        ON e.DepartmentId = d.Id
    INNER JOIN Locations l
        ON e.LocationId = l.Id
    INNER JOIN EmploymentTypes et
        ON e.EmploymentTypeId = et.Id
    WHERE (@DepartmentId IS NULL OR e.DepartmentId = @DepartmentId)
      AND (@EmploymentTypeId IS NULL OR e.EmploymentTypeId = @EmploymentTypeId)
      AND (@LocationId IS NULL OR e.LocationId = @LocationId)
        order by e.Id
        OFFSET @offset rows
        FETCH NEXT  @size rows only
        
[2026-09-04 17:03:48] [INF] Fetched 10 employees from page 0 with total 100000
[2026-09-04 17:03:48] [INF] HTTP GET /api/employees/paginated responded 200 in 38.2980 ms
[2026-09-04 17:03:48] [INF] Query Executed 
    SELECT
        e.Id,
        e.EmployeeCode,
        e.Name,
        d.Name AS Department,
        et.Name AS EmploymentType,
        l.Name AS Location,
        e.Attendance,
        e.Performance,
        e.ActiveProjects,
        e.ExperienceYears,
        e.Salary,
        e.JoiningYear,
        e.IsActive,
        e.DepartmentId,
        e.EmploymentTypeId,
        e.LocationId
    FROM Employees e
    INNER JOIN Departments d
        ON e.DepartmentId = d.Id
    INNER JOIN Locations l
        ON e.LocationId = l.Id
    INNER JOIN EmploymentTypes et
        ON e.EmploymentTypeId = et.Id
    WHERE (@DepartmentId IS NULL OR e.DepartmentId = @DepartmentId)
      AND (@EmploymentTypeId IS NULL OR e.EmploymentTypeId = @EmploymentTypeId)
      AND (@LocationId IS NULL OR e.LocationId = @LocationId)
        order by e.Id
        OFFSET @offset rows
        FETCH NEXT  @size rows only
        
[2026-09-04 17:03:48] [INF] Fetched 10 employees from page 0 with total 100000
[2026-09-04 17:03:48] [INF] HTTP GET /api/employees/paginated responded 200 in 33.7008 ms
[2026-09-04 17:03:48] [INF] Query Executed 
    SELECT
        e.Id,
        e.EmployeeCode,
        e.Name,
        d.Name AS Department,
        et.Name AS EmploymentType,
        l.Name AS Location,
        e.Attendance,
        e.Performance,
        e.ActiveProjects,
        e.ExperienceYears,
        e.Salary,
        e.JoiningYear,
        e.IsActive,
        e.DepartmentId,
        e.EmploymentTypeId,
        e.LocationId
    FROM Employees e
    INNER JOIN Departments d
        ON e.DepartmentId = d.Id
    INNER JOIN Locations l
        ON e.LocationId = l.Id
    INNER JOIN EmploymentTypes et
        ON e.EmploymentTypeId = et.Id
    WHERE (@DepartmentId IS NULL OR e.DepartmentId = @DepartmentId)
      AND (@EmploymentTypeId IS NULL OR e.EmploymentTypeId = @EmploymentTypeId)
      AND (@LocationId IS NULL OR e.LocationId = @LocationId)
        order by e.Id
        OFFSET @offset rows
        FETCH NEXT  @size rows only
        
[2026-09-04 17:03:48] [INF] Fetched 10 employees from page 0 with total 100000
[2026-09-04 17:03:48] [INF] HTTP GET /api/employees/paginated responded 200 in 31.5521 ms
[2026-09-04 17:03:48] [INF] Query Executed 
    SELECT
        e.Id,
        e.EmployeeCode,
        e.Name,
        d.Name AS Department,
        et.Name AS EmploymentType,
        l.Name AS Location,
        e.Attendance,
        e.Performance,
        e.ActiveProjects,
        e.ExperienceYears,
        e.Salary,
        e.JoiningYear,
        e.IsActive,
        e.DepartmentId,
        e.EmploymentTypeId,
        e.LocationId
    FROM Employees e
    INNER JOIN Departments d
        ON e.DepartmentId = d.Id
    INNER JOIN Locations l
        ON e.LocationId = l.Id
    INNER JOIN EmploymentTypes et
        ON e.EmploymentTypeId = et.Id
    WHERE (@DepartmentId IS NULL OR e.DepartmentId = @DepartmentId)
      AND (@EmploymentTypeId IS NULL OR e.EmploymentTypeId = @EmploymentTypeId)
      AND (@LocationId IS NULL OR e.LocationId = @LocationId)
        order by e.Id
        OFFSET @offset rows
        FETCH NEXT  @size rows only
        
[2026-09-04 17:03:48] [INF] Fetched 10 employees from page 0 with total 100000
[2026-09-04 17:03:48] [INF] HTTP GET /api/employees/paginated responded 200 in 28.5129 ms
[2026-09-04 17:03:48] [INF] Query Executed 
    SELECT
        e.Id,
        e.EmployeeCode,
        e.Name,
        d.Name AS Department,
        et.Name AS EmploymentType,
        l.Name AS Location,
        e.Attendance,
        e.Performance,
        e.ActiveProjects,
        e.ExperienceYears,
        e.Salary,
        e.JoiningYear,
        e.IsActive,
        e.DepartmentId,
        e.EmploymentTypeId,
        e.LocationId
    FROM Employees e
    INNER JOIN Departments d
        ON e.DepartmentId = d.Id
    INNER JOIN Locations l
        ON e.LocationId = l.Id
    INNER JOIN EmploymentTypes et
        ON e.EmploymentTypeId = et.Id
    WHERE (@DepartmentId IS NULL OR e.DepartmentId = @DepartmentId)
      AND (@EmploymentTypeId IS NULL OR e.EmploymentTypeId = @EmploymentTypeId)
      AND (@LocationId IS NULL OR e.LocationId = @LocationId)
        order by e.Id
        OFFSET @offset rows
        FETCH NEXT  @size rows only
        
[2026-09-04 17:03:48] [INF] Fetched 10 employees from page 0 with total 100000
[2026-09-04 17:03:48] [INF] HTTP GET /api/employees/paginated responded 200 in 29.4355 ms
[2026-09-04 17:03:48] [INF] Query Executed 
    SELECT
        e.Id,
        e.EmployeeCode,
        e.Name,
        d.Name AS Department,
        et.Name AS EmploymentType,
        l.Name AS Location,
        e.Attendance,
        e.Performance,
        e.ActiveProjects,
        e.ExperienceYears,
        e.Salary,
        e.JoiningYear,
        e.IsActive,
        e.DepartmentId,
        e.EmploymentTypeId,
        e.LocationId
    FROM Employees e
    INNER JOIN Departments d
        ON e.DepartmentId = d.Id
    INNER JOIN Locations l
        ON e.LocationId = l.Id
    INNER JOIN EmploymentTypes et
        ON e.EmploymentTypeId = et.Id
    WHERE (@DepartmentId IS NULL OR e.DepartmentId = @DepartmentId)
      AND (@EmploymentTypeId IS NULL OR e.EmploymentTypeId = @EmploymentTypeId)
      AND (@LocationId IS NULL OR e.LocationId = @LocationId)
        order by e.Id
        OFFSET @offset rows
        FETCH NEXT  @size rows only
        
[2026-09-04 17:03:48] [INF] Fetched 10 employees from page 0 with total 100000
[2026-09-04 17:03:48] [INF] HTTP GET /api/employees/paginated responded 200 in 28.9131 ms
[2026-09-04 17:03:48] [INF] Query Executed 
    SELECT
        e.Id,
        e.EmployeeCode,
        e.Name,
        d.Name AS Department,
        et.Name AS EmploymentType,
        l.Name AS Location,
        e.Attendance,
        e.Performance,
        e.ActiveProjects,
        e.ExperienceYears,
        e.Salary,
        e.JoiningYear,
        e.IsActive,
        e.DepartmentId,
        e.EmploymentTypeId,
        e.LocationId
    FROM Employees e
    INNER JOIN Departments d
        ON e.DepartmentId = d.Id
    INNER JOIN Locations l
        ON e.LocationId = l.Id
    INNER JOIN EmploymentTypes et
        ON e.EmploymentTypeId = et.Id
    WHERE (@DepartmentId IS NULL OR e.DepartmentId = @DepartmentId)
      AND (@EmploymentTypeId IS NULL OR e.EmploymentTypeId = @EmploymentTypeId)
      AND (@LocationId IS NULL OR e.LocationId = @LocationId)
        order by e.Id
        OFFSET @offset rows
        FETCH NEXT  @size rows only
        
[2026-09-04 17:03:48] [INF] Fetched 10 employees from page 0 with total 100000
[2026-09-04 17:03:48] [INF] HTTP GET /api/employees/paginated responded 200 in 26.8115 ms
[2026-09-04 17:03:48] [INF] Query Executed 
    SELECT
        e.Id,
        e.EmployeeCode,
        e.Name,
        d.Name AS Department,
        et.Name AS EmploymentType,
        l.Name AS Location,
        e.Attendance,
        e.Performance,
        e.ActiveProjects,
        e.ExperienceYears,
        e.Salary,
        e.JoiningYear,
        e.IsActive,
        e.DepartmentId,
        e.EmploymentTypeId,
        e.LocationId
    FROM Employees e
    INNER JOIN Departments d
        ON e.DepartmentId = d.Id
    INNER JOIN Locations l
        ON e.LocationId = l.Id
    INNER JOIN EmploymentTypes et
        ON e.EmploymentTypeId = et.Id
    WHERE (@DepartmentId IS NULL OR e.DepartmentId = @DepartmentId)
      AND (@EmploymentTypeId IS NULL OR e.EmploymentTypeId = @EmploymentTypeId)
      AND (@LocationId IS NULL OR e.LocationId = @LocationId)
        order by e.Id
        OFFSET @offset rows
        FETCH NEXT  @size rows only
        
[2026-09-04 17:03:48] [INF] Fetched 10 employees from page 0 with total 100000
[2026-09-04 17:03:48] [INF] HTTP GET /api/employees/paginated responded 200 in 26.8544 ms
[2026-09-04 17:03:48] [INF] Query Executed 
    SELECT
        e.Id,
        e.EmployeeCode,
        e.Name,
        d.Name AS Department,
        et.Name AS EmploymentType,
        l.Name AS Location,
        e.Attendance,
        e.Performance,
        e.ActiveProjects,
        e.ExperienceYears,
        e.Salary,
        e.JoiningYear,
        e.IsActive,
        e.DepartmentId,
        e.EmploymentTypeId,
        e.LocationId
    FROM Employees e
    INNER JOIN Departments d
        ON e.DepartmentId = d.Id
    INNER JOIN Locations l
        ON e.LocationId = l.Id
    INNER JOIN EmploymentTypes et
        ON e.EmploymentTypeId = et.Id
    WHERE (@DepartmentId IS NULL OR e.DepartmentId = @DepartmentId)
      AND (@EmploymentTypeId IS NULL OR e.EmploymentTypeId = @EmploymentTypeId)
      AND (@LocationId IS NULL OR e.LocationId = @LocationId)
        order by e.Id
        OFFSET @offset rows
        FETCH NEXT  @size rows only
        
[2026-09-04 17:03:48] [INF] Fetched 10 employees from page 0 with total 100000
[2026-09-04 17:03:48] [INF] HTTP GET /api/employees/paginated responded 200 in 62.5390 ms
[2026-09-04 17:03:48] [INF] Query Executed 
    SELECT
        e.Id,
        e.EmployeeCode,
        e.Name,
        d.Name AS Department,
        et.Name AS EmploymentType,
        l.Name AS Location,
        e.Attendance,
        e.Performance,
        e.ActiveProjects,
        e.ExperienceYears,
        e.Salary,
        e.JoiningYear,
        e.IsActive,
        e.DepartmentId,
        e.EmploymentTypeId,
        e.LocationId
    FROM Employees e
    INNER JOIN Departments d
        ON e.DepartmentId = d.Id
    INNER JOIN Locations l
        ON e.LocationId = l.Id
    INNER JOIN EmploymentTypes et
        ON e.EmploymentTypeId = et.Id
    WHERE (@DepartmentId IS NULL OR e.DepartmentId = @DepartmentId)
      AND (@EmploymentTypeId IS NULL OR e.EmploymentTypeId = @EmploymentTypeId)
      AND (@LocationId IS NULL OR e.LocationId = @LocationId)
        order by e.Id
        OFFSET @offset rows
        FETCH NEXT  @size rows only
        
[2026-09-04 17:03:48] [INF] Fetched 10 employees from page 0 with total 100000
[2026-09-04 17:03:48] [INF] HTTP GET /api/employees/paginated responded 200 in 61.5872 ms
[2026-09-04 17:03:48] [INF] Query Executed 
    SELECT
        e.Id,
        e.EmployeeCode,
        e.Name,
        d.Name AS Department,
        et.Name AS EmploymentType,
        l.Name AS Location,
        e.Attendance,
        e.Performance,
        e.ActiveProjects,
        e.ExperienceYears,
        e.Salary,
        e.JoiningYear,
        e.IsActive,
        e.DepartmentId,
        e.EmploymentTypeId,
        e.LocationId
    FROM Employees e
    INNER JOIN Departments d
        ON e.DepartmentId = d.Id
    INNER JOIN Locations l
        ON e.LocationId = l.Id
    INNER JOIN EmploymentTypes et
        ON e.EmploymentTypeId = et.Id
    WHERE (@DepartmentId IS NULL OR e.DepartmentId = @DepartmentId)
      AND (@EmploymentTypeId IS NULL OR e.EmploymentTypeId = @EmploymentTypeId)
      AND (@LocationId IS NULL OR e.LocationId = @LocationId)
        order by e.Id
        OFFSET @offset rows
        FETCH NEXT  @size rows only
        
[2026-09-04 17:03:48] [INF] Fetched 10 employees from page 0 with total 100000
[2026-09-04 17:03:48] [INF] HTTP GET /api/employees/paginated responded 200 in 26.9002 ms
[2026-09-04 17:03:48] [INF] Query Executed 
    SELECT
        e.Id,
        e.EmployeeCode,
        e.Name,
        d.Name AS Department,
        et.Name AS EmploymentType,
        l.Name AS Location,
        e.Attendance,
        e.Performance,
        e.ActiveProjects,
        e.ExperienceYears,
        e.Salary,
        e.JoiningYear,
        e.IsActive,
        e.DepartmentId,
        e.EmploymentTypeId,
        e.LocationId
    FROM Employees e
    INNER JOIN Departments d
        ON e.DepartmentId = d.Id
    INNER JOIN Locations l
        ON e.LocationId = l.Id
    INNER JOIN EmploymentTypes et
        ON e.EmploymentTypeId = et.Id
    WHERE (@DepartmentId IS NULL OR e.DepartmentId = @DepartmentId)
      AND (@EmploymentTypeId IS NULL OR e.EmploymentTypeId = @EmploymentTypeId)
      AND (@LocationId IS NULL OR e.LocationId = @LocationId)
        order by e.Id
        OFFSET @offset rows
        FETCH NEXT  @size rows only
        
[2026-09-04 17:03:48] [INF] Fetched 10 employees from page 0 with total 100000
[2026-09-04 17:03:48] [INF] HTTP GET /api/employees/paginated responded 200 in 26.0642 ms
[2026-09-04 17:03:48] [INF] Query Executed 
    SELECT
        e.Id,
        e.EmployeeCode,
        e.Name,
        d.Name AS Department,
        et.Name AS EmploymentType,
        l.Name AS Location,
        e.Attendance,
        e.Performance,
        e.ActiveProjects,
        e.ExperienceYears,
        e.Salary,
        e.JoiningYear,
        e.IsActive,
        e.DepartmentId,
        e.EmploymentTypeId,
        e.LocationId
    FROM Employees e
    INNER JOIN Departments d
        ON e.DepartmentId = d.Id
    INNER JOIN Locations l
        ON e.LocationId = l.Id
    INNER JOIN EmploymentTypes et
        ON e.EmploymentTypeId = et.Id
    WHERE (@DepartmentId IS NULL OR e.DepartmentId = @DepartmentId)
      AND (@EmploymentTypeId IS NULL OR e.EmploymentTypeId = @EmploymentTypeId)
      AND (@LocationId IS NULL OR e.LocationId = @LocationId)
        order by e.Id
        OFFSET @offset rows
        FETCH NEXT  @size rows only
        
[2026-09-04 17:03:48] [INF] Fetched 10 employees from page 0 with total 100000
[2026-09-04 17:03:48] [INF] HTTP GET /api/employees/paginated responded 200 in 26.3416 ms
[2026-09-04 17:03:48] [INF] Query Executed 
    SELECT
        e.Id,
        e.EmployeeCode,
        e.Name,
        d.Name AS Department,
        et.Name AS EmploymentType,
        l.Name AS Location,
        e.Attendance,
        e.Performance,
        e.ActiveProjects,
        e.ExperienceYears,
        e.Salary,
        e.JoiningYear,
        e.IsActive,
        e.DepartmentId,
        e.EmploymentTypeId,
        e.LocationId
    FROM Employees e
    INNER JOIN Departments d
        ON e.DepartmentId = d.Id
    INNER JOIN Locations l
        ON e.LocationId = l.Id
    INNER JOIN EmploymentTypes et
        ON e.EmploymentTypeId = et.Id
    WHERE (@DepartmentId IS NULL OR e.DepartmentId = @DepartmentId)
      AND (@EmploymentTypeId IS NULL OR e.EmploymentTypeId = @EmploymentTypeId)
      AND (@LocationId IS NULL OR e.LocationId = @LocationId)
        order by e.Id
        OFFSET @offset rows
        FETCH NEXT  @size rows only
        
[2026-09-04 17:03:49] [INF] Fetched 10 employees from page 0 with total 100000
[2026-09-04 17:03:49] [INF] HTTP GET /api/employees/paginated responded 200 in 27.8800 ms
[2026-09-04 17:03:49] [INF] Query Executed 
    SELECT
        e.Id,
        e.EmployeeCode,
        e.Name,
        d.Name AS Department,
        et.Name AS EmploymentType,
        l.Name AS Location,
        e.Attendance,
        e.Performance,
        e.ActiveProjects,
        e.ExperienceYears,
        e.Salary,
        e.JoiningYear,
        e.IsActive,
        e.DepartmentId,
        e.EmploymentTypeId,
        e.LocationId
    FROM Employees e
    INNER JOIN Departments d
        ON e.DepartmentId = d.Id
    INNER JOIN Locations l
        ON e.LocationId = l.Id
    INNER JOIN EmploymentTypes et
        ON e.EmploymentTypeId = et.Id
    WHERE (@DepartmentId IS NULL OR e.DepartmentId = @DepartmentId)
      AND (@EmploymentTypeId IS NULL OR e.EmploymentTypeId = @EmploymentTypeId)
      AND (@LocationId IS NULL OR e.LocationId = @LocationId)
        order by e.Id
        OFFSET @offset rows
        FETCH NEXT  @size rows only
        
[2026-09-04 17:03:49] [INF] Fetched 10 employees from page 0 with total 100000
[2026-09-04 17:03:49] [INF] HTTP GET /api/employees/paginated responded 200 in 41.2491 ms
[2026-09-04 17:03:49] [INF] Query Executed 
    SELECT
        e.Id,
        e.EmployeeCode,
        e.Name,
        d.Name AS Department,
        et.Name AS EmploymentType,
        l.Name AS Location,
        e.Attendance,
        e.Performance,
        e.ActiveProjects,
        e.ExperienceYears,
        e.Salary,
        e.JoiningYear,
        e.IsActive,
        e.DepartmentId,
        e.EmploymentTypeId,
        e.LocationId
    FROM Employees e
    INNER JOIN Departments d
        ON e.DepartmentId = d.Id
    INNER JOIN Locations l
        ON e.LocationId = l.Id
    INNER JOIN EmploymentTypes et
        ON e.EmploymentTypeId = et.Id
    WHERE (@DepartmentId IS NULL OR e.DepartmentId = @DepartmentId)
      AND (@EmploymentTypeId IS NULL OR e.EmploymentTypeId = @EmploymentTypeId)
      AND (@LocationId IS NULL OR e.LocationId = @LocationId)
        order by e.Id
        OFFSET @offset rows
        FETCH NEXT  @size rows only
        
[2026-09-04 17:03:49] [INF] Fetched 10 employees from page 0 with total 100000
[2026-09-04 17:03:49] [INF] HTTP GET /api/employees/paginated responded 200 in 25.1410 ms
[2026-09-04 17:03:49] [INF] Query Executed 
    SELECT
        e.Id,
        e.EmployeeCode,
        e.Name,
        d.Name AS Department,
        et.Name AS EmploymentType,
        l.Name AS Location,
        e.Attendance,
        e.Performance,
        e.ActiveProjects,
        e.ExperienceYears,
        e.Salary,
        e.JoiningYear,
        e.IsActive,
        e.DepartmentId,
        e.EmploymentTypeId,
        e.LocationId
    FROM Employees e
    INNER JOIN Departments d
        ON e.DepartmentId = d.Id
    INNER JOIN Locations l
        ON e.LocationId = l.Id
    INNER JOIN EmploymentTypes et
        ON e.EmploymentTypeId = et.Id
    WHERE (@DepartmentId IS NULL OR e.DepartmentId = @DepartmentId)
      AND (@EmploymentTypeId IS NULL OR e.EmploymentTypeId = @EmploymentTypeId)
      AND (@LocationId IS NULL OR e.LocationId = @LocationId)
        order by e.Id
        OFFSET @offset rows
        FETCH NEXT  @size rows only
        
[2026-09-04 17:03:49] [INF] Fetched 10 employees from page 0 with total 100000
[2026-09-04 17:03:49] [INF] HTTP GET /api/employees/paginated responded 200 in 22.3070 ms
[2026-09-04 17:03:49] [INF] Query Executed 
    SELECT
        e.Id,
        e.EmployeeCode,
        e.Name,
        d.Name AS Department,
        et.Name AS EmploymentType,
        l.Name AS Location,
        e.Attendance,
        e.Performance,
        e.ActiveProjects,
        e.ExperienceYears,
        e.Salary,
        e.JoiningYear,
        e.IsActive,
        e.DepartmentId,
        e.EmploymentTypeId,
        e.LocationId
    FROM Employees e
    INNER JOIN Departments d
        ON e.DepartmentId = d.Id
    INNER JOIN Locations l
        ON e.LocationId = l.Id
    INNER JOIN EmploymentTypes et
        ON e.EmploymentTypeId = et.Id
    WHERE (@DepartmentId IS NULL OR e.DepartmentId = @DepartmentId)
      AND (@EmploymentTypeId IS NULL OR e.EmploymentTypeId = @EmploymentTypeId)
      AND (@LocationId IS NULL OR e.LocationId = @LocationId)
        order by e.Id
        OFFSET @offset rows
        FETCH NEXT  @size rows only
        
[2026-09-04 17:03:49] [INF] Fetched 10 employees from page 0 with total 100000
[2026-09-04 17:03:49] [INF] HTTP GET /api/employees/paginated responded 200 in 24.9262 ms
[2026-09-04 17:03:49] [INF] Query Executed 
    SELECT
        e.Id,
        e.EmployeeCode,
        e.Name,
        d.Name AS Department,
        et.Name AS EmploymentType,
        l.Name AS Location,
        e.Attendance,
        e.Performance,
        e.ActiveProjects,
        e.ExperienceYears,
        e.Salary,
        e.JoiningYear,
        e.IsActive,
        e.DepartmentId,
        e.EmploymentTypeId,
        e.LocationId
    FROM Employees e
    INNER JOIN Departments d
        ON e.DepartmentId = d.Id
    INNER JOIN Locations l
        ON e.LocationId = l.Id
    INNER JOIN EmploymentTypes et
        ON e.EmploymentTypeId = et.Id
    WHERE (@DepartmentId IS NULL OR e.DepartmentId = @DepartmentId)
      AND (@EmploymentTypeId IS NULL OR e.EmploymentTypeId = @EmploymentTypeId)
      AND (@LocationId IS NULL OR e.LocationId = @LocationId)
        order by e.Id
        OFFSET @offset rows
        FETCH NEXT  @size rows only
        
[2026-09-04 17:03:49] [INF] Fetched 10 employees from page 0 with total 100000
[2026-09-04 17:03:49] [INF] HTTP GET /api/employees/paginated responded 200 in 26.6183 ms
[2026-09-04 17:03:49] [INF] Query Executed 
    SELECT
        e.Id,
        e.EmployeeCode,
        e.Name,
        d.Name AS Department,
        et.Name AS EmploymentType,
        l.Name AS Location,
        e.Attendance,
        e.Performance,
        e.ActiveProjects,
        e.ExperienceYears,
        e.Salary,
        e.JoiningYear,
        e.IsActive,
        e.DepartmentId,
        e.EmploymentTypeId,
        e.LocationId
    FROM Employees e
    INNER JOIN Departments d
        ON e.DepartmentId = d.Id
    INNER JOIN Locations l
        ON e.LocationId = l.Id
    INNER JOIN EmploymentTypes et
        ON e.EmploymentTypeId = et.Id
    WHERE (@DepartmentId IS NULL OR e.DepartmentId = @DepartmentId)
      AND (@EmploymentTypeId IS NULL OR e.EmploymentTypeId = @EmploymentTypeId)
      AND (@LocationId IS NULL OR e.LocationId = @LocationId)
        order by e.Id
        OFFSET @offset rows
        FETCH NEXT  @size rows only
        
[2026-09-04 17:03:49] [INF] Fetched 10 employees from page 0 with total 100000
[2026-09-04 17:03:49] [INF] HTTP GET /api/employees/paginated responded 200 in 25.9414 ms
[2026-09-04 17:03:49] [INF] Query Executed 
    SELECT
        e.Id,
        e.EmployeeCode,
        e.Name,
        d.Name AS Department,
        et.Name AS EmploymentType,
        l.Name AS Location,
        e.Attendance,
        e.Performance,
        e.ActiveProjects,
        e.ExperienceYears,
        e.Salary,
        e.JoiningYear,
        e.IsActive,
        e.DepartmentId,
        e.EmploymentTypeId,
        e.LocationId
    FROM Employees e
    INNER JOIN Departments d
        ON e.DepartmentId = d.Id
    INNER JOIN Locations l
        ON e.LocationId = l.Id
    INNER JOIN EmploymentTypes et
        ON e.EmploymentTypeId = et.Id
    WHERE (@DepartmentId IS NULL OR e.DepartmentId = @DepartmentId)
      AND (@EmploymentTypeId IS NULL OR e.EmploymentTypeId = @EmploymentTypeId)
      AND (@LocationId IS NULL OR e.LocationId = @LocationId)
        order by e.Id
        OFFSET @offset rows
        FETCH NEXT  @size rows only
        
[2026-09-04 17:03:49] [INF] Fetched 10 employees from page 0 with total 100000
[2026-09-04 17:03:49] [INF] HTTP GET /api/employees/paginated responded 200 in 28.2337 ms
[2026-09-04 17:03:49] [INF] Query Executed 
    SELECT
        e.Id,
        e.EmployeeCode,
        e.Name,
        d.Name AS Department,
        et.Name AS EmploymentType,
        l.Name AS Location,
        e.Attendance,
        e.Performance,
        e.ActiveProjects,
        e.ExperienceYears,
        e.Salary,
        e.JoiningYear,
        e.IsActive,
        e.DepartmentId,
        e.EmploymentTypeId,
        e.LocationId
    FROM Employees e
    INNER JOIN Departments d
        ON e.DepartmentId = d.Id
    INNER JOIN Locations l
        ON e.LocationId = l.Id
    INNER JOIN EmploymentTypes et
        ON e.EmploymentTypeId = et.Id
    WHERE (@DepartmentId IS NULL OR e.DepartmentId = @DepartmentId)
      AND (@EmploymentTypeId IS NULL OR e.EmploymentTypeId = @EmploymentTypeId)
      AND (@LocationId IS NULL OR e.LocationId = @LocationId)
        order by e.Id
        OFFSET @offset rows
        FETCH NEXT  @size rows only
        
[2026-09-04 17:03:49] [INF] Fetched 10 employees from page 0 with total 100000
[2026-09-04 17:03:49] [INF] HTTP GET /api/employees/paginated responded 200 in 23.8529 ms
[2026-09-04 17:03:49] [INF] Query Executed 
    SELECT
        e.Id,
        e.EmployeeCode,
        e.Name,
        d.Name AS Department,
        et.Name AS EmploymentType,
        l.Name AS Location,
        e.Attendance,
        e.Performance,
        e.ActiveProjects,
        e.ExperienceYears,
        e.Salary,
        e.JoiningYear,
        e.IsActive,
        e.DepartmentId,
        e.EmploymentTypeId,
        e.LocationId
    FROM Employees e
    INNER JOIN Departments d
        ON e.DepartmentId = d.Id
    INNER JOIN Locations l
        ON e.LocationId = l.Id
    INNER JOIN EmploymentTypes et
        ON e.EmploymentTypeId = et.Id
    WHERE (@DepartmentId IS NULL OR e.DepartmentId = @DepartmentId)
      AND (@EmploymentTypeId IS NULL OR e.EmploymentTypeId = @EmploymentTypeId)
      AND (@LocationId IS NULL OR e.LocationId = @LocationId)
        order by e.Id
        OFFSET @offset rows
        FETCH NEXT  @size rows only
        
[2026-09-04 17:03:49] [INF] Fetched 10 employees from page 0 with total 100000
[2026-09-04 17:03:49] [INF] HTTP GET /api/employees/paginated responded 200 in 23.8805 ms
[2026-09-04 17:03:49] [INF] Query Executed 
    SELECT
        e.Id,
        e.EmployeeCode,
        e.Name,
        d.Name AS Department,
        et.Name AS EmploymentType,
        l.Name AS Location,
        e.Attendance,
        e.Performance,
        e.ActiveProjects,
        e.ExperienceYears,
        e.Salary,
        e.JoiningYear,
        e.IsActive,
        e.DepartmentId,
        e.EmploymentTypeId,
        e.LocationId
    FROM Employees e
    INNER JOIN Departments d
        ON e.DepartmentId = d.Id
    INNER JOIN Locations l
        ON e.LocationId = l.Id
    INNER JOIN EmploymentTypes et
        ON e.EmploymentTypeId = et.Id
    WHERE (@DepartmentId IS NULL OR e.DepartmentId = @DepartmentId)
      AND (@EmploymentTypeId IS NULL OR e.EmploymentTypeId = @EmploymentTypeId)
      AND (@LocationId IS NULL OR e.LocationId = @LocationId)
        order by e.Id
        OFFSET @offset rows
        FETCH NEXT  @size rows only
        
[2026-09-04 17:03:49] [INF] Fetched 10 employees from page 0 with total 100000
[2026-09-04 17:03:49] [INF] HTTP GET /api/employees/paginated responded 200 in 27.2075 ms
[2026-09-04 17:03:49] [INF] Query Executed 
    SELECT
        e.Id,
        e.EmployeeCode,
        e.Name,
        d.Name AS Department,
        et.Name AS EmploymentType,
        l.Name AS Location,
        e.Attendance,
        e.Performance,
        e.ActiveProjects,
        e.ExperienceYears,
        e.Salary,
        e.JoiningYear,
        e.IsActive,
        e.DepartmentId,
        e.EmploymentTypeId,
        e.LocationId
    FROM Employees e
    INNER JOIN Departments d
        ON e.DepartmentId = d.Id
    INNER JOIN Locations l
        ON e.LocationId = l.Id
    INNER JOIN EmploymentTypes et
        ON e.EmploymentTypeId = et.Id
    WHERE (@DepartmentId IS NULL OR e.DepartmentId = @DepartmentId)
      AND (@EmploymentTypeId IS NULL OR e.EmploymentTypeId = @EmploymentTypeId)
      AND (@LocationId IS NULL OR e.LocationId = @LocationId)
        order by e.Id
        OFFSET @offset rows
        FETCH NEXT  @size rows only
        
[2026-09-04 17:03:49] [INF] Fetched 10 employees from page 0 with total 100000
[2026-09-04 17:03:49] [INF] HTTP GET /api/employees/paginated responded 200 in 25.4867 ms
[2026-09-04 17:03:49] [INF] Query Executed 
    SELECT
        e.Id,
        e.EmployeeCode,
        e.Name,
        d.Name AS Department,
        et.Name AS EmploymentType,
        l.Name AS Location,
        e.Attendance,
        e.Performance,
        e.ActiveProjects,
        e.ExperienceYears,
        e.Salary,
        e.JoiningYear,
        e.IsActive,
        e.DepartmentId,
        e.EmploymentTypeId,
        e.LocationId
    FROM Employees e
    INNER JOIN Departments d
        ON e.DepartmentId = d.Id
    INNER JOIN Locations l
        ON e.LocationId = l.Id
    INNER JOIN EmploymentTypes et
        ON e.EmploymentTypeId = et.Id
    WHERE (@DepartmentId IS NULL OR e.DepartmentId = @DepartmentId)
      AND (@EmploymentTypeId IS NULL OR e.EmploymentTypeId = @EmploymentTypeId)
      AND (@LocationId IS NULL OR e.LocationId = @LocationId)
        order by e.Id
        OFFSET @offset rows
        FETCH NEXT  @size rows only
        
[2026-09-04 17:03:49] [INF] Fetched 10 employees from page 0 with total 100000
[2026-09-04 17:03:49] [INF] HTTP GET /api/employees/paginated responded 200 in 27.9521 ms
[2026-09-04 17:03:49] [INF] Query Executed 
    SELECT
        e.Id,
        e.EmployeeCode,
        e.Name,
        d.Name AS Department,
        et.Name AS EmploymentType,
        l.Name AS Location,
        e.Attendance,
        e.Performance,
        e.ActiveProjects,
        e.ExperienceYears,
        e.Salary,
        e.JoiningYear,
        e.IsActive,
        e.DepartmentId,
        e.EmploymentTypeId,
        e.LocationId
    FROM Employees e
    INNER JOIN Departments d
        ON e.DepartmentId = d.Id
    INNER JOIN Locations l
        ON e.LocationId = l.Id
    INNER JOIN EmploymentTypes et
        ON e.EmploymentTypeId = et.Id
    WHERE (@DepartmentId IS NULL OR e.DepartmentId = @DepartmentId)
      AND (@EmploymentTypeId IS NULL OR e.EmploymentTypeId = @EmploymentTypeId)
      AND (@LocationId IS NULL OR e.LocationId = @LocationId)
        order by e.Id
        OFFSET @offset rows
        FETCH NEXT  @size rows only
        
[2026-09-04 17:03:49] [INF] Fetched 10 employees from page 0 with total 100000
[2026-09-04 17:03:49] [INF] HTTP GET /api/employees/paginated responded 200 in 21.5420 ms
[2026-09-04 17:03:49] [INF] Query Executed 
    SELECT
        e.Id,
        e.EmployeeCode,
        e.Name,
        d.Name AS Department,
        et.Name AS EmploymentType,
        l.Name AS Location,
        e.Attendance,
        e.Performance,
        e.ActiveProjects,
        e.ExperienceYears,
        e.Salary,
        e.JoiningYear,
        e.IsActive,
        e.DepartmentId,
        e.EmploymentTypeId,
        e.LocationId
    FROM Employees e
    INNER JOIN Departments d
        ON e.DepartmentId = d.Id
    INNER JOIN Locations l
        ON e.LocationId = l.Id
    INNER JOIN EmploymentTypes et
        ON e.EmploymentTypeId = et.Id
    WHERE (@DepartmentId IS NULL OR e.DepartmentId = @DepartmentId)
      AND (@EmploymentTypeId IS NULL OR e.EmploymentTypeId = @EmploymentTypeId)
      AND (@LocationId IS NULL OR e.LocationId = @LocationId)
        order by e.Id
        OFFSET @offset rows
        FETCH NEXT  @size rows only
        
[2026-09-04 17:03:49] [INF] Fetched 10 employees from page 0 with total 100000
[2026-09-04 17:03:49] [INF] HTTP GET /api/employees/paginated responded 200 in 23.7340 ms
[2026-09-04 17:03:49] [INF] Query Executed 
    SELECT
        e.Id,
        e.EmployeeCode,
        e.Name,
        d.Name AS Department,
        et.Name AS EmploymentType,
        l.Name AS Location,
        e.Attendance,
        e.Performance,
        e.ActiveProjects,
        e.ExperienceYears,
        e.Salary,
        e.JoiningYear,
        e.IsActive,
        e.DepartmentId,
        e.EmploymentTypeId,
        e.LocationId
    FROM Employees e
    INNER JOIN Departments d
        ON e.DepartmentId = d.Id
    INNER JOIN Locations l
        ON e.LocationId = l.Id
    INNER JOIN EmploymentTypes et
        ON e.EmploymentTypeId = et.Id
    WHERE (@DepartmentId IS NULL OR e.DepartmentId = @DepartmentId)
      AND (@EmploymentTypeId IS NULL OR e.EmploymentTypeId = @EmploymentTypeId)
      AND (@LocationId IS NULL OR e.LocationId = @LocationId)
        order by e.Id
        OFFSET @offset rows
        FETCH NEXT  @size rows only
        
[2026-09-04 17:03:49] [INF] Fetched 10 employees from page 0 with total 100000
[2026-09-04 17:03:49] [INF] HTTP GET /api/employees/paginated responded 200 in 27.3771 ms
[2026-09-04 17:03:49] [INF] Query Executed 
    SELECT
        e.Id,
        e.EmployeeCode,
        e.Name,
        d.Name AS Department,
        et.Name AS EmploymentType,
        l.Name AS Location,
        e.Attendance,
        e.Performance,
        e.ActiveProjects,
        e.ExperienceYears,
        e.Salary,
        e.JoiningYear,
        e.IsActive,
        e.DepartmentId,
        e.EmploymentTypeId,
        e.LocationId
    FROM Employees e
    INNER JOIN Departments d
        ON e.DepartmentId = d.Id
    INNER JOIN Locations l
        ON e.LocationId = l.Id
    INNER JOIN EmploymentTypes et
        ON e.EmploymentTypeId = et.Id
    WHERE (@DepartmentId IS NULL OR e.DepartmentId = @DepartmentId)
      AND (@EmploymentTypeId IS NULL OR e.EmploymentTypeId = @EmploymentTypeId)
      AND (@LocationId IS NULL OR e.LocationId = @LocationId)
        order by e.Id
        OFFSET @offset rows
        FETCH NEXT  @size rows only
        
[2026-09-04 17:03:49] [INF] Fetched 10 employees from page 0 with total 100000
[2026-09-04 17:03:49] [INF] HTTP GET /api/employees/paginated responded 200 in 27.2141 ms
[2026-09-04 17:03:49] [INF] Query Executed 
    SELECT
        e.Id,
        e.EmployeeCode,
        e.Name,
        d.Name AS Department,
        et.Name AS EmploymentType,
        l.Name AS Location,
        e.Attendance,
        e.Performance,
        e.ActiveProjects,
        e.ExperienceYears,
        e.Salary,
        e.JoiningYear,
        e.IsActive,
        e.DepartmentId,
        e.EmploymentTypeId,
        e.LocationId
    FROM Employees e
    INNER JOIN Departments d
        ON e.DepartmentId = d.Id
    INNER JOIN Locations l
        ON e.LocationId = l.Id
    INNER JOIN EmploymentTypes et
        ON e.EmploymentTypeId = et.Id
    WHERE (@DepartmentId IS NULL OR e.DepartmentId = @DepartmentId)
      AND (@EmploymentTypeId IS NULL OR e.EmploymentTypeId = @EmploymentTypeId)
      AND (@LocationId IS NULL OR e.LocationId = @LocationId)
        order by e.Id
        OFFSET @offset rows
        FETCH NEXT  @size rows only
        
[2026-09-04 17:03:49] [INF] Fetched 10 employees from page 0 with total 100000
[2026-09-04 17:03:49] [INF] HTTP GET /api/employees/paginated responded 200 in 28.4931 ms
[2026-09-04 17:03:49] [INF] Query Executed 
    SELECT
        e.Id,
        e.EmployeeCode,
        e.Name,
        d.Name AS Department,
        et.Name AS EmploymentType,
        l.Name AS Location,
        e.Attendance,
        e.Performance,
        e.ActiveProjects,
        e.ExperienceYears,
        e.Salary,
        e.JoiningYear,
        e.IsActive,
        e.DepartmentId,
        e.EmploymentTypeId,
        e.LocationId
    FROM Employees e
    INNER JOIN Departments d
        ON e.DepartmentId = d.Id
    INNER JOIN Locations l
        ON e.LocationId = l.Id
    INNER JOIN EmploymentTypes et
        ON e.EmploymentTypeId = et.Id
    WHERE (@DepartmentId IS NULL OR e.DepartmentId = @DepartmentId)
      AND (@EmploymentTypeId IS NULL OR e.EmploymentTypeId = @EmploymentTypeId)
      AND (@LocationId IS NULL OR e.LocationId = @LocationId)
        order by e.Id
        OFFSET @offset rows
        FETCH NEXT  @size rows only
        
[2026-09-04 17:03:49] [INF] Fetched 10 employees from page 0 with total 100000
[2026-09-04 17:03:49] [INF] HTTP GET /api/employees/paginated responded 200 in 25.3659 ms
[2026-09-04 17:03:49] [INF] Query Executed 
    SELECT
        e.Id,
        e.EmployeeCode,
        e.Name,
        d.Name AS Department,
        et.Name AS EmploymentType,
        l.Name AS Location,
        e.Attendance,
        e.Performance,
        e.ActiveProjects,
        e.ExperienceYears,
        e.Salary,
        e.JoiningYear,
        e.IsActive,
        e.DepartmentId,
        e.EmploymentTypeId,
        e.LocationId
    FROM Employees e
    INNER JOIN Departments d
        ON e.DepartmentId = d.Id
    INNER JOIN Locations l
        ON e.LocationId = l.Id
    INNER JOIN EmploymentTypes et
        ON e.EmploymentTypeId = et.Id
    WHERE (@DepartmentId IS NULL OR e.DepartmentId = @DepartmentId)
      AND (@EmploymentTypeId IS NULL OR e.EmploymentTypeId = @EmploymentTypeId)
      AND (@LocationId IS NULL OR e.LocationId = @LocationId)
        order by e.Id
        OFFSET @offset rows
        FETCH NEXT  @size rows only
        
[2026-09-04 17:03:49] [INF] Fetched 10 employees from page 0 with total 100000
[2026-09-04 17:03:49] [INF] HTTP GET /api/employees/paginated responded 200 in 25.9798 ms
[2026-09-04 17:03:49] [INF] Query Executed 
    SELECT
        e.Id,
        e.EmployeeCode,
        e.Name,
        d.Name AS Department,
        et.Name AS EmploymentType,
        l.Name AS Location,
        e.Attendance,
        e.Performance,
        e.ActiveProjects,
        e.ExperienceYears,
        e.Salary,
        e.JoiningYear,
        e.IsActive,
        e.DepartmentId,
        e.EmploymentTypeId,
        e.LocationId
    FROM Employees e
    INNER JOIN Departments d
        ON e.DepartmentId = d.Id
    INNER JOIN Locations l
        ON e.LocationId = l.Id
    INNER JOIN EmploymentTypes et
        ON e.EmploymentTypeId = et.Id
    WHERE (@DepartmentId IS NULL OR e.DepartmentId = @DepartmentId)
      AND (@EmploymentTypeId IS NULL OR e.EmploymentTypeId = @EmploymentTypeId)
      AND (@LocationId IS NULL OR e.LocationId = @LocationId)
        order by e.Id
        OFFSET @offset rows
        FETCH NEXT  @size rows only
        
[2026-09-04 17:03:49] [INF] Fetched 10 employees from page 0 with total 100000
[2026-09-04 17:03:49] [INF] HTTP GET /api/employees/paginated responded 200 in 30.6738 ms
[2026-09-04 17:03:49] [INF] Query Executed 
    SELECT
        e.Id,
        e.EmployeeCode,
        e.Name,
        d.Name AS Department,
        et.Name AS EmploymentType,
        l.Name AS Location,
        e.Attendance,
        e.Performance,
        e.ActiveProjects,
        e.ExperienceYears,
        e.Salary,
        e.JoiningYear,
        e.IsActive,
        e.DepartmentId,
        e.EmploymentTypeId,
        e.LocationId
    FROM Employees e
    INNER JOIN Departments d
        ON e.DepartmentId = d.Id
    INNER JOIN Locations l
        ON e.LocationId = l.Id
    INNER JOIN EmploymentTypes et
        ON e.EmploymentTypeId = et.Id
    WHERE (@DepartmentId IS NULL OR e.DepartmentId = @DepartmentId)
      AND (@EmploymentTypeId IS NULL OR e.EmploymentTypeId = @EmploymentTypeId)
      AND (@LocationId IS NULL OR e.LocationId = @LocationId)
        order by e.Id
        OFFSET @offset rows
        FETCH NEXT  @size rows only
        
[2026-09-04 17:03:49] [INF] Fetched 10 employees from page 0 with total 100000
[2026-09-04 17:03:49] [INF] HTTP GET /api/employees/paginated responded 200 in 28.6616 ms
[2026-09-04 17:03:49] [INF] Query Executed 
    SELECT
        e.Id,
        e.EmployeeCode,
        e.Name,
        d.Name AS Department,
        et.Name AS EmploymentType,
        l.Name AS Location,
        e.Attendance,
        e.Performance,
        e.ActiveProjects,
        e.ExperienceYears,
        e.Salary,
        e.JoiningYear,
        e.IsActive,
        e.DepartmentId,
        e.EmploymentTypeId,
        e.LocationId
    FROM Employees e
    INNER JOIN Departments d
        ON e.DepartmentId = d.Id
    INNER JOIN Locations l
        ON e.LocationId = l.Id
    INNER JOIN EmploymentTypes et
        ON e.EmploymentTypeId = et.Id
    WHERE (@DepartmentId IS NULL OR e.DepartmentId = @DepartmentId)
      AND (@EmploymentTypeId IS NULL OR e.EmploymentTypeId = @EmploymentTypeId)
      AND (@LocationId IS NULL OR e.LocationId = @LocationId)
        order by e.Id
        OFFSET @offset rows
        FETCH NEXT  @size rows only
        
[2026-09-04 17:03:49] [INF] Fetched 10 employees from page 0 with total 100000
[2026-09-04 17:03:49] [INF] HTTP GET /api/employees/paginated responded 200 in 29.4367 ms
[2026-09-04 17:03:49] [INF] Query Executed 
    SELECT
        e.Id,
        e.EmployeeCode,
        e.Name,
        d.Name AS Department,
        et.Name AS EmploymentType,
        l.Name AS Location,
        e.Attendance,
        e.Performance,
        e.ActiveProjects,
        e.ExperienceYears,
        e.Salary,
        e.JoiningYear,
        e.IsActive,
        e.DepartmentId,
        e.EmploymentTypeId,
        e.LocationId
    FROM Employees e
    INNER JOIN Departments d
        ON e.DepartmentId = d.Id
    INNER JOIN Locations l
        ON e.LocationId = l.Id
    INNER JOIN EmploymentTypes et
        ON e.EmploymentTypeId = et.Id
    WHERE (@DepartmentId IS NULL OR e.DepartmentId = @DepartmentId)
      AND (@EmploymentTypeId IS NULL OR e.EmploymentTypeId = @EmploymentTypeId)
      AND (@LocationId IS NULL OR e.LocationId = @LocationId)
        order by e.Id
        OFFSET @offset rows
        FETCH NEXT  @size rows only
        
[2026-09-04 17:03:49] [INF] Fetched 10 employees from page 0 with total 100000
[2026-09-04 17:03:49] [INF] HTTP GET /api/employees/paginated responded 200 in 28.5605 ms
[2026-09-04 17:03:49] [INF] Query Executed 
    SELECT
        e.Id,
        e.EmployeeCode,
        e.Name,
        d.Name AS Department,
        et.Name AS EmploymentType,
        l.Name AS Location,
        e.Attendance,
        e.Performance,
        e.ActiveProjects,
        e.ExperienceYears,
        e.Salary,
        e.JoiningYear,
        e.IsActive,
        e.DepartmentId,
        e.EmploymentTypeId,
        e.LocationId
    FROM Employees e
    INNER JOIN Departments d
        ON e.DepartmentId = d.Id
    INNER JOIN Locations l
        ON e.LocationId = l.Id
    INNER JOIN EmploymentTypes et
        ON e.EmploymentTypeId = et.Id
    WHERE (@DepartmentId IS NULL OR e.DepartmentId = @DepartmentId)
      AND (@EmploymentTypeId IS NULL OR e.EmploymentTypeId = @EmploymentTypeId)
      AND (@LocationId IS NULL OR e.LocationId = @LocationId)
        order by e.Id
        OFFSET @offset rows
        FETCH NEXT  @size rows only
        
[2026-09-04 17:03:49] [INF] Fetched 10 employees from page 0 with total 100000
[2026-09-04 17:03:49] [INF] HTTP GET /api/employees/paginated responded 200 in 113.5172 ms
[2026-09-04 17:03:49] [INF] Query Executed 
    SELECT
        e.Id,
        e.EmployeeCode,
        e.Name,
        d.Name AS Department,
        et.Name AS EmploymentType,
        l.Name AS Location,
        e.Attendance,
        e.Performance,
        e.ActiveProjects,
        e.ExperienceYears,
        e.Salary,
        e.JoiningYear,
        e.IsActive,
        e.DepartmentId,
        e.EmploymentTypeId,
        e.LocationId
    FROM Employees e
    INNER JOIN Departments d
        ON e.DepartmentId = d.Id
    INNER JOIN Locations l
        ON e.LocationId = l.Id
    INNER JOIN EmploymentTypes et
        ON e.EmploymentTypeId = et.Id
    WHERE (@DepartmentId IS NULL OR e.DepartmentId = @DepartmentId)
      AND (@EmploymentTypeId IS NULL OR e.EmploymentTypeId = @EmploymentTypeId)
      AND (@LocationId IS NULL OR e.LocationId = @LocationId)
        order by e.Id
        OFFSET @offset rows
        FETCH NEXT  @size rows only
        
[2026-09-04 17:03:49] [INF] Fetched 10 employees from page 0 with total 100000
[2026-09-04 17:03:49] [INF] HTTP GET /api/employees/paginated responded 200 in 40.5759 ms
[2026-09-04 17:03:49] [INF] Query Executed 
    SELECT
        e.Id,
        e.EmployeeCode,
        e.Name,
        d.Name AS Department,
        et.Name AS EmploymentType,
        l.Name AS Location,
        e.Attendance,
        e.Performance,
        e.ActiveProjects,
        e.ExperienceYears,
        e.Salary,
        e.JoiningYear,
        e.IsActive,
        e.DepartmentId,
        e.EmploymentTypeId,
        e.LocationId
    FROM Employees e
    INNER JOIN Departments d
        ON e.DepartmentId = d.Id
    INNER JOIN Locations l
        ON e.LocationId = l.Id
    INNER JOIN EmploymentTypes et
        ON e.EmploymentTypeId = et.Id
    WHERE (@DepartmentId IS NULL OR e.DepartmentId = @DepartmentId)
      AND (@EmploymentTypeId IS NULL OR e.EmploymentTypeId = @EmploymentTypeId)
      AND (@LocationId IS NULL OR e.LocationId = @LocationId)
        order by e.Id
        OFFSET @offset rows
        FETCH NEXT  @size rows only
        
[2026-09-04 17:03:49] [INF] Fetched 10 employees from page 0 with total 100000
[2026-09-04 17:03:49] [INF] HTTP GET /api/employees/paginated responded 200 in 29.9322 ms
[2026-09-04 17:03:49] [INF] Query Executed 
    SELECT
        e.Id,
        e.EmployeeCode,
        e.Name,
        d.Name AS Department,
        et.Name AS EmploymentType,
        l.Name AS Location,
        e.Attendance,
        e.Performance,
        e.ActiveProjects,
        e.ExperienceYears,
        e.Salary,
        e.JoiningYear,
        e.IsActive,
        e.DepartmentId,
        e.EmploymentTypeId,
        e.LocationId
    FROM Employees e
    INNER JOIN Departments d
        ON e.DepartmentId = d.Id
    INNER JOIN Locations l
        ON e.LocationId = l.Id
    INNER JOIN EmploymentTypes et
        ON e.EmploymentTypeId = et.Id
    WHERE (@DepartmentId IS NULL OR e.DepartmentId = @DepartmentId)
      AND (@EmploymentTypeId IS NULL OR e.EmploymentTypeId = @EmploymentTypeId)
      AND (@LocationId IS NULL OR e.LocationId = @LocationId)
        order by e.Id
        OFFSET @offset rows
        FETCH NEXT  @size rows only
        
[2026-09-04 17:03:50] [INF] Fetched 10 employees from page 0 with total 100000
[2026-09-04 17:03:50] [INF] HTTP GET /api/employees/paginated responded 200 in 23.1781 ms
[2026-09-04 17:03:50] [INF] Query Executed 
    SELECT
        e.Id,
        e.EmployeeCode,
        e.Name,
        d.Name AS Department,
        et.Name AS EmploymentType,
        l.Name AS Location,
        e.Attendance,
        e.Performance,
        e.ActiveProjects,
        e.ExperienceYears,
        e.Salary,
        e.JoiningYear,
        e.IsActive,
        e.DepartmentId,
        e.EmploymentTypeId,
        e.LocationId
    FROM Employees e
    INNER JOIN Departments d
        ON e.DepartmentId = d.Id
    INNER JOIN Locations l
        ON e.LocationId = l.Id
    INNER JOIN EmploymentTypes et
        ON e.EmploymentTypeId = et.Id
    WHERE (@DepartmentId IS NULL OR e.DepartmentId = @DepartmentId)
      AND (@EmploymentTypeId IS NULL OR e.EmploymentTypeId = @EmploymentTypeId)
      AND (@LocationId IS NULL OR e.LocationId = @LocationId)
        order by e.Id
        OFFSET @offset rows
        FETCH NEXT  @size rows only
        
[2026-09-04 17:03:50] [INF] Fetched 10 employees from page 0 with total 100000
[2026-09-04 17:03:50] [INF] HTTP GET /api/employees/paginated responded 200 in 28.0057 ms
[2026-09-04 17:03:50] [INF] Query Executed 
    SELECT
        e.Id,
        e.EmployeeCode,
        e.Name,
        d.Name AS Department,
        et.Name AS EmploymentType,
        l.Name AS Location,
        e.Attendance,
        e.Performance,
        e.ActiveProjects,
        e.ExperienceYears,
        e.Salary,
        e.JoiningYear,
        e.IsActive,
        e.DepartmentId,
        e.EmploymentTypeId,
        e.LocationId
    FROM Employees e
    INNER JOIN Departments d
        ON e.DepartmentId = d.Id
    INNER JOIN Locations l
        ON e.LocationId = l.Id
    INNER JOIN EmploymentTypes et
        ON e.EmploymentTypeId = et.Id
    WHERE (@DepartmentId IS NULL OR e.DepartmentId = @DepartmentId)
      AND (@EmploymentTypeId IS NULL OR e.EmploymentTypeId = @EmploymentTypeId)
      AND (@LocationId IS NULL OR e.LocationId = @LocationId)
        order by e.Id
        OFFSET @offset rows
        FETCH NEXT  @size rows only
        
[2026-09-04 17:03:50] [INF] Fetched 10 employees from page 0 with total 100000
[2026-09-04 17:03:50] [INF] HTTP GET /api/employees/paginated responded 200 in 26.1410 ms
[2026-09-04 17:03:50] [INF] Query Executed 
    SELECT
        e.Id,
        e.EmployeeCode,
        e.Name,
        d.Name AS Department,
        et.Name AS EmploymentType,
        l.Name AS Location,
        e.Attendance,
        e.Performance,
        e.ActiveProjects,
        e.ExperienceYears,
        e.Salary,
        e.JoiningYear,
        e.IsActive,
        e.DepartmentId,
        e.EmploymentTypeId,
        e.LocationId
    FROM Employees e
    INNER JOIN Departments d
        ON e.DepartmentId = d.Id
    INNER JOIN Locations l
        ON e.LocationId = l.Id
    INNER JOIN EmploymentTypes et
        ON e.EmploymentTypeId = et.Id
    WHERE (@DepartmentId IS NULL OR e.DepartmentId = @DepartmentId)
      AND (@EmploymentTypeId IS NULL OR e.EmploymentTypeId = @EmploymentTypeId)
      AND (@LocationId IS NULL OR e.LocationId = @LocationId)
        order by e.Id
        OFFSET @offset rows
        FETCH NEXT  @size rows only
        
[2026-09-04 17:03:50] [INF] Fetched 10 employees from page 0 with total 100000
[2026-09-04 17:03:50] [INF] HTTP GET /api/employees/paginated responded 200 in 31.5082 ms
[2026-09-04 17:03:50] [INF] Query Executed 
    SELECT
        e.Id,
        e.EmployeeCode,
        e.Name,
        d.Name AS Department,
        et.Name AS EmploymentType,
        l.Name AS Location,
        e.Attendance,
        e.Performance,
        e.ActiveProjects,
        e.ExperienceYears,
        e.Salary,
        e.JoiningYear,
        e.IsActive,
        e.DepartmentId,
        e.EmploymentTypeId,
        e.LocationId
    FROM Employees e
    INNER JOIN Departments d
        ON e.DepartmentId = d.Id
    INNER JOIN Locations l
        ON e.LocationId = l.Id
    INNER JOIN EmploymentTypes et
        ON e.EmploymentTypeId = et.Id
    WHERE (@DepartmentId IS NULL OR e.DepartmentId = @DepartmentId)
      AND (@EmploymentTypeId IS NULL OR e.EmploymentTypeId = @EmploymentTypeId)
      AND (@LocationId IS NULL OR e.LocationId = @LocationId)
        order by e.Id
        OFFSET @offset rows
        FETCH NEXT  @size rows only
        
[2026-09-04 17:03:50] [INF] Fetched 10 employees from page 0 with total 100000
[2026-09-04 17:03:50] [INF] HTTP GET /api/employees/paginated responded 200 in 23.8928 ms
[2026-09-04 17:03:50] [INF] Query Executed 
    SELECT
        e.Id,
        e.EmployeeCode,
        e.Name,
        d.Name AS Department,
        et.Name AS EmploymentType,
        l.Name AS Location,
        e.Attendance,
        e.Performance,
        e.ActiveProjects,
        e.ExperienceYears,
        e.Salary,
        e.JoiningYear,
        e.IsActive,
        e.DepartmentId,
        e.EmploymentTypeId,
        e.LocationId
    FROM Employees e
    INNER JOIN Departments d
        ON e.DepartmentId = d.Id
    INNER JOIN Locations l
        ON e.LocationId = l.Id
    INNER JOIN EmploymentTypes et
        ON e.EmploymentTypeId = et.Id
    WHERE (@DepartmentId IS NULL OR e.DepartmentId = @DepartmentId)
      AND (@EmploymentTypeId IS NULL OR e.EmploymentTypeId = @EmploymentTypeId)
      AND (@LocationId IS NULL OR e.LocationId = @LocationId)
        order by e.Id
        OFFSET @offset rows
        FETCH NEXT  @size rows only
        
[2026-09-04 17:03:50] [INF] Fetched 10 employees from page 0 with total 100000
[2026-09-04 17:03:50] [INF] HTTP GET /api/employees/paginated responded 200 in 24.5646 ms
[2026-09-04 17:03:50] [INF] Query Executed 
    SELECT
        e.Id,
        e.EmployeeCode,
        e.Name,
        d.Name AS Department,
        et.Name AS EmploymentType,
        l.Name AS Location,
        e.Attendance,
        e.Performance,
        e.ActiveProjects,
        e.ExperienceYears,
        e.Salary,
        e.JoiningYear,
        e.IsActive,
        e.DepartmentId,
        e.EmploymentTypeId,
        e.LocationId
    FROM Employees e
    INNER JOIN Departments d
        ON e.DepartmentId = d.Id
    INNER JOIN Locations l
        ON e.LocationId = l.Id
    INNER JOIN EmploymentTypes et
        ON e.EmploymentTypeId = et.Id
    WHERE (@DepartmentId IS NULL OR e.DepartmentId = @DepartmentId)
      AND (@EmploymentTypeId IS NULL OR e.EmploymentTypeId = @EmploymentTypeId)
      AND (@LocationId IS NULL OR e.LocationId = @LocationId)
        order by e.Id
        OFFSET @offset rows
        FETCH NEXT  @size rows only
        
[2026-09-04 17:03:50] [INF] Fetched 10 employees from page 0 with total 100000
[2026-09-04 17:03:50] [INF] HTTP GET /api/employees/paginated responded 200 in 27.0857 ms
[2026-09-04 17:03:50] [INF] Query Executed 
    SELECT
        e.Id,
        e.EmployeeCode,
        e.Name,
        d.Name AS Department,
        et.Name AS EmploymentType,
        l.Name AS Location,
        e.Attendance,
        e.Performance,
        e.ActiveProjects,
        e.ExperienceYears,
        e.Salary,
        e.JoiningYear,
        e.IsActive,
        e.DepartmentId,
        e.EmploymentTypeId,
        e.LocationId
    FROM Employees e
    INNER JOIN Departments d
        ON e.DepartmentId = d.Id
    INNER JOIN Locations l
        ON e.LocationId = l.Id
    INNER JOIN EmploymentTypes et
        ON e.EmploymentTypeId = et.Id
    WHERE (@DepartmentId IS NULL OR e.DepartmentId = @DepartmentId)
      AND (@EmploymentTypeId IS NULL OR e.EmploymentTypeId = @EmploymentTypeId)
      AND (@LocationId IS NULL OR e.LocationId = @LocationId)
        order by e.Id
        OFFSET @offset rows
        FETCH NEXT  @size rows only
        
[2026-09-04 17:03:50] [INF] Fetched 10 employees from page 0 with total 100000
[2026-09-04 17:03:50] [INF] HTTP GET /api/employees/paginated responded 200 in 24.6547 ms
[2026-09-04 17:03:50] [INF] Query Executed 
    SELECT
        e.Id,
        e.EmployeeCode,
        e.Name,
        d.Name AS Department,
        et.Name AS EmploymentType,
        l.Name AS Location,
        e.Attendance,
        e.Performance,
        e.ActiveProjects,
        e.ExperienceYears,
        e.Salary,
        e.JoiningYear,
        e.IsActive,
        e.DepartmentId,
        e.EmploymentTypeId,
        e.LocationId
    FROM Employees e
    INNER JOIN Departments d
        ON e.DepartmentId = d.Id
    INNER JOIN Locations l
        ON e.LocationId = l.Id
    INNER JOIN EmploymentTypes et
        ON e.EmploymentTypeId = et.Id
    WHERE (@DepartmentId IS NULL OR e.DepartmentId = @DepartmentId)
      AND (@EmploymentTypeId IS NULL OR e.EmploymentTypeId = @EmploymentTypeId)
      AND (@LocationId IS NULL OR e.LocationId = @LocationId)
        order by e.Id
        OFFSET @offset rows
        FETCH NEXT  @size rows only
        
[2026-09-04 17:03:50] [INF] Fetched 10 employees from page 0 with total 100000
[2026-09-04 17:03:50] [INF] HTTP GET /api/employees/paginated responded 200 in 24.6230 ms
[2026-09-04 17:03:50] [INF] Query Executed 
    SELECT
        e.Id,
        e.EmployeeCode,
        e.Name,
        d.Name AS Department,
        et.Name AS EmploymentType,
        l.Name AS Location,
        e.Attendance,
        e.Performance,
        e.ActiveProjects,
        e.ExperienceYears,
        e.Salary,
        e.JoiningYear,
        e.IsActive,
        e.DepartmentId,
        e.EmploymentTypeId,
        e.LocationId
    FROM Employees e
    INNER JOIN Departments d
        ON e.DepartmentId = d.Id
    INNER JOIN Locations l
        ON e.LocationId = l.Id
    INNER JOIN EmploymentTypes et
        ON e.EmploymentTypeId = et.Id
    WHERE (@DepartmentId IS NULL OR e.DepartmentId = @DepartmentId)
      AND (@EmploymentTypeId IS NULL OR e.EmploymentTypeId = @EmploymentTypeId)
      AND (@LocationId IS NULL OR e.LocationId = @LocationId)
        order by e.Id
        OFFSET @offset rows
        FETCH NEXT  @size rows only
        
[2026-09-04 17:03:50] [INF] Fetched 10 employees from page 0 with total 100000
[2026-09-04 17:03:50] [INF] HTTP GET /api/employees/paginated responded 200 in 28.7511 ms
[2026-09-04 17:03:50] [INF] Query Executed 
    SELECT
        e.Id,
        e.EmployeeCode,
        e.Name,
        d.Name AS Department,
        et.Name AS EmploymentType,
        l.Name AS Location,
        e.Attendance,
        e.Performance,
        e.ActiveProjects,
        e.ExperienceYears,
        e.Salary,
        e.JoiningYear,
        e.IsActive,
        e.DepartmentId,
        e.EmploymentTypeId,
        e.LocationId
    FROM Employees e
    INNER JOIN Departments d
        ON e.DepartmentId = d.Id
    INNER JOIN Locations l
        ON e.LocationId = l.Id
    INNER JOIN EmploymentTypes et
        ON e.EmploymentTypeId = et.Id
    WHERE (@DepartmentId IS NULL OR e.DepartmentId = @DepartmentId)
      AND (@EmploymentTypeId IS NULL OR e.EmploymentTypeId = @EmploymentTypeId)
      AND (@LocationId IS NULL OR e.LocationId = @LocationId)
        order by e.Id
        OFFSET @offset rows
        FETCH NEXT  @size rows only
        
[2026-09-04 17:03:50] [INF] Fetched 10 employees from page 0 with total 100000
[2026-09-04 17:03:50] [INF] HTTP GET /api/employees/paginated responded 200 in 24.6723 ms
[2026-09-04 17:03:50] [INF] Query Executed 
    SELECT
        e.Id,
        e.EmployeeCode,
        e.Name,
        d.Name AS Department,
        et.Name AS EmploymentType,
        l.Name AS Location,
        e.Attendance,
        e.Performance,
        e.ActiveProjects,
        e.ExperienceYears,
        e.Salary,
        e.JoiningYear,
        e.IsActive,
        e.DepartmentId,
        e.EmploymentTypeId,
        e.LocationId
    FROM Employees e
    INNER JOIN Departments d
        ON e.DepartmentId = d.Id
    INNER JOIN Locations l
        ON e.LocationId = l.Id
    INNER JOIN EmploymentTypes et
        ON e.EmploymentTypeId = et.Id
    WHERE (@DepartmentId IS NULL OR e.DepartmentId = @DepartmentId)
      AND (@EmploymentTypeId IS NULL OR e.EmploymentTypeId = @EmploymentTypeId)
      AND (@LocationId IS NULL OR e.LocationId = @LocationId)
        order by e.Id
        OFFSET @offset rows
        FETCH NEXT  @size rows only
        
[2026-09-04 17:03:50] [INF] Fetched 10 employees from page 0 with total 100000
[2026-09-04 17:03:50] [INF] HTTP GET /api/employees/paginated responded 200 in 24.6033 ms
[2026-09-04 17:03:50] [INF] Query Executed 
    SELECT
        e.Id,
        e.EmployeeCode,
        e.Name,
        d.Name AS Department,
        et.Name AS EmploymentType,
        l.Name AS Location,
        e.Attendance,
        e.Performance,
        e.ActiveProjects,
        e.ExperienceYears,
        e.Salary,
        e.JoiningYear,
        e.IsActive,
        e.DepartmentId,
        e.EmploymentTypeId,
        e.LocationId
    FROM Employees e
    INNER JOIN Departments d
        ON e.DepartmentId = d.Id
    INNER JOIN Locations l
        ON e.LocationId = l.Id
    INNER JOIN EmploymentTypes et
        ON e.EmploymentTypeId = et.Id
    WHERE (@DepartmentId IS NULL OR e.DepartmentId = @DepartmentId)
      AND (@EmploymentTypeId IS NULL OR e.EmploymentTypeId = @EmploymentTypeId)
      AND (@LocationId IS NULL OR e.LocationId = @LocationId)
        order by e.Id
        OFFSET @offset rows
        FETCH NEXT  @size rows only
        
[2026-09-04 17:03:50] [INF] Fetched 10 employees from page 0 with total 100000
[2026-09-04 17:03:50] [INF] HTTP GET /api/employees/paginated responded 200 in 29.5110 ms
[2026-09-04 17:03:50] [INF] Query Executed 
    SELECT
        e.Id,
        e.EmployeeCode,
        e.Name,
        d.Name AS Department,
        et.Name AS EmploymentType,
        l.Name AS Location,
        e.Attendance,
        e.Performance,
        e.ActiveProjects,
        e.ExperienceYears,
        e.Salary,
        e.JoiningYear,
        e.IsActive,
        e.DepartmentId,
        e.EmploymentTypeId,
        e.LocationId
    FROM Employees e
    INNER JOIN Departments d
        ON e.DepartmentId = d.Id
    INNER JOIN Locations l
        ON e.LocationId = l.Id
    INNER JOIN EmploymentTypes et
        ON e.EmploymentTypeId = et.Id
    WHERE (@DepartmentId IS NULL OR e.DepartmentId = @DepartmentId)
      AND (@EmploymentTypeId IS NULL OR e.EmploymentTypeId = @EmploymentTypeId)
      AND (@LocationId IS NULL OR e.LocationId = @LocationId)
        order by e.Id
        OFFSET @offset rows
        FETCH NEXT  @size rows only
        
[2026-09-04 17:03:50] [INF] Fetched 10 employees from page 0 with total 100000
[2026-09-04 17:03:50] [INF] HTTP GET /api/employees/paginated responded 200 in 25.0333 ms
[2026-09-04 17:03:50] [INF] Query Executed 
    SELECT
        e.Id,
        e.EmployeeCode,
        e.Name,
        d.Name AS Department,
        et.Name AS EmploymentType,
        l.Name AS Location,
        e.Attendance,
        e.Performance,
        e.ActiveProjects,
        e.ExperienceYears,
        e.Salary,
        e.JoiningYear,
        e.IsActive,
        e.DepartmentId,
        e.EmploymentTypeId,
        e.LocationId
    FROM Employees e
    INNER JOIN Departments d
        ON e.DepartmentId = d.Id
    INNER JOIN Locations l
        ON e.LocationId = l.Id
    INNER JOIN EmploymentTypes et
        ON e.EmploymentTypeId = et.Id
    WHERE (@DepartmentId IS NULL OR e.DepartmentId = @DepartmentId)
      AND (@EmploymentTypeId IS NULL OR e.EmploymentTypeId = @EmploymentTypeId)
      AND (@LocationId IS NULL OR e.LocationId = @LocationId)
        order by e.Id
        OFFSET @offset rows
        FETCH NEXT  @size rows only
        
[2026-09-04 17:03:50] [INF] Fetched 10 employees from page 0 with total 100000
[2026-09-04 17:03:50] [INF] HTTP GET /api/employees/paginated responded 200 in 22.6240 ms
[2026-09-04 17:03:50] [INF] Query Executed 
    SELECT
        e.Id,
        e.EmployeeCode,
        e.Name,
        d.Name AS Department,
        et.Name AS EmploymentType,
        l.Name AS Location,
        e.Attendance,
        e.Performance,
        e.ActiveProjects,
        e.ExperienceYears,
        e.Salary,
        e.JoiningYear,
        e.IsActive,
        e.DepartmentId,
        e.EmploymentTypeId,
        e.LocationId
    FROM Employees e
    INNER JOIN Departments d
        ON e.DepartmentId = d.Id
    INNER JOIN Locations l
        ON e.LocationId = l.Id
    INNER JOIN EmploymentTypes et
        ON e.EmploymentTypeId = et.Id
    WHERE (@DepartmentId IS NULL OR e.DepartmentId = @DepartmentId)
      AND (@EmploymentTypeId IS NULL OR e.EmploymentTypeId = @EmploymentTypeId)
      AND (@LocationId IS NULL OR e.LocationId = @LocationId)
        order by e.Id
        OFFSET @offset rows
        FETCH NEXT  @size rows only
        
[2026-09-04 17:03:50] [INF] Fetched 10 employees from page 0 with total 100000
[2026-09-04 17:03:50] [INF] HTTP GET /api/employees/paginated responded 200 in 25.1442 ms
[2026-09-04 17:03:50] [INF] Query Executed 
    SELECT
        e.Id,
        e.EmployeeCode,
        e.Name,
        d.Name AS Department,
        et.Name AS EmploymentType,
        l.Name AS Location,
        e.Attendance,
        e.Performance,
        e.ActiveProjects,
        e.ExperienceYears,
        e.Salary,
        e.JoiningYear,
        e.IsActive,
        e.DepartmentId,
        e.EmploymentTypeId,
        e.LocationId
    FROM Employees e
    INNER JOIN Departments d
        ON e.DepartmentId = d.Id
    INNER JOIN Locations l
        ON e.LocationId = l.Id
    INNER JOIN EmploymentTypes et
        ON e.EmploymentTypeId = et.Id
    WHERE (@DepartmentId IS NULL OR e.DepartmentId = @DepartmentId)
      AND (@EmploymentTypeId IS NULL OR e.EmploymentTypeId = @EmploymentTypeId)
      AND (@LocationId IS NULL OR e.LocationId = @LocationId)
        order by e.Id
        OFFSET @offset rows
        FETCH NEXT  @size rows only
        
[2026-09-04 17:03:50] [INF] Fetched 10 employees from page 0 with total 100000
[2026-09-04 17:03:50] [INF] HTTP GET /api/employees/paginated responded 200 in 26.4529 ms
[2026-09-04 17:03:50] [INF] Query Executed 
    SELECT
        e.Id,
        e.EmployeeCode,
        e.Name,
        d.Name AS Department,
        et.Name AS EmploymentType,
        l.Name AS Location,
        e.Attendance,
        e.Performance,
        e.ActiveProjects,
        e.ExperienceYears,
        e.Salary,
        e.JoiningYear,
        e.IsActive,
        e.DepartmentId,
        e.EmploymentTypeId,
        e.LocationId
    FROM Employees e
    INNER JOIN Departments d
        ON e.DepartmentId = d.Id
    INNER JOIN Locations l
        ON e.LocationId = l.Id
    INNER JOIN EmploymentTypes et
        ON e.EmploymentTypeId = et.Id
    WHERE (@DepartmentId IS NULL OR e.DepartmentId = @DepartmentId)
      AND (@EmploymentTypeId IS NULL OR e.EmploymentTypeId = @EmploymentTypeId)
      AND (@LocationId IS NULL OR e.LocationId = @LocationId)
        order by e.Id
        OFFSET @offset rows
        FETCH NEXT  @size rows only
        
[2026-09-04 17:03:50] [INF] Fetched 10 employees from page 0 with total 100000
[2026-09-04 17:03:50] [INF] HTTP GET /api/employees/paginated responded 200 in 25.2078 ms
[2026-09-04 17:03:50] [INF] Query Executed 
    SELECT
        e.Id,
        e.EmployeeCode,
        e.Name,
        d.Name AS Department,
        et.Name AS EmploymentType,
        l.Name AS Location,
        e.Attendance,
        e.Performance,
        e.ActiveProjects,
        e.ExperienceYears,
        e.Salary,
        e.JoiningYear,
        e.IsActive,
        e.DepartmentId,
        e.EmploymentTypeId,
        e.LocationId
    FROM Employees e
    INNER JOIN Departments d
        ON e.DepartmentId = d.Id
    INNER JOIN Locations l
        ON e.LocationId = l.Id
    INNER JOIN EmploymentTypes et
        ON e.EmploymentTypeId = et.Id
    WHERE (@DepartmentId IS NULL OR e.DepartmentId = @DepartmentId)
      AND (@EmploymentTypeId IS NULL OR e.EmploymentTypeId = @EmploymentTypeId)
      AND (@LocationId IS NULL OR e.LocationId = @LocationId)
        order by e.Id
        OFFSET @offset rows
        FETCH NEXT  @size rows only
        
[2026-09-04 17:03:50] [INF] Fetched 10 employees from page 0 with total 100000
[2026-09-04 17:03:50] [INF] HTTP GET /api/employees/paginated responded 200 in 26.9035 ms
[2026-09-04 17:03:50] [INF] Query Executed 
    SELECT
        e.Id,
        e.EmployeeCode,
        e.Name,
        d.Name AS Department,
        et.Name AS EmploymentType,
        l.Name AS Location,
        e.Attendance,
        e.Performance,
        e.ActiveProjects,
        e.ExperienceYears,
        e.Salary,
        e.JoiningYear,
        e.IsActive,
        e.DepartmentId,
        e.EmploymentTypeId,
        e.LocationId
    FROM Employees e
    INNER JOIN Departments d
        ON e.DepartmentId = d.Id
    INNER JOIN Locations l
        ON e.LocationId = l.Id
    INNER JOIN EmploymentTypes et
        ON e.EmploymentTypeId = et.Id
    WHERE (@DepartmentId IS NULL OR e.DepartmentId = @DepartmentId)
      AND (@EmploymentTypeId IS NULL OR e.EmploymentTypeId = @EmploymentTypeId)
      AND (@LocationId IS NULL OR e.LocationId = @LocationId)
        order by e.Id
        OFFSET @offset rows
        FETCH NEXT  @size rows only
        
[2026-09-04 17:03:50] [INF] Fetched 10 employees from page 0 with total 100000
[2026-09-04 17:03:50] [INF] HTTP GET /api/employees/paginated responded 200 in 28.2755 ms
[2026-09-04 17:03:50] [INF] Query Executed 
    SELECT
        e.Id,
        e.EmployeeCode,
        e.Name,
        d.Name AS Department,
        et.Name AS EmploymentType,
        l.Name AS Location,
        e.Attendance,
        e.Performance,
        e.ActiveProjects,
        e.ExperienceYears,
        e.Salary,
        e.JoiningYear,
        e.IsActive,
        e.DepartmentId,
        e.EmploymentTypeId,
        e.LocationId
    FROM Employees e
    INNER JOIN Departments d
        ON e.DepartmentId = d.Id
    INNER JOIN Locations l
        ON e.LocationId = l.Id
    INNER JOIN EmploymentTypes et
        ON e.EmploymentTypeId = et.Id
    WHERE (@DepartmentId IS NULL OR e.DepartmentId = @DepartmentId)
      AND (@EmploymentTypeId IS NULL OR e.EmploymentTypeId = @EmploymentTypeId)
      AND (@LocationId IS NULL OR e.LocationId = @LocationId)
        order by e.Id
        OFFSET @offset rows
        FETCH NEXT  @size rows only
        
[2026-09-04 17:03:50] [INF] Fetched 10 employees from page 0 with total 100000
[2026-09-04 17:03:50] [INF] HTTP GET /api/employees/paginated responded 200 in 25.2487 ms
[2026-09-04 17:03:50] [INF] Query Executed 
    SELECT
        e.Id,
        e.EmployeeCode,
        e.Name,
        d.Name AS Department,
        et.Name AS EmploymentType,
        l.Name AS Location,
        e.Attendance,
        e.Performance,
        e.ActiveProjects,
        e.ExperienceYears,
        e.Salary,
        e.JoiningYear,
        e.IsActive,
        e.DepartmentId,
        e.EmploymentTypeId,
        e.LocationId
    FROM Employees e
    INNER JOIN Departments d
        ON e.DepartmentId = d.Id
    INNER JOIN Locations l
        ON e.LocationId = l.Id
    INNER JOIN EmploymentTypes et
        ON e.EmploymentTypeId = et.Id
    WHERE (@DepartmentId IS NULL OR e.DepartmentId = @DepartmentId)
      AND (@EmploymentTypeId IS NULL OR e.EmploymentTypeId = @EmploymentTypeId)
      AND (@LocationId IS NULL OR e.LocationId = @LocationId)
        order by e.Id
        OFFSET @offset rows
        FETCH NEXT  @size rows only
        
[2026-09-04 17:03:50] [INF] Fetched 10 employees from page 0 with total 100000
[2026-09-04 17:03:50] [INF] HTTP GET /api/employees/paginated responded 200 in 29.1728 ms
[2026-09-04 17:03:50] [INF] Query Executed 
    SELECT
        e.Id,
        e.EmployeeCode,
        e.Name,
        d.Name AS Department,
        et.Name AS EmploymentType,
        l.Name AS Location,
        e.Attendance,
        e.Performance,
        e.ActiveProjects,
        e.ExperienceYears,
        e.Salary,
        e.JoiningYear,
        e.IsActive,
        e.DepartmentId,
        e.EmploymentTypeId,
        e.LocationId
    FROM Employees e
    INNER JOIN Departments d
        ON e.DepartmentId = d.Id
    INNER JOIN Locations l
        ON e.LocationId = l.Id
    INNER JOIN EmploymentTypes et
        ON e.EmploymentTypeId = et.Id
    WHERE (@DepartmentId IS NULL OR e.DepartmentId = @DepartmentId)
      AND (@EmploymentTypeId IS NULL OR e.EmploymentTypeId = @EmploymentTypeId)
      AND (@LocationId IS NULL OR e.LocationId = @LocationId)
        order by e.Id
        OFFSET @offset rows
        FETCH NEXT  @size rows only
        
[2026-09-04 17:03:50] [INF] Fetched 10 employees from page 0 with total 100000
[2026-09-04 17:03:50] [INF] HTTP GET /api/employees/paginated responded 200 in 27.3313 ms
[2026-09-04 17:03:50] [INF] Query Executed 
    SELECT
        e.Id,
        e.EmployeeCode,
        e.Name,
        d.Name AS Department,
        et.Name AS EmploymentType,
        l.Name AS Location,
        e.Attendance,
        e.Performance,
        e.ActiveProjects,
        e.ExperienceYears,
        e.Salary,
        e.JoiningYear,
        e.IsActive,
        e.DepartmentId,
        e.EmploymentTypeId,
        e.LocationId
    FROM Employees e
    INNER JOIN Departments d
        ON e.DepartmentId = d.Id
    INNER JOIN Locations l
        ON e.LocationId = l.Id
    INNER JOIN EmploymentTypes et
        ON e.EmploymentTypeId = et.Id
    WHERE (@DepartmentId IS NULL OR e.DepartmentId = @DepartmentId)
      AND (@EmploymentTypeId IS NULL OR e.EmploymentTypeId = @EmploymentTypeId)
      AND (@LocationId IS NULL OR e.LocationId = @LocationId)
        order by e.Id
        OFFSET @offset rows
        FETCH NEXT  @size rows only
        
[2026-09-04 17:03:50] [INF] Fetched 10 employees from page 0 with total 100000
[2026-09-04 17:03:50] [INF] HTTP GET /api/employees/paginated responded 200 in 26.6290 ms
[2026-09-04 17:03:50] [INF] Query Executed 
    SELECT
        e.Id,
        e.EmployeeCode,
        e.Name,
        d.Name AS Department,
        et.Name AS EmploymentType,
        l.Name AS Location,
        e.Attendance,
        e.Performance,
        e.ActiveProjects,
        e.ExperienceYears,
        e.Salary,
        e.JoiningYear,
        e.IsActive,
        e.DepartmentId,
        e.EmploymentTypeId,
        e.LocationId
    FROM Employees e
    INNER JOIN Departments d
        ON e.DepartmentId = d.Id
    INNER JOIN Locations l
        ON e.LocationId = l.Id
    INNER JOIN EmploymentTypes et
        ON e.EmploymentTypeId = et.Id
    WHERE (@DepartmentId IS NULL OR e.DepartmentId = @DepartmentId)
      AND (@EmploymentTypeId IS NULL OR e.EmploymentTypeId = @EmploymentTypeId)
      AND (@LocationId IS NULL OR e.LocationId = @LocationId)
        order by e.Id
        OFFSET @offset rows
        FETCH NEXT  @size rows only
        
[2026-09-04 17:03:50] [INF] Fetched 10 employees from page 0 with total 100000
[2026-09-04 17:03:50] [INF] HTTP GET /api/employees/paginated responded 200 in 62.7938 ms
[2026-09-04 17:03:50] [INF] Query Executed 
    SELECT
        e.Id,
        e.EmployeeCode,
        e.Name,
        d.Name AS Department,
        et.Name AS EmploymentType,
        l.Name AS Location,
        e.Attendance,
        e.Performance,
        e.ActiveProjects,
        e.ExperienceYears,
        e.Salary,
        e.JoiningYear,
        e.IsActive,
        e.DepartmentId,
        e.EmploymentTypeId,
        e.LocationId
    FROM Employees e
    INNER JOIN Departments d
        ON e.DepartmentId = d.Id
    INNER JOIN Locations l
        ON e.LocationId = l.Id
    INNER JOIN EmploymentTypes et
        ON e.EmploymentTypeId = et.Id
    WHERE (@DepartmentId IS NULL OR e.DepartmentId = @DepartmentId)
      AND (@EmploymentTypeId IS NULL OR e.EmploymentTypeId = @EmploymentTypeId)
      AND (@LocationId IS NULL OR e.LocationId = @LocationId)
        order by e.Id
        OFFSET @offset rows
        FETCH NEXT  @size rows only
        
[2026-09-04 17:03:50] [INF] Fetched 10 employees from page 0 with total 100000
[2026-09-04 17:03:50] [INF] HTTP GET /api/employees/paginated responded 200 in 105.4511 ms
[2026-09-04 17:03:50] [INF] Query Executed 
    SELECT
        e.Id,
        e.EmployeeCode,
        e.Name,
        d.Name AS Department,
        et.Name AS EmploymentType,
        l.Name AS Location,
        e.Attendance,
        e.Performance,
        e.ActiveProjects,
        e.ExperienceYears,
        e.Salary,
        e.JoiningYear,
        e.IsActive,
        e.DepartmentId,
        e.EmploymentTypeId,
        e.LocationId
    FROM Employees e
    INNER JOIN Departments d
        ON e.DepartmentId = d.Id
    INNER JOIN Locations l
        ON e.LocationId = l.Id
    INNER JOIN EmploymentTypes et
        ON e.EmploymentTypeId = et.Id
    WHERE (@DepartmentId IS NULL OR e.DepartmentId = @DepartmentId)
      AND (@EmploymentTypeId IS NULL OR e.EmploymentTypeId = @EmploymentTypeId)
      AND (@LocationId IS NULL OR e.LocationId = @LocationId)
        order by e.Id
        OFFSET @offset rows
        FETCH NEXT  @size rows only
        
[2026-09-04 17:03:50] [INF] Fetched 10 employees from page 0 with total 100000
[2026-09-04 17:03:50] [INF] HTTP GET /api/employees/paginated responded 200 in 28.3845 ms
[2026-09-04 17:03:50] [INF] Query Executed 
    SELECT
        e.Id,
        e.EmployeeCode,
        e.Name,
        d.Name AS Department,
        et.Name AS EmploymentType,
        l.Name AS Location,
        e.Attendance,
        e.Performance,
        e.ActiveProjects,
        e.ExperienceYears,
        e.Salary,
        e.JoiningYear,
        e.IsActive,
        e.DepartmentId,
        e.EmploymentTypeId,
        e.LocationId
    FROM Employees e
    INNER JOIN Departments d
        ON e.DepartmentId = d.Id
    INNER JOIN Locations l
        ON e.LocationId = l.Id
    INNER JOIN EmploymentTypes et
        ON e.EmploymentTypeId = et.Id
    WHERE (@DepartmentId IS NULL OR e.DepartmentId = @DepartmentId)
      AND (@EmploymentTypeId IS NULL OR e.EmploymentTypeId = @EmploymentTypeId)
      AND (@LocationId IS NULL OR e.LocationId = @LocationId)
        order by e.Id
        OFFSET @offset rows
        FETCH NEXT  @size rows only
        
[2026-09-04 17:03:51] [INF] Fetched 10 employees from page 0 with total 100000
[2026-09-04 17:03:51] [INF] HTTP GET /api/employees/paginated responded 200 in 31.2871 ms
[2026-09-04 17:03:51] [INF] Query Executed 
    SELECT
        e.Id,
        e.EmployeeCode,
        e.Name,
        d.Name AS Department,
        et.Name AS EmploymentType,
        l.Name AS Location,
        e.Attendance,
        e.Performance,
        e.ActiveProjects,
        e.ExperienceYears,
        e.Salary,
        e.JoiningYear,
        e.IsActive,
        e.DepartmentId,
        e.EmploymentTypeId,
        e.LocationId
    FROM Employees e
    INNER JOIN Departments d
        ON e.DepartmentId = d.Id
    INNER JOIN Locations l
        ON e.LocationId = l.Id
    INNER JOIN EmploymentTypes et
        ON e.EmploymentTypeId = et.Id
    WHERE (@DepartmentId IS NULL OR e.DepartmentId = @DepartmentId)
      AND (@EmploymentTypeId IS NULL OR e.EmploymentTypeId = @EmploymentTypeId)
      AND (@LocationId IS NULL OR e.LocationId = @LocationId)
        order by e.Id
        OFFSET @offset rows
        FETCH NEXT  @size rows only
        
[2026-09-04 17:03:51] [INF] Fetched 10 employees from page 0 with total 100000
[2026-09-04 17:03:51] [INF] HTTP GET /api/employees/paginated responded 200 in 27.3632 ms
[2026-09-04 17:03:51] [INF] GetEmployees started
[2026-09-04 17:03:51] [INF] Query executed :
    SELECT
        e.Id,
        e.EmployeeCode,
        e.Name,
        d.Name AS Department,
        et.Name AS EmploymentType,
        l.Name AS Location,
        e.Attendance,
        e.Performance,
        e.ActiveProjects,
        e.ExperienceYears,
        e.Salary,
        e.JoiningYear,
        e.IsActive,
        e.DepartmentId,
        e.EmploymentTypeId,
        e.LocationId
    FROM Employees e
    INNER JOIN Departments d
        ON e.DepartmentId = d.Id
    INNER JOIN Locations l
        ON e.LocationId = l.Id
    INNER JOIN EmploymentTypes et
        ON e.EmploymentTypeId = et.Id
[2026-09-04 17:03:53] [INF] Fetched 100000 employees
[2026-09-04 17:03:53] [INF] GetEmployees ended in 1280.57 ms
[2026-09-04 17:03:53] [INF] HTTP GET /api/employees responded 200 in 1651.2349 ms
[2026-09-04 17:04:34] [INF] Query Executed 
    SELECT
        e.Id,
        e.EmployeeCode,
        e.Name,
        d.Name AS Department,
        et.Name AS EmploymentType,
        l.Name AS Location,
        e.Attendance,
        e.Performance,
        e.ActiveProjects,
        e.ExperienceYears,
        e.Salary,
        e.JoiningYear,
        e.IsActive,
        e.DepartmentId,
        e.EmploymentTypeId,
        e.LocationId
    FROM Employees e
    INNER JOIN Departments d
        ON e.DepartmentId = d.Id
    INNER JOIN Locations l
        ON e.LocationId = l.Id
    INNER JOIN EmploymentTypes et
        ON e.EmploymentTypeId = et.Id
    WHERE (@DepartmentId IS NULL OR e.DepartmentId = @DepartmentId)
      AND (@EmploymentTypeId IS NULL OR e.EmploymentTypeId = @EmploymentTypeId)
      AND (@LocationId IS NULL OR e.LocationId = @LocationId)
        order by e.Id
        OFFSET @offset rows
        FETCH NEXT  @size rows only
        
[2026-09-04 17:04:34] [INF] Fetched 10 employees from page 0 with total 100000
[2026-09-04 17:04:34] [INF] HTTP GET /api/employees/paginated responded 200 in 100.3365 ms
[2026-09-04 17:05:25] [INF] GetEmployees started
[2026-09-04 17:05:25] [INF] Query executed :
    SELECT
        e.Id,
        e.EmployeeCode,
        e.Name,
        d.Name AS Department,
        et.Name AS EmploymentType,
        l.Name AS Location,
        e.Attendance,
        e.Performance,
        e.ActiveProjects,
        e.ExperienceYears,
        e.Salary,
        e.JoiningYear,
        e.IsActive,
        e.DepartmentId,
        e.EmploymentTypeId,
        e.LocationId
    FROM Employees e
    INNER JOIN Departments d
        ON e.DepartmentId = d.Id
    INNER JOIN Locations l
        ON e.LocationId = l.Id
    INNER JOIN EmploymentTypes et
        ON e.EmploymentTypeId = et.Id
[2026-09-04 17:05:26] [INF] Fetched 100000 employees
[2026-09-04 17:05:26] [INF] GetEmployees ended in 1013.97 ms
[2026-09-04 17:05:26] [INF] HTTP GET /api/employees responded 200 in 1194.1903 ms
[2026-09-04 17:05:34] [INF] GetEmployees started
[2026-09-04 17:05:34] [INF] Query executed :
    SELECT
        e.Id,
        e.EmployeeCode,
        e.Name,
        d.Name AS Department,
        et.Name AS EmploymentType,
        l.Name AS Location,
        e.Attendance,
        e.Performance,
        e.ActiveProjects,
        e.ExperienceYears,
        e.Salary,
        e.JoiningYear,
        e.IsActive,
        e.DepartmentId,
        e.EmploymentTypeId,
        e.LocationId
    FROM Employees e
    INNER JOIN Departments d
        ON e.DepartmentId = d.Id
    INNER JOIN Locations l
        ON e.LocationId = l.Id
    INNER JOIN EmploymentTypes et
        ON e.EmploymentTypeId = et.Id
[2026-09-04 17:05:35] [INF] Fetched 100000 employees
[2026-09-04 17:05:35] [INF] GetEmployees ended in 727.52 ms
[2026-09-04 17:05:35] [INF] HTTP GET /api/employees responded 200 in 942.1102 ms
[2026-09-04 17:05:52] [INF] GetEmployees started
[2026-09-04 17:05:52] [INF] Query executed :
    SELECT
        e.Id,
        e.EmployeeCode,
        e.Name,
        d.Name AS Department,
        et.Name AS EmploymentType,
        l.Name AS Location,
        e.Attendance,
        e.Performance,
        e.ActiveProjects,
        e.ExperienceYears,
        e.Salary,
        e.JoiningYear,
        e.IsActive,
        e.DepartmentId,
        e.EmploymentTypeId,
        e.LocationId
    FROM Employees e
    INNER JOIN Departments d
        ON e.DepartmentId = d.Id
    INNER JOIN Locations l
        ON e.LocationId = l.Id
    INNER JOIN EmploymentTypes et
        ON e.EmploymentTypeId = et.Id
[2026-09-04 17:05:52] [INF] Fetched 100000 employees
[2026-09-04 17:05:52] [INF] GetEmployees ended in 717.31 ms
[2026-09-04 17:05:53] [INF] HTTP GET /api/employees responded 200 in 945.6811 ms
[2026-09-04 17:24:10] [INF] HTTP GET /api/employees responded 401 in 1.2240 ms
[2026-09-04 17:24:10] [INF] Refresh started
[2026-09-04 17:24:10] [INF] Access token refreshed successfully for user 4
[2026-09-04 17:24:10] [INF] Refresh ended in 180.26 ms
[2026-09-04 17:24:10] [INF] HTTP POST /api/auth/refresh responded 200 in 181.6048 ms
[2026-09-04 17:24:10] [INF] GetEmployees started
[2026-09-04 17:24:10] [INF] Query executed :
    SELECT
        e.Id,
        e.EmployeeCode,
        e.Name,
        d.Name AS Department,
        et.Name AS EmploymentType,
        l.Name AS Location,
        e.Attendance,
        e.Performance,
        e.ActiveProjects,
        e.ExperienceYears,
        e.Salary,
        e.JoiningYear,
        e.IsActive,
        e.DepartmentId,
        e.EmploymentTypeId,
        e.LocationId
    FROM Employees e
    INNER JOIN Departments d
        ON e.DepartmentId = d.Id
    INNER JOIN Locations l
        ON e.LocationId = l.Id
    INNER JOIN EmploymentTypes et
        ON e.EmploymentTypeId = et.Id
[2026-09-04 17:24:11] [INF] Fetched 100000 employees
[2026-09-04 17:24:11] [INF] GetEmployees ended in 734.41 ms
[2026-09-04 17:24:11] [INF] HTTP GET /api/employees responded 200 in 1132.5844 ms
[2026-09-04 17:25:25] [INF] GetEmployees started
[2026-09-04 17:25:25] [INF] Query executed :
    SELECT
        e.Id,
        e.EmployeeCode,
        e.Name,
        d.Name AS Department,
        et.Name AS EmploymentType,
        l.Name AS Location,
        e.Attendance,
        e.Performance,
        e.ActiveProjects,
        e.ExperienceYears,
        e.Salary,
        e.JoiningYear,
        e.IsActive,
        e.DepartmentId,
        e.EmploymentTypeId,
        e.LocationId
    FROM Employees e
    INNER JOIN Departments d
        ON e.DepartmentId = d.Id
    INNER JOIN Locations l
        ON e.LocationId = l.Id
    INNER JOIN EmploymentTypes et
        ON e.EmploymentTypeId = et.Id
[2026-09-04 17:25:25] [INF] Fetched 100000 employees
[2026-09-04 17:25:25] [INF] GetEmployees ended in 617.35 ms
[2026-09-04 17:25:26] [INF] HTTP GET /api/employees responded 200 in 968.4377 ms
[2026-09-04 17:26:56] [INF] Query Executed 
    SELECT
        e.Id,
        e.EmployeeCode,
        e.Name,
        d.Name AS Department,
        et.Name AS EmploymentType,
        l.Name AS Location,
        e.Attendance,
        e.Performance,
        e.ActiveProjects,
        e.ExperienceYears,
        e.Salary,
        e.JoiningYear,
        e.IsActive,
        e.DepartmentId,
        e.EmploymentTypeId,
        e.LocationId
    FROM Employees e
    INNER JOIN Departments d
        ON e.DepartmentId = d.Id
    INNER JOIN Locations l
        ON e.LocationId = l.Id
    INNER JOIN EmploymentTypes et
        ON e.EmploymentTypeId = et.Id
    WHERE (@DepartmentId IS NULL OR e.DepartmentId = @DepartmentId)
      AND (@EmploymentTypeId IS NULL OR e.EmploymentTypeId = @EmploymentTypeId)
      AND (@LocationId IS NULL OR e.LocationId = @LocationId)
        order by e.Id
        OFFSET @offset rows
        FETCH NEXT  @size rows only
        
[2026-09-04 17:26:56] [INF] Fetched 10 employees from page 0 with total 100000
[2026-09-04 17:26:56] [INF] HTTP GET /api/employees/paginated responded 200 in 120.0978 ms
[2026-09-04 17:28:29] [INF] Query Executed 
    SELECT
        e.Id,
        e.EmployeeCode,
        e.Name,
        d.Name AS Department,
        et.Name AS EmploymentType,
        l.Name AS Location,
        e.Attendance,
        e.Performance,
        e.ActiveProjects,
        e.ExperienceYears,
        e.Salary,
        e.JoiningYear,
        e.IsActive,
        e.DepartmentId,
        e.EmploymentTypeId,
        e.LocationId
    FROM Employees e
    INNER JOIN Departments d
        ON e.DepartmentId = d.Id
    INNER JOIN Locations l
        ON e.LocationId = l.Id
    INNER JOIN EmploymentTypes et
        ON e.EmploymentTypeId = et.Id
    WHERE (@DepartmentId IS NULL OR e.DepartmentId = @DepartmentId)
      AND (@EmploymentTypeId IS NULL OR e.EmploymentTypeId = @EmploymentTypeId)
      AND (@LocationId IS NULL OR e.LocationId = @LocationId)
        order by e.Id
        OFFSET @offset rows
        FETCH NEXT  @size rows only
        
[2026-09-04 17:28:29] [INF] Fetched 10 employees from page 100 with total 100000
[2026-09-04 17:28:29] [INF] HTTP GET /api/employees/paginated responded 200 in 104.7775 ms
[2026-09-04 17:28:34] [INF] Query Executed 
    SELECT
        e.Id,
        e.EmployeeCode,
        e.Name,
        d.Name AS Department,
        et.Name AS EmploymentType,
        l.Name AS Location,
        e.Attendance,
        e.Performance,
        e.ActiveProjects,
        e.ExperienceYears,
        e.Salary,
        e.JoiningYear,
        e.IsActive,
        e.DepartmentId,
        e.EmploymentTypeId,
        e.LocationId
    FROM Employees e
    INNER JOIN Departments d
        ON e.DepartmentId = d.Id
    INNER JOIN Locations l
        ON e.LocationId = l.Id
    INNER JOIN EmploymentTypes et
        ON e.EmploymentTypeId = et.Id
    WHERE (@DepartmentId IS NULL OR e.DepartmentId = @DepartmentId)
      AND (@EmploymentTypeId IS NULL OR e.EmploymentTypeId = @EmploymentTypeId)
      AND (@LocationId IS NULL OR e.LocationId = @LocationId)
        order by e.Id
        OFFSET @offset rows
        FETCH NEXT  @size rows only
        
[2026-09-04 17:28:34] [INF] Fetched 10 employees from page 0 with total 100000
[2026-09-04 17:28:34] [INF] HTTP GET /api/employees/paginated responded 200 in 34.6059 ms
[2026-09-04 17:28:37] [INF] Query Executed 
    SELECT
        e.Id,
        e.EmployeeCode,
        e.Name,
        d.Name AS Department,
        et.Name AS EmploymentType,
        l.Name AS Location,
        e.Attendance,
        e.Performance,
        e.ActiveProjects,
        e.ExperienceYears,
        e.Salary,
        e.JoiningYear,
        e.IsActive,
        e.DepartmentId,
        e.EmploymentTypeId,
        e.LocationId
    FROM Employees e
    INNER JOIN Departments d
        ON e.DepartmentId = d.Id
    INNER JOIN Locations l
        ON e.LocationId = l.Id
    INNER JOIN EmploymentTypes et
        ON e.EmploymentTypeId = et.Id
    WHERE (@DepartmentId IS NULL OR e.DepartmentId = @DepartmentId)
      AND (@EmploymentTypeId IS NULL OR e.EmploymentTypeId = @EmploymentTypeId)
      AND (@LocationId IS NULL OR e.LocationId = @LocationId)
        order by e.Id
        OFFSET @offset rows
        FETCH NEXT  @size rows only
        
[2026-09-04 17:28:37] [INF] Fetched 10 employees from page 0 with total 100000
[2026-09-04 17:28:37] [INF] HTTP GET /api/employees/paginated responded 200 in 47.4639 ms
[2026-09-04 17:28:37] [INF] Query Executed 
    SELECT
        e.Id,
        e.EmployeeCode,
        e.Name,
        d.Name AS Department,
        et.Name AS EmploymentType,
        l.Name AS Location,
        e.Attendance,
        e.Performance,
        e.ActiveProjects,
        e.ExperienceYears,
        e.Salary,
        e.JoiningYear,
        e.IsActive,
        e.DepartmentId,
        e.EmploymentTypeId,
        e.LocationId
    FROM Employees e
    INNER JOIN Departments d
        ON e.DepartmentId = d.Id
    INNER JOIN Locations l
        ON e.LocationId = l.Id
    INNER JOIN EmploymentTypes et
        ON e.EmploymentTypeId = et.Id
    WHERE (@DepartmentId IS NULL OR e.DepartmentId = @DepartmentId)
      AND (@EmploymentTypeId IS NULL OR e.EmploymentTypeId = @EmploymentTypeId)
      AND (@LocationId IS NULL OR e.LocationId = @LocationId)
        order by e.Id
        OFFSET @offset rows
        FETCH NEXT  @size rows only
        
[2026-09-04 17:28:37] [INF] Fetched 10 employees from page 0 with total 100000
[2026-09-04 17:28:37] [INF] HTTP GET /api/employees/paginated responded 200 in 34.4190 ms
[2026-09-04 17:28:37] [INF] Query Executed 
    SELECT
        e.Id,
        e.EmployeeCode,
        e.Name,
        d.Name AS Department,
        et.Name AS EmploymentType,
        l.Name AS Location,
        e.Attendance,
        e.Performance,
        e.ActiveProjects,
        e.ExperienceYears,
        e.Salary,
        e.JoiningYear,
        e.IsActive,
        e.DepartmentId,
        e.EmploymentTypeId,
        e.LocationId
    FROM Employees e
    INNER JOIN Departments d
        ON e.DepartmentId = d.Id
    INNER JOIN Locations l
        ON e.LocationId = l.Id
    INNER JOIN EmploymentTypes et
        ON e.EmploymentTypeId = et.Id
    WHERE (@DepartmentId IS NULL OR e.DepartmentId = @DepartmentId)
      AND (@EmploymentTypeId IS NULL OR e.EmploymentTypeId = @EmploymentTypeId)
      AND (@LocationId IS NULL OR e.LocationId = @LocationId)
        order by e.Id
        OFFSET @offset rows
        FETCH NEXT  @size rows only
        
[2026-09-04 17:28:37] [INF] Fetched 10 employees from page 0 with total 100000
[2026-09-04 17:28:37] [INF] HTTP GET /api/employees/paginated responded 200 in 28.0971 ms
[2026-09-04 17:28:37] [INF] Query Executed 
    SELECT
        e.Id,
        e.EmployeeCode,
        e.Name,
        d.Name AS Department,
        et.Name AS EmploymentType,
        l.Name AS Location,
        e.Attendance,
        e.Performance,
        e.ActiveProjects,
        e.ExperienceYears,
        e.Salary,
        e.JoiningYear,
        e.IsActive,
        e.DepartmentId,
        e.EmploymentTypeId,
        e.LocationId
    FROM Employees e
    INNER JOIN Departments d
        ON e.DepartmentId = d.Id
    INNER JOIN Locations l
        ON e.LocationId = l.Id
    INNER JOIN EmploymentTypes et
        ON e.EmploymentTypeId = et.Id
    WHERE (@DepartmentId IS NULL OR e.DepartmentId = @DepartmentId)
      AND (@EmploymentTypeId IS NULL OR e.EmploymentTypeId = @EmploymentTypeId)
      AND (@LocationId IS NULL OR e.LocationId = @LocationId)
        order by e.Id
        OFFSET @offset rows
        FETCH NEXT  @size rows only
        
[2026-09-04 17:28:37] [INF] Fetched 10 employees from page 0 with total 100000
[2026-09-04 17:28:37] [INF] HTTP GET /api/employees/paginated responded 200 in 49.6549 ms
[2026-09-04 17:28:37] [INF] Query Executed 
    SELECT
        e.Id,
        e.EmployeeCode,
        e.Name,
        d.Name AS Department,
        et.Name AS EmploymentType,
        l.Name AS Location,
        e.Attendance,
        e.Performance,
        e.ActiveProjects,
        e.ExperienceYears,
        e.Salary,
        e.JoiningYear,
        e.IsActive,
        e.DepartmentId,
        e.EmploymentTypeId,
        e.LocationId
    FROM Employees e
    INNER JOIN Departments d
        ON e.DepartmentId = d.Id
    INNER JOIN Locations l
        ON e.LocationId = l.Id
    INNER JOIN EmploymentTypes et
        ON e.EmploymentTypeId = et.Id
    WHERE (@DepartmentId IS NULL OR e.DepartmentId = @DepartmentId)
      AND (@EmploymentTypeId IS NULL OR e.EmploymentTypeId = @EmploymentTypeId)
      AND (@LocationId IS NULL OR e.LocationId = @LocationId)
        order by e.Id
        OFFSET @offset rows
        FETCH NEXT  @size rows only
        
[2026-09-04 17:28:37] [INF] Fetched 10 employees from page 0 with total 100000
[2026-09-04 17:28:37] [INF] HTTP GET /api/employees/paginated responded 200 in 38.1567 ms
[2026-09-04 17:28:43] [INF] Query Executed 
    SELECT
        e.Id,
        e.EmployeeCode,
        e.Name,
        d.Name AS Department,
        et.Name AS EmploymentType,
        l.Name AS Location,
        e.Attendance,
        e.Performance,
        e.ActiveProjects,
        e.ExperienceYears,
        e.Salary,
        e.JoiningYear,
        e.IsActive,
        e.DepartmentId,
        e.EmploymentTypeId,
        e.LocationId
    FROM Employees e
    INNER JOIN Departments d
        ON e.DepartmentId = d.Id
    INNER JOIN Locations l
        ON e.LocationId = l.Id
    INNER JOIN EmploymentTypes et
        ON e.EmploymentTypeId = et.Id
    WHERE (@DepartmentId IS NULL OR e.DepartmentId = @DepartmentId)
      AND (@EmploymentTypeId IS NULL OR e.EmploymentTypeId = @EmploymentTypeId)
      AND (@LocationId IS NULL OR e.LocationId = @LocationId)
        order by e.Id
        OFFSET @offset rows
        FETCH NEXT  @size rows only
        
[2026-09-04 17:28:43] [INF] Fetched 10 employees from page 0 with total 100000
[2026-09-04 17:28:43] [INF] HTTP GET /api/employees/paginated responded 200 in 94.2852 ms
[2026-09-04 17:28:43] [INF] Query Executed 
    SELECT
        e.Id,
        e.EmployeeCode,
        e.Name,
        d.Name AS Department,
        et.Name AS EmploymentType,
        l.Name AS Location,
        e.Attendance,
        e.Performance,
        e.ActiveProjects,
        e.ExperienceYears,
        e.Salary,
        e.JoiningYear,
        e.IsActive,
        e.DepartmentId,
        e.EmploymentTypeId,
        e.LocationId
    FROM Employees e
    INNER JOIN Departments d
        ON e.DepartmentId = d.Id
    INNER JOIN Locations l
        ON e.LocationId = l.Id
    INNER JOIN EmploymentTypes et
        ON e.EmploymentTypeId = et.Id
    WHERE (@DepartmentId IS NULL OR e.DepartmentId = @DepartmentId)
      AND (@EmploymentTypeId IS NULL OR e.EmploymentTypeId = @EmploymentTypeId)
      AND (@LocationId IS NULL OR e.LocationId = @LocationId)
        order by e.Id
        OFFSET @offset rows
        FETCH NEXT  @size rows only
        
[2026-09-04 17:28:43] [INF] Fetched 10 employees from page 0 with total 100000
[2026-09-04 17:28:43] [INF] HTTP GET /api/employees/paginated responded 200 in 98.0807 ms
[2026-09-04 17:28:44] [INF] Query Executed 
    SELECT
        e.Id,
        e.EmployeeCode,
        e.Name,
        d.Name AS Department,
        et.Name AS EmploymentType,
        l.Name AS Location,
        e.Attendance,
        e.Performance,
        e.ActiveProjects,
        e.ExperienceYears,
        e.Salary,
        e.JoiningYear,
        e.IsActive,
        e.DepartmentId,
        e.EmploymentTypeId,
        e.LocationId
    FROM Employees e
    INNER JOIN Departments d
        ON e.DepartmentId = d.Id
    INNER JOIN Locations l
        ON e.LocationId = l.Id
    INNER JOIN EmploymentTypes et
        ON e.EmploymentTypeId = et.Id
    WHERE (@DepartmentId IS NULL OR e.DepartmentId = @DepartmentId)
      AND (@EmploymentTypeId IS NULL OR e.EmploymentTypeId = @EmploymentTypeId)
      AND (@LocationId IS NULL OR e.LocationId = @LocationId)
        order by e.Id
        OFFSET @offset rows
        FETCH NEXT  @size rows only
        
[2026-09-04 17:28:44] [INF] Fetched 10 employees from page 0 with total 100000
[2026-09-04 17:28:44] [INF] HTTP GET /api/employees/paginated responded 200 in 99.8144 ms
[2026-09-04 17:28:45] [INF] Query Executed 
    SELECT
        e.Id,
        e.EmployeeCode,
        e.Name,
        d.Name AS Department,
        et.Name AS EmploymentType,
        l.Name AS Location,
        e.Attendance,
        e.Performance,
        e.ActiveProjects,
        e.ExperienceYears,
        e.Salary,
        e.JoiningYear,
        e.IsActive,
        e.DepartmentId,
        e.EmploymentTypeId,
        e.LocationId
    FROM Employees e
    INNER JOIN Departments d
        ON e.DepartmentId = d.Id
    INNER JOIN Locations l
        ON e.LocationId = l.Id
    INNER JOIN EmploymentTypes et
        ON e.EmploymentTypeId = et.Id
    WHERE (@DepartmentId IS NULL OR e.DepartmentId = @DepartmentId)
      AND (@EmploymentTypeId IS NULL OR e.EmploymentTypeId = @EmploymentTypeId)
      AND (@LocationId IS NULL OR e.LocationId = @LocationId)
        order by e.Id
        OFFSET @offset rows
        FETCH NEXT  @size rows only
        
[2026-09-04 17:28:46] [INF] Fetched 10 employees from page 0 with total 100000
[2026-09-04 17:28:46] [INF] HTTP GET /api/employees/paginated responded 200 in 98.3837 ms
[2026-09-04 17:28:46] [INF] Query Executed 
    SELECT
        e.Id,
        e.EmployeeCode,
        e.Name,
        d.Name AS Department,
        et.Name AS EmploymentType,
        l.Name AS Location,
        e.Attendance,
        e.Performance,
        e.ActiveProjects,
        e.ExperienceYears,
        e.Salary,
        e.JoiningYear,
        e.IsActive,
        e.DepartmentId,
        e.EmploymentTypeId,
        e.LocationId
    FROM Employees e
    INNER JOIN Departments d
        ON e.DepartmentId = d.Id
    INNER JOIN Locations l
        ON e.LocationId = l.Id
    INNER JOIN EmploymentTypes et
        ON e.EmploymentTypeId = et.Id
    WHERE (@DepartmentId IS NULL OR e.DepartmentId = @DepartmentId)
      AND (@EmploymentTypeId IS NULL OR e.EmploymentTypeId = @EmploymentTypeId)
      AND (@LocationId IS NULL OR e.LocationId = @LocationId)
        order by e.Id
        OFFSET @offset rows
        FETCH NEXT  @size rows only
        
[2026-09-04 17:28:46] [INF] Fetched 10 employees from page 0 with total 100000
[2026-09-04 17:28:46] [INF] HTTP GET /api/employees/paginated responded 200 in 96.1315 ms
[2026-09-04 17:28:50] [INF] Query Executed 
    SELECT
        e.Id,
        e.EmployeeCode,
        e.Name,
        d.Name AS Department,
        et.Name AS EmploymentType,
        l.Name AS Location,
        e.Attendance,
        e.Performance,
        e.ActiveProjects,
        e.ExperienceYears,
        e.Salary,
        e.JoiningYear,
        e.IsActive,
        e.DepartmentId,
        e.EmploymentTypeId,
        e.LocationId
    FROM Employees e
    INNER JOIN Departments d
        ON e.DepartmentId = d.Id
    INNER JOIN Locations l
        ON e.LocationId = l.Id
    INNER JOIN EmploymentTypes et
        ON e.EmploymentTypeId = et.Id
    WHERE (@DepartmentId IS NULL OR e.DepartmentId = @DepartmentId)
      AND (@EmploymentTypeId IS NULL OR e.EmploymentTypeId = @EmploymentTypeId)
      AND (@LocationId IS NULL OR e.LocationId = @LocationId)
        order by e.Id
        OFFSET @offset rows
        FETCH NEXT  @size rows only
        
[2026-09-04 17:28:51] [INF] Fetched 10 employees from page 0 with total 100000
[2026-09-04 17:28:51] [INF] HTTP GET /api/employees/paginated responded 200 in 35.8924 ms
[2026-09-04 17:31:59] [INF] Query Executed 
    SELECT
        e.Id,
        e.EmployeeCode,
        e.Name,
        d.Name AS Department,
        et.Name AS EmploymentType,
        l.Name AS Location,
        e.Attendance,
        e.Performance,
        e.ActiveProjects,
        e.ExperienceYears,
        e.Salary,
        e.JoiningYear,
        e.IsActive,
        e.DepartmentId,
        e.EmploymentTypeId,
        e.LocationId
    FROM Employees e
    INNER JOIN Departments d
        ON e.DepartmentId = d.Id
    INNER JOIN Locations l
        ON e.LocationId = l.Id
    INNER JOIN EmploymentTypes et
        ON e.EmploymentTypeId = et.Id
    WHERE (@DepartmentId IS NULL OR e.DepartmentId = @DepartmentId)
      AND (@EmploymentTypeId IS NULL OR e.EmploymentTypeId = @EmploymentTypeId)
      AND (@LocationId IS NULL OR e.LocationId = @LocationId)
        order by e.Id
        OFFSET @offset rows
        FETCH NEXT  @size rows only
        
[2026-09-04 17:31:59] [INF] Fetched 10 employees from page 0 with total 100000
[2026-09-04 17:31:59] [INF] HTTP GET /api/employees/paginated responded 200 in 87.8592 ms
[2026-09-04 17:42:05] [INF] HTTP GET /api/employees responded 401 in 0.9281 ms
[2026-09-04 17:42:05] [INF] Refresh started
[2026-09-04 17:42:05] [INF] Access token refreshed successfully for user 4
[2026-09-04 17:42:05] [INF] Refresh ended in 185.24 ms
[2026-09-04 17:42:05] [INF] HTTP POST /api/auth/refresh responded 200 in 186.3257 ms
[2026-09-04 17:42:05] [INF] GetEmployees started
[2026-09-04 17:42:05] [INF] Query executed :
    SELECT
        e.Id,
        e.EmployeeCode,
        e.Name,
        d.Name AS Department,
        et.Name AS EmploymentType,
        l.Name AS Location,
        e.Attendance,
        e.Performance,
        e.ActiveProjects,
        e.ExperienceYears,
        e.Salary,
        e.JoiningYear,
        e.IsActive,
        e.DepartmentId,
        e.EmploymentTypeId,
        e.LocationId
    FROM Employees e
    INNER JOIN Departments d
        ON e.DepartmentId = d.Id
    INNER JOIN Locations l
        ON e.LocationId = l.Id
    INNER JOIN EmploymentTypes et
        ON e.EmploymentTypeId = et.Id
[2026-09-04 17:42:06] [INF] Fetched 100000 employees
[2026-09-04 17:42:06] [INF] GetEmployees ended in 648.78 ms
[2026-09-04 17:42:06] [INF] HTTP GET /api/employees responded 200 in 1026.6480 ms
[2026-09-04 17:42:12] [INF] GetEmployees started
[2026-09-04 17:42:12] [INF] Query executed :
    SELECT
        e.Id,
        e.EmployeeCode,
        e.Name,
        d.Name AS Department,
        et.Name AS EmploymentType,
        l.Name AS Location,
        e.Attendance,
        e.Performance,
        e.ActiveProjects,
        e.ExperienceYears,
        e.Salary,
        e.JoiningYear,
        e.IsActive,
        e.DepartmentId,
        e.EmploymentTypeId,
        e.LocationId
    FROM Employees e
    INNER JOIN Departments d
        ON e.DepartmentId = d.Id
    INNER JOIN Locations l
        ON e.LocationId = l.Id
    INNER JOIN EmploymentTypes et
        ON e.EmploymentTypeId = et.Id
[2026-09-04 17:42:13] [INF] Fetched 100000 employees
[2026-09-04 17:42:13] [INF] GetEmployees ended in 864.92 ms
[2026-09-04 17:42:13] [INF] HTTP GET /api/employees responded 200 in 1036.6296 ms
[2026-09-04 18:00:12] [INF] HTTP GET /api/employees/paginated responded 401 in 1.5703 ms
[2026-09-04 18:00:12] [INF] Refresh started
[2026-09-04 18:00:12] [INF] Access token refreshed successfully for user 4
[2026-09-04 18:00:12] [INF] Refresh ended in 188.94 ms
[2026-09-04 18:00:12] [INF] HTTP POST /api/auth/refresh responded 200 in 190.2090 ms
[2026-09-04 18:00:12] [INF] Query Executed 
    SELECT
        e.Id,
        e.EmployeeCode,
        e.Name,
        d.Name AS Department,
        et.Name AS EmploymentType,
        l.Name AS Location,
        e.Attendance,
        e.Performance,
        e.ActiveProjects,
        e.ExperienceYears,
        e.Salary,
        e.JoiningYear,
        e.IsActive,
        e.DepartmentId,
        e.EmploymentTypeId,
        e.LocationId
    FROM Employees e
    INNER JOIN Departments d
        ON e.DepartmentId = d.Id
    INNER JOIN Locations l
        ON e.LocationId = l.Id
    INNER JOIN EmploymentTypes et
        ON e.EmploymentTypeId = et.Id
    WHERE (@DepartmentId IS NULL OR e.DepartmentId = @DepartmentId)
      AND (@EmploymentTypeId IS NULL OR e.EmploymentTypeId = @EmploymentTypeId)
      AND (@LocationId IS NULL OR e.LocationId = @LocationId)
        order by e.Id
        OFFSET @offset rows
        FETCH NEXT  @size rows only
        
[2026-09-04 18:00:12] [INF] Fetched 10 employees from page 0 with total 100000
[2026-09-04 18:00:12] [INF] HTTP GET /api/employees/paginated responded 200 in 95.9990 ms
