[2026-09-07 10:42:28] [INF] Now listening on: http://localhost:5054
[2026-09-07 10:42:29] [INF] Application started. Press Ctrl+C to shut down.
[2026-09-07 10:42:29] [INF] Hosting environment: Development
[2026-09-07 10:42:29] [INF] Content root path: C:\Users\Z100179\Desktop\MainFolder\Backend
[2026-09-07 10:42:34] [WRN] Failed to determine the https port for redirect.
[2026-09-07 10:42:35] [INF] HTTP GET /swagger/index.html responded 200 in 618.3755 ms
[2026-09-07 10:42:35] [WRN] Unable to configure browser refresh script injection on the response. This may have been caused by the response's Content-Encoding: '["br"]'. Consider disabling response compression.
[2026-09-07 10:42:36] [INF] HTTP GET /swagger/v1/swagger.json responded 200 in 545.8184 ms
[2026-09-07 10:42:38] [INF] HTTP GET /swagger/v1/swagger.json responded 200 in 35.0834 ms
[2026-09-07 10:43:24] [INF] HTTP GET /api/dashboard/summary responded 401 in 355.2081 ms
[2026-09-07 10:43:24] [INF] Refresh started
[2026-09-07 10:43:25] [INF] Access token refreshed successfully for user 4
[2026-09-07 10:43:25] [INF] Refresh ended in 1280.31 ms
[2026-09-07 10:43:26] [INF] HTTP POST /api/auth/refresh responded 200 in 1496.0907 ms
[2026-09-07 10:43:26] [INF] Executing dashboard summary query. Filters: DepartmentId=ALL, EmploymentTypeId=ALL, LocationId=ALL. Query: 
        SELECT
            COUNT(*) AS TotalEmployees,
            COALESCE(SUM(CASE WHEN IsActive = 1 THEN 1 ELSE 0 END), 0) AS ActiveEmployees,
            COALESCE(AVG(CAST(Attendance AS DECIMAL(10, 2))), 0) AS AverageAttendance,
            COALESCE(AVG(CAST(Performance AS DECIMAL(10, 2))), 0) AS AveragePerformance
        FROM Employees
        WHERE (@DepartmentId IS NULL OR DepartmentId = @DepartmentId)
          AND (@EmploymentTypeId IS NULL OR EmploymentTypeId = @EmploymentTypeId)
          AND (@LocationId IS NULL OR LocationId = @LocationId)
[2026-09-07 10:43:26] [INF] Dashboard summary query executed. Filters: DepartmentId=ALL, EmploymentTypeId=ALL, LocationId=ALL. Result: TotalEmployees=100000, ActiveEmployees=93334
[2026-09-07 10:43:26] [INF] HTTP GET /api/dashboard/summary responded 200 in 447.2107 ms
[2026-09-07 10:43:26] [INF] GetFilters started
[2026-09-07 10:43:26] [INF] Loaded 5 departments, 4 locations, 4 employment types, 11 skills
[2026-09-07 10:43:26] [INF] GetFilters ended in 46.55 ms
[2026-09-07 10:43:26] [INF] HTTP GET /api/filters responded 200 in 88.2705 ms
[2026-09-07 10:43:30] [INF] Executing dashboard summary query. Filters: DepartmentId=ALL, EmploymentTypeId=1, LocationId=ALL. Query: 
        SELECT
            COUNT(*) AS TotalEmployees,
            COALESCE(SUM(CASE WHEN IsActive = 1 THEN 1 ELSE 0 END), 0) AS ActiveEmployees,
            COALESCE(AVG(CAST(Attendance AS DECIMAL(10, 2))), 0) AS AverageAttendance,
            COALESCE(AVG(CAST(Performance AS DECIMAL(10, 2))), 0) AS AveragePerformance
        FROM Employees
        WHERE (@DepartmentId IS NULL OR DepartmentId = @DepartmentId)
          AND (@EmploymentTypeId IS NULL OR EmploymentTypeId = @EmploymentTypeId)
          AND (@LocationId IS NULL OR LocationId = @LocationId)
[2026-09-07 10:43:30] [INF] Dashboard summary query executed. Filters: DepartmentId=ALL, EmploymentTypeId=1, LocationId=ALL. Result: TotalEmployees=70000, ActiveEmployees=65001
[2026-09-07 10:43:30] [INF] HTTP GET /api/dashboard/summary responded 200 in 191.2412 ms
[2026-09-07 10:43:32] [INF] Query executed :
        SELECT
            COALESCE(AVG(CAST(e.Attendance AS DECIMAL(10, 2))), 0) AS AverageAttendance,
            COALESCE(MAX(e.Attendance), 0) AS HighestAttendance,
            COALESCE(SUM(CASE WHEN e.Attendance >= 95 THEN 1 ELSE 0 END), 0) AS ExcellentCount,
            COALESCE(SUM(CASE WHEN e.Attendance < 85 THEN 1 ELSE 0 END), 0) AS LowCount
        FROM Employees e
        WHERE (@DepartmentId IS NULL OR e.DepartmentId = @DepartmentId)
          AND (@EmploymentTypeId IS NULL OR e.EmploymentTypeId = @EmploymentTypeId)
          AND (@LocationId IS NULL OR e.LocationId = @LocationId);

        SELECT
            d.Name AS Department,
            COALESCE(AVG(CAST(e.Attendance AS DECIMAL(10, 2))), 0) AS Attendance
        FROM Employees e
        INNER JOIN Departments d ON e.DepartmentId = d.Id
        WHERE (@DepartmentId IS NULL OR e.DepartmentId = @DepartmentId)
          AND (@EmploymentTypeId IS NULL OR e.EmploymentTypeId = @EmploymentTypeId)
          AND (@LocationId IS NULL OR e.LocationId = @LocationId)
        GROUP BY d.Name
[2026-09-07 10:43:32] [INF] Query Executed 
    SELECT
        e.Id,
        e.EmployeeCode,
        e.Name,
        d.Name AS Department,
        et.Name AS EmploymentType,
        l.Name AS Location,
        e.Attendance,
        e.Performance,
        e.ActiveProjects,
        e.ExperienceYears,
        e.Salary,
        e.JoiningYear,
        e.IsActive,
        e.DepartmentId,
        e.EmploymentTypeId,
        e.LocationId
    FROM Employees e
    INNER JOIN Departments d
        ON e.DepartmentId = d.Id
    INNER JOIN Locations l
        ON e.LocationId = l.Id
    INNER JOIN EmploymentTypes et
        ON e.EmploymentTypeId = et.Id
    WHERE (@DepartmentId IS NULL OR e.DepartmentId = @DepartmentId)
      AND (@EmploymentTypeId IS NULL OR e.EmploymentTypeId = @EmploymentTypeId)
      AND (@LocationId IS NULL OR e.LocationId = @LocationId)
        order by e.Id
        OFFSET @offset rows
        FETCH NEXT  @size rows only
        
[2026-09-07 10:43:33] [INF] Fetched 10 employees from page 0 with total 70000
[2026-09-07 10:43:33] [INF] HTTP GET /api/employees/paginated responded 200 in 252.2739 ms
[2026-09-07 10:43:33] [INF] HTTP GET /api/dashboard/attendance-summary responded 200 in 421.5944 ms
[2026-09-07 10:43:40] [INF] Query Executed 
    SELECT
        e.Id,
        e.EmployeeCode,
        e.Name,
        d.Name AS Department,
        et.Name AS EmploymentType,
        l.Name AS Location,
        e.Attendance,
        e.Performance,
        e.ActiveProjects,
        e.ExperienceYears,
        e.Salary,
        e.JoiningYear,
        e.IsActive,
        e.DepartmentId,
        e.EmploymentTypeId,
        e.LocationId
    FROM Employees e
    INNER JOIN Departments d
        ON e.DepartmentId = d.Id
    INNER JOIN Locations l
        ON e.LocationId = l.Id
    INNER JOIN EmploymentTypes et
        ON e.EmploymentTypeId = et.Id
    WHERE (@DepartmentId IS NULL OR e.DepartmentId = @DepartmentId)
      AND (@EmploymentTypeId IS NULL OR e.EmploymentTypeId = @EmploymentTypeId)
      AND (@LocationId IS NULL OR e.LocationId = @LocationId)
        order by e.Id
        OFFSET @offset rows
        FETCH NEXT  @size rows only
        
[2026-09-07 10:43:40] [INF] Fetched 10 employees from page 100 with total 70000
[2026-09-07 10:43:40] [INF] HTTP GET /api/employees/paginated responded 200 in 73.6292 ms
[2026-09-07 10:43:45] [INF] Executing dashboard summary query. Filters: DepartmentId=ALL, EmploymentTypeId=1, LocationId=ALL. Query: 
        SELECT
            COUNT(*) AS TotalEmployees,
            COALESCE(SUM(CASE WHEN IsActive = 1 THEN 1 ELSE 0 END), 0) AS ActiveEmployees,
            COALESCE(AVG(CAST(Attendance AS DECIMAL(10, 2))), 0) AS AverageAttendance,
            COALESCE(AVG(CAST(Performance AS DECIMAL(10, 2))), 0) AS AveragePerformance
        FROM Employees
        WHERE (@DepartmentId IS NULL OR DepartmentId = @DepartmentId)
          AND (@EmploymentTypeId IS NULL OR EmploymentTypeId = @EmploymentTypeId)
          AND (@LocationId IS NULL OR LocationId = @LocationId)
[2026-09-07 10:43:45] [INF] Dashboard summary query executed. Filters: DepartmentId=ALL, EmploymentTypeId=1, LocationId=ALL. Result: TotalEmployees=70000, ActiveEmployees=65001
[2026-09-07 10:43:45] [INF] HTTP GET /api/dashboard/summary responded 200 in 124.5473 ms
[2026-09-07 10:56:14] [INF] Executing dashboard summary query. Filters: DepartmentId=ALL, EmploymentTypeId=ALL, LocationId=ALL. Query: 
        SELECT
            COUNT(*) AS TotalEmployees,
            COALESCE(SUM(CASE WHEN IsActive = 1 THEN 1 ELSE 0 END), 0) AS ActiveEmployees,
            COALESCE(AVG(CAST(Attendance AS DECIMAL(10, 2))), 0) AS AverageAttendance,
            COALESCE(AVG(CAST(Performance AS DECIMAL(10, 2))), 0) AS AveragePerformance
        FROM Employees
        WHERE (@DepartmentId IS NULL OR DepartmentId = @DepartmentId)
          AND (@EmploymentTypeId IS NULL OR EmploymentTypeId = @EmploymentTypeId)
          AND (@LocationId IS NULL OR LocationId = @LocationId)
[2026-09-07 10:56:14] [INF] Dashboard summary query executed. Filters: DepartmentId=ALL, EmploymentTypeId=ALL, LocationId=ALL. Result: TotalEmployees=100000, ActiveEmployees=93334
[2026-09-07 10:56:14] [INF] HTTP GET /api/dashboard/summary responded 200 in 423.1727 ms
[2026-09-07 10:56:14] [INF] GetFilters started
[2026-09-07 10:56:14] [INF] Loaded 5 departments, 4 locations, 4 employment types, 11 skills
[2026-09-07 10:56:14] [INF] GetFilters ended in 26.23 ms
[2026-09-07 10:56:14] [INF] HTTP GET /api/filters responded 200 in 33.3763 ms
[2026-09-07 11:49:13] [INF] HTTP GET /api/employees/paginated responded 401 in 10.2404 ms
[2026-09-07 11:49:13] [INF] Refresh started
[2026-09-07 11:49:13] [INF] Access token refreshed successfully for user 4
[2026-09-07 11:49:13] [INF] Refresh ended in 76.96 ms
[2026-09-07 11:49:13] [INF] HTTP POST /api/auth/refresh responded 200 in 84.4910 ms
[2026-09-07 11:49:13] [INF] Query Executed 
    SELECT
        e.Id,
        e.EmployeeCode,
        e.Name,
        d.Name AS Department,
        et.Name AS EmploymentType,
        l.Name AS Location,
        e.Attendance,
        e.Performance,
        e.ActiveProjects,
        e.ExperienceYears,
        e.Salary,
        e.JoiningYear,
        e.IsActive,
        e.DepartmentId,
        e.EmploymentTypeId,
        e.LocationId
    FROM Employees e
    INNER JOIN Departments d
        ON e.DepartmentId = d.Id
    INNER JOIN Locations l
        ON e.LocationId = l.Id
    INNER JOIN EmploymentTypes et
        ON e.EmploymentTypeId = et.Id
    WHERE (@DepartmentId IS NULL OR e.DepartmentId = @DepartmentId)
      AND (@EmploymentTypeId IS NULL OR e.EmploymentTypeId = @EmploymentTypeId)
      AND (@LocationId IS NULL OR e.LocationId = @LocationId)
        order by e.Id
        OFFSET @offset rows
        FETCH NEXT  @size rows only
        
[2026-09-07 11:49:13] [INF] Fetched 10 employees from page 0 with total 100000
[2026-09-07 11:49:13] [INF] HTTP GET /api/employees/paginated responded 200 in 110.4656 ms
[2026-09-07 11:51:03] [INF] Query Executed 
    SELECT
        e.Id,
        e.EmployeeCode,
        e.Name,
        d.Name AS Department,
        et.Name AS EmploymentType,
        l.Name AS Location,
        e.Attendance,
        e.Performance,
        e.ActiveProjects,
        e.ExperienceYears,
        e.Salary,
        e.JoiningYear,
        e.IsActive,
        e.DepartmentId,
        e.EmploymentTypeId,
        e.LocationId
    FROM Employees e
    INNER JOIN Departments d
        ON e.DepartmentId = d.Id
    INNER JOIN Locations l
        ON e.LocationId = l.Id
    INNER JOIN EmploymentTypes et
        ON e.EmploymentTypeId = et.Id
    WHERE (@DepartmentId IS NULL OR e.DepartmentId = @DepartmentId)
      AND (@EmploymentTypeId IS NULL OR e.EmploymentTypeId = @EmploymentTypeId)
      AND (@LocationId IS NULL OR e.LocationId = @LocationId)
        order by e.Id
        OFFSET @offset rows
        FETCH NEXT  @size rows only
        
[2026-09-07 11:51:03] [INF] Query executed :
        SELECT
            COALESCE(AVG(CAST(e.Attendance AS DECIMAL(10, 2))), 0) AS AverageAttendance,
            COALESCE(MAX(e.Attendance), 0) AS HighestAttendance,
            COALESCE(SUM(CASE WHEN e.Attendance >= 95 THEN 1 ELSE 0 END), 0) AS ExcellentCount,
            COALESCE(SUM(CASE WHEN e.Attendance < 85 THEN 1 ELSE 0 END), 0) AS LowCount
        FROM Employees e
        WHERE (@DepartmentId IS NULL OR e.DepartmentId = @DepartmentId)
          AND (@EmploymentTypeId IS NULL OR e.EmploymentTypeId = @EmploymentTypeId)
          AND (@LocationId IS NULL OR e.LocationId = @LocationId);

        SELECT
            d.Name AS Department,
            COALESCE(AVG(CAST(e.Attendance AS DECIMAL(10, 2))), 0) AS Attendance
        FROM Employees e
        INNER JOIN Departments d ON e.DepartmentId = d.Id
        WHERE (@DepartmentId IS NULL OR e.DepartmentId = @DepartmentId)
          AND (@EmploymentTypeId IS NULL OR e.EmploymentTypeId = @EmploymentTypeId)
          AND (@LocationId IS NULL OR e.LocationId = @LocationId)
        GROUP BY d.Name
[2026-09-07 11:51:03] [INF] Fetched 10 employees from page 0 with total 100000
[2026-09-07 11:51:03] [INF] HTTP GET /api/employees/paginated responded 200 in 122.7887 ms
[2026-09-07 11:51:03] [INF] HTTP GET /api/dashboard/attendance-summary responded 200 in 432.9925 ms
[2026-09-07 11:51:18] [INF] Query executed :
        SELECT
            COALESCE(AVG(CAST(e.Attendance AS DECIMAL(10, 2))), 0) AS AverageAttendance,
            COALESCE(MAX(e.Attendance), 0) AS HighestAttendance,
            COALESCE(SUM(CASE WHEN e.Attendance >= 95 THEN 1 ELSE 0 END), 0) AS ExcellentCount,
            COALESCE(SUM(CASE WHEN e.Attendance < 85 THEN 1 ELSE 0 END), 0) AS LowCount
        FROM Employees e
        WHERE (@DepartmentId IS NULL OR e.DepartmentId = @DepartmentId)
          AND (@EmploymentTypeId IS NULL OR e.EmploymentTypeId = @EmploymentTypeId)
          AND (@LocationId IS NULL OR e.LocationId = @LocationId);

        SELECT
            d.Name AS Department,
            COALESCE(AVG(CAST(e.Attendance AS DECIMAL(10, 2))), 0) AS Attendance
        FROM Employees e
        INNER JOIN Departments d ON e.DepartmentId = d.Id
        WHERE (@DepartmentId IS NULL OR e.DepartmentId = @DepartmentId)
          AND (@EmploymentTypeId IS NULL OR e.EmploymentTypeId = @EmploymentTypeId)
          AND (@LocationId IS NULL OR e.LocationId = @LocationId)
        GROUP BY d.Name
[2026-09-07 11:51:18] [INF] Query Executed 
    SELECT
        e.Id,
        e.EmployeeCode,
        e.Name,
        d.Name AS Department,
        et.Name AS EmploymentType,
        l.Name AS Location,
        e.Attendance,
        e.Performance,
        e.ActiveProjects,
        e.ExperienceYears,
        e.Salary,
        e.JoiningYear,
        e.IsActive,
        e.DepartmentId,
        e.EmploymentTypeId,
        e.LocationId
    FROM Employees e
    INNER JOIN Departments d
        ON e.DepartmentId = d.Id
    INNER JOIN Locations l
        ON e.LocationId = l.Id
    INNER JOIN EmploymentTypes et
        ON e.EmploymentTypeId = et.Id
    WHERE (@DepartmentId IS NULL OR e.DepartmentId = @DepartmentId)
      AND (@EmploymentTypeId IS NULL OR e.EmploymentTypeId = @EmploymentTypeId)
      AND (@LocationId IS NULL OR e.LocationId = @LocationId)
        order by e.Id
        OFFSET @offset rows
        FETCH NEXT  @size rows only
        
[2026-09-07 11:51:19] [INF] Fetched 10 employees from page 0 with total 100000
[2026-09-07 11:51:19] [INF] HTTP GET /api/employees/paginated responded 200 in 152.7262 ms
[2026-09-07 11:51:19] [INF] HTTP GET /api/dashboard/attendance-summary responded 200 in 431.4634 ms
[2026-09-07 11:51:31] [INF] Query executed :
        SELECT
            COALESCE(AVG(CAST(e.Attendance AS DECIMAL(10, 2))), 0) AS AverageAttendance,
            COALESCE(MAX(e.Attendance), 0) AS HighestAttendance,
            COALESCE(SUM(CASE WHEN e.Attendance >= 95 THEN 1 ELSE 0 END), 0) AS ExcellentCount,
            COALESCE(SUM(CASE WHEN e.Attendance < 85 THEN 1 ELSE 0 END), 0) AS LowCount
        FROM Employees e
        WHERE (@DepartmentId IS NULL OR e.DepartmentId = @DepartmentId)
          AND (@EmploymentTypeId IS NULL OR e.EmploymentTypeId = @EmploymentTypeId)
          AND (@LocationId IS NULL OR e.LocationId = @LocationId);

        SELECT
            d.Name AS Department,
            COALESCE(AVG(CAST(e.Attendance AS DECIMAL(10, 2))), 0) AS Attendance
        FROM Employees e
        INNER JOIN Departments d ON e.DepartmentId = d.Id
        WHERE (@DepartmentId IS NULL OR e.DepartmentId = @DepartmentId)
          AND (@EmploymentTypeId IS NULL OR e.EmploymentTypeId = @EmploymentTypeId)
          AND (@LocationId IS NULL OR e.LocationId = @LocationId)
        GROUP BY d.Name
[2026-09-07 11:51:31] [INF] Query Executed 
    SELECT
        e.Id,
        e.EmployeeCode,
        e.Name,
        d.Name AS Department,
        et.Name AS EmploymentType,
        l.Name AS Location,
        e.Attendance,
        e.Performance,
        e.ActiveProjects,
        e.ExperienceYears,
        e.Salary,
        e.JoiningYear,
        e.IsActive,
        e.DepartmentId,
        e.EmploymentTypeId,
        e.LocationId
    FROM Employees e
    INNER JOIN Departments d
        ON e.DepartmentId = d.Id
    INNER JOIN Locations l
        ON e.LocationId = l.Id
    INNER JOIN EmploymentTypes et
        ON e.EmploymentTypeId = et.Id
    WHERE (@DepartmentId IS NULL OR e.DepartmentId = @DepartmentId)
      AND (@EmploymentTypeId IS NULL OR e.EmploymentTypeId = @EmploymentTypeId)
      AND (@LocationId IS NULL OR e.LocationId = @LocationId)
        order by e.Id
        OFFSET @offset rows
        FETCH NEXT  @size rows only
        
[2026-09-07 11:51:31] [INF] Fetched 10 employees from page 0 with total 100000
[2026-09-07 11:51:31] [INF] HTTP GET /api/employees/paginated responded 200 in 36.0629 ms
[2026-09-07 11:51:32] [INF] HTTP GET /api/dashboard/attendance-summary responded 200 in 253.0741 ms
[2026-09-07 11:51:36] [INF] Query executed :
        SELECT
            COALESCE(AVG(CAST(e.Attendance AS DECIMAL(10, 2))), 0) AS AverageAttendance,
            COALESCE(MAX(e.Attendance), 0) AS HighestAttendance,
            COALESCE(SUM(CASE WHEN e.Attendance >= 95 THEN 1 ELSE 0 END), 0) AS ExcellentCount,
            COALESCE(SUM(CASE WHEN e.Attendance < 85 THEN 1 ELSE 0 END), 0) AS LowCount
        FROM Employees e
        WHERE (@DepartmentId IS NULL OR e.DepartmentId = @DepartmentId)
          AND (@EmploymentTypeId IS NULL OR e.EmploymentTypeId = @EmploymentTypeId)
          AND (@LocationId IS NULL OR e.LocationId = @LocationId);

        SELECT
            d.Name AS Department,
            COALESCE(AVG(CAST(e.Attendance AS DECIMAL(10, 2))), 0) AS Attendance
        FROM Employees e
        INNER JOIN Departments d ON e.DepartmentId = d.Id
        WHERE (@DepartmentId IS NULL OR e.DepartmentId = @DepartmentId)
          AND (@EmploymentTypeId IS NULL OR e.EmploymentTypeId = @EmploymentTypeId)
          AND (@LocationId IS NULL OR e.LocationId = @LocationId)
        GROUP BY d.Name
[2026-09-07 11:51:36] [INF] Query Executed 
    SELECT
        e.Id,
        e.EmployeeCode,
        e.Name,
        d.Name AS Department,
        et.Name AS EmploymentType,
        l.Name AS Location,
        e.Attendance,
        e.Performance,
        e.ActiveProjects,
        e.ExperienceYears,
        e.Salary,
        e.JoiningYear,
        e.IsActive,
        e.DepartmentId,
        e.EmploymentTypeId,
        e.LocationId
    FROM Employees e
    INNER JOIN Departments d
        ON e.DepartmentId = d.Id
    INNER JOIN Locations l
        ON e.LocationId = l.Id
    INNER JOIN EmploymentTypes et
        ON e.EmploymentTypeId = et.Id
    WHERE (@DepartmentId IS NULL OR e.DepartmentId = @DepartmentId)
      AND (@EmploymentTypeId IS NULL OR e.EmploymentTypeId = @EmploymentTypeId)
      AND (@LocationId IS NULL OR e.LocationId = @LocationId)
        order by e.Id
        OFFSET @offset rows
        FETCH NEXT  @size rows only
        
[2026-09-07 11:51:37] [INF] Fetched 10 employees from page 0 with total 100000
[2026-09-07 11:51:37] [INF] HTTP GET /api/employees/paginated responded 200 in 95.8801 ms
[2026-09-07 11:51:37] [INF] HTTP GET /api/dashboard/attendance-summary responded 200 in 336.1922 ms
[2026-09-07 11:51:40] [INF] Query executed :
        SELECT
            COALESCE(AVG(CAST(e.Attendance AS DECIMAL(10, 2))), 0) AS AverageAttendance,
            COALESCE(MAX(e.Attendance), 0) AS HighestAttendance,
            COALESCE(SUM(CASE WHEN e.Attendance >= 95 THEN 1 ELSE 0 END), 0) AS ExcellentCount,
            COALESCE(SUM(CASE WHEN e.Attendance < 85 THEN 1 ELSE 0 END), 0) AS LowCount
        FROM Employees e
        WHERE (@DepartmentId IS NULL OR e.DepartmentId = @DepartmentId)
          AND (@EmploymentTypeId IS NULL OR e.EmploymentTypeId = @EmploymentTypeId)
          AND (@LocationId IS NULL OR e.LocationId = @LocationId);

        SELECT
            d.Name AS Department,
            COALESCE(AVG(CAST(e.Attendance AS DECIMAL(10, 2))), 0) AS Attendance
        FROM Employees e
        INNER JOIN Departments d ON e.DepartmentId = d.Id
        WHERE (@DepartmentId IS NULL OR e.DepartmentId = @DepartmentId)
          AND (@EmploymentTypeId IS NULL OR e.EmploymentTypeId = @EmploymentTypeId)
          AND (@LocationId IS NULL OR e.LocationId = @LocationId)
        GROUP BY d.Name
[2026-09-07 11:51:40] [INF] Query Executed 
    SELECT
        e.Id,
        e.EmployeeCode,
        e.Name,
        d.Name AS Department,
        et.Name AS EmploymentType,
        l.Name AS Location,
        e.Attendance,
        e.Performance,
        e.ActiveProjects,
        e.ExperienceYears,
        e.Salary,
        e.JoiningYear,
        e.IsActive,
        e.DepartmentId,
        e.EmploymentTypeId,
        e.LocationId
    FROM Employees e
    INNER JOIN Departments d
        ON e.DepartmentId = d.Id
    INNER JOIN Locations l
        ON e.LocationId = l.Id
    INNER JOIN EmploymentTypes et
        ON e.EmploymentTypeId = et.Id
    WHERE (@DepartmentId IS NULL OR e.DepartmentId = @DepartmentId)
      AND (@EmploymentTypeId IS NULL OR e.EmploymentTypeId = @EmploymentTypeId)
      AND (@LocationId IS NULL OR e.LocationId = @LocationId)
        order by e.Id
        OFFSET @offset rows
        FETCH NEXT  @size rows only
        
[2026-09-07 11:51:41] [INF] Fetched 10 employees from page 0 with total 100000
[2026-09-07 11:51:41] [INF] HTTP GET /api/employees/paginated responded 200 in 95.7987 ms
[2026-09-07 11:51:41] [INF] HTTP GET /api/dashboard/attendance-summary responded 200 in 340.2748 ms
[2026-09-07 11:52:24] [INF] Query executed :
        SELECT
            COALESCE(AVG(CAST(e.Attendance AS DECIMAL(10, 2))), 0) AS AverageAttendance,
            COALESCE(MAX(e.Attendance), 0) AS HighestAttendance,
            COALESCE(SUM(CASE WHEN e.Attendance >= 95 THEN 1 ELSE 0 END), 0) AS ExcellentCount,
            COALESCE(SUM(CASE WHEN e.Attendance < 85 THEN 1 ELSE 0 END), 0) AS LowCount
        FROM Employees e
        WHERE (@DepartmentId IS NULL OR e.DepartmentId = @DepartmentId)
          AND (@EmploymentTypeId IS NULL OR e.EmploymentTypeId = @EmploymentTypeId)
          AND (@LocationId IS NULL OR e.LocationId = @LocationId);

        SELECT
            d.Name AS Department,
            COALESCE(AVG(CAST(e.Attendance AS DECIMAL(10, 2))), 0) AS Attendance
        FROM Employees e
        INNER JOIN Departments d ON e.DepartmentId = d.Id
        WHERE (@DepartmentId IS NULL OR e.DepartmentId = @DepartmentId)
          AND (@EmploymentTypeId IS NULL OR e.EmploymentTypeId = @EmploymentTypeId)
          AND (@LocationId IS NULL OR e.LocationId = @LocationId)
        GROUP BY d.Name
[2026-09-07 11:52:24] [INF] Query Executed 
    SELECT
        e.Id,
        e.EmployeeCode,
        e.Name,
        d.Name AS Department,
        et.Name AS EmploymentType,
        l.Name AS Location,
        e.Attendance,
        e.Performance,
        e.ActiveProjects,
        e.ExperienceYears,
        e.Salary,
        e.JoiningYear,
        e.IsActive,
        e.DepartmentId,
        e.EmploymentTypeId,
        e.LocationId
    FROM Employees e
    INNER JOIN Departments d
        ON e.DepartmentId = d.Id
    INNER JOIN Locations l
        ON e.LocationId = l.Id
    INNER JOIN EmploymentTypes et
        ON e.EmploymentTypeId = et.Id
    WHERE (@DepartmentId IS NULL OR e.DepartmentId = @DepartmentId)
      AND (@EmploymentTypeId IS NULL OR e.EmploymentTypeId = @EmploymentTypeId)
      AND (@LocationId IS NULL OR e.LocationId = @LocationId)
        order by e.Id
        OFFSET @offset rows
        FETCH NEXT  @size rows only
        
[2026-09-07 11:52:25] [INF] Fetched 10 employees from page 0 with total 100000
[2026-09-07 11:52:25] [INF] HTTP GET /api/employees/paginated responded 200 in 101.6051 ms
[2026-09-07 11:52:25] [INF] HTTP GET /api/dashboard/attendance-summary responded 200 in 374.3725 ms
[2026-09-07 11:52:28] [INF] Query executed :
        SELECT
            COALESCE(AVG(CAST(e.Attendance AS DECIMAL(10, 2))), 0) AS AverageAttendance,
            COALESCE(MAX(e.Attendance), 0) AS HighestAttendance,
            COALESCE(SUM(CASE WHEN e.Attendance >= 95 THEN 1 ELSE 0 END), 0) AS ExcellentCount,
            COALESCE(SUM(CASE WHEN e.Attendance < 85 THEN 1 ELSE 0 END), 0) AS LowCount
        FROM Employees e
        WHERE (@DepartmentId IS NULL OR e.DepartmentId = @DepartmentId)
          AND (@EmploymentTypeId IS NULL OR e.EmploymentTypeId = @EmploymentTypeId)
          AND (@LocationId IS NULL OR e.LocationId = @LocationId);

        SELECT
            d.Name AS Department,
            COALESCE(AVG(CAST(e.Attendance AS DECIMAL(10, 2))), 0) AS Attendance
        FROM Employees e
        INNER JOIN Departments d ON e.DepartmentId = d.Id
        WHERE (@DepartmentId IS NULL OR e.DepartmentId = @DepartmentId)
          AND (@EmploymentTypeId IS NULL OR e.EmploymentTypeId = @EmploymentTypeId)
          AND (@LocationId IS NULL OR e.LocationId = @LocationId)
        GROUP BY d.Name
[2026-09-07 11:52:28] [INF] Query Executed 
    SELECT
        e.Id,
        e.EmployeeCode,
        e.Name,
        d.Name AS Department,
        et.Name AS EmploymentType,
        l.Name AS Location,
        e.Attendance,
        e.Performance,
        e.ActiveProjects,
        e.ExperienceYears,
        e.Salary,
        e.JoiningYear,
        e.IsActive,
        e.DepartmentId,
        e.EmploymentTypeId,
        e.LocationId
    FROM Employees e
    INNER JOIN Departments d
        ON e.DepartmentId = d.Id
    INNER JOIN Locations l
        ON e.LocationId = l.Id
    INNER JOIN EmploymentTypes et
        ON e.EmploymentTypeId = et.Id
    WHERE (@DepartmentId IS NULL OR e.DepartmentId = @DepartmentId)
      AND (@EmploymentTypeId IS NULL OR e.EmploymentTypeId = @EmploymentTypeId)
      AND (@LocationId IS NULL OR e.LocationId = @LocationId)
        order by e.Id
        OFFSET @offset rows
        FETCH NEXT  @size rows only
        
[2026-09-07 11:52:28] [INF] Fetched 10 employees from page 0 with total 100000
[2026-09-07 11:52:28] [INF] HTTP GET /api/employees/paginated responded 200 in 42.6768 ms
[2026-09-07 11:52:29] [INF] HTTP GET /api/dashboard/attendance-summary responded 200 in 313.4678 ms
[2026-09-07 11:52:44] [INF] Query executed :
        SELECT
            COALESCE(AVG(CAST(e.Attendance AS DECIMAL(10, 2))), 0) AS AverageAttendance,
            COALESCE(MAX(e.Attendance), 0) AS HighestAttendance,
            COALESCE(SUM(CASE WHEN e.Attendance >= 95 THEN 1 ELSE 0 END), 0) AS ExcellentCount,
            COALESCE(SUM(CASE WHEN e.Attendance < 85 THEN 1 ELSE 0 END), 0) AS LowCount
        FROM Employees e
        WHERE (@DepartmentId IS NULL OR e.DepartmentId = @DepartmentId)
          AND (@EmploymentTypeId IS NULL OR e.EmploymentTypeId = @EmploymentTypeId)
          AND (@LocationId IS NULL OR e.LocationId = @LocationId);

        SELECT
            d.Name AS Department,
            COALESCE(AVG(CAST(e.Attendance AS DECIMAL(10, 2))), 0) AS Attendance
        FROM Employees e
        INNER JOIN Departments d ON e.DepartmentId = d.Id
        WHERE (@DepartmentId IS NULL OR e.DepartmentId = @DepartmentId)
          AND (@EmploymentTypeId IS NULL OR e.EmploymentTypeId = @EmploymentTypeId)
          AND (@LocationId IS NULL OR e.LocationId = @LocationId)
        GROUP BY d.Name
[2026-09-07 11:52:44] [INF] Query Executed 
    SELECT
        e.Id,
        e.EmployeeCode,
        e.Name,
        d.Name AS Department,
        et.Name AS EmploymentType,
        l.Name AS Location,
        e.Attendance,
        e.Performance,
        e.ActiveProjects,
        e.ExperienceYears,
        e.Salary,
        e.JoiningYear,
        e.IsActive,
        e.DepartmentId,
        e.EmploymentTypeId,
        e.LocationId
    FROM Employees e
    INNER JOIN Departments d
        ON e.DepartmentId = d.Id
    INNER JOIN Locations l
        ON e.LocationId = l.Id
    INNER JOIN EmploymentTypes et
        ON e.EmploymentTypeId = et.Id
    WHERE (@DepartmentId IS NULL OR e.DepartmentId = @DepartmentId)
      AND (@EmploymentTypeId IS NULL OR e.EmploymentTypeId = @EmploymentTypeId)
      AND (@LocationId IS NULL OR e.LocationId = @LocationId)
        order by e.Id
        OFFSET @offset rows
        FETCH NEXT  @size rows only
        
[2026-09-07 11:52:45] [INF] Fetched 10 employees from page 0 with total 100000
[2026-09-07 11:52:45] [INF] HTTP GET /api/employees/paginated responded 200 in 101.1898 ms
[2026-09-07 11:52:45] [INF] HTTP GET /api/dashboard/attendance-summary responded 200 in 331.1587 ms
[2026-09-07 11:53:54] [INF] Query executed :
        SELECT
            COALESCE(AVG(CAST(e.Attendance AS DECIMAL(10, 2))), 0) AS AverageAttendance,
            COALESCE(MAX(e.Attendance), 0) AS HighestAttendance,
            COALESCE(SUM(CASE WHEN e.Attendance >= 95 THEN 1 ELSE 0 END), 0) AS ExcellentCount,
            COALESCE(SUM(CASE WHEN e.Attendance < 85 THEN 1 ELSE 0 END), 0) AS LowCount
        FROM Employees e
        WHERE (@DepartmentId IS NULL OR e.DepartmentId = @DepartmentId)
          AND (@EmploymentTypeId IS NULL OR e.EmploymentTypeId = @EmploymentTypeId)
          AND (@LocationId IS NULL OR e.LocationId = @LocationId);

        SELECT
            d.Name AS Department,
            COALESCE(AVG(CAST(e.Attendance AS DECIMAL(10, 2))), 0) AS Attendance
        FROM Employees e
        INNER JOIN Departments d ON e.DepartmentId = d.Id
        WHERE (@DepartmentId IS NULL OR e.DepartmentId = @DepartmentId)
          AND (@EmploymentTypeId IS NULL OR e.EmploymentTypeId = @EmploymentTypeId)
          AND (@LocationId IS NULL OR e.LocationId = @LocationId)
        GROUP BY d.Name
[2026-09-07 11:53:54] [INF] Query Executed 
    SELECT
        e.Id,
        e.EmployeeCode,
        e.Name,
        d.Name AS Department,
        et.Name AS EmploymentType,
        l.Name AS Location,
        e.Attendance,
        e.Performance,
        e.ActiveProjects,
        e.ExperienceYears,
        e.Salary,
        e.JoiningYear,
        e.IsActive,
        e.DepartmentId,
        e.EmploymentTypeId,
        e.LocationId
    FROM Employees e
    INNER JOIN Departments d
        ON e.DepartmentId = d.Id
    INNER JOIN Locations l
        ON e.LocationId = l.Id
    INNER JOIN EmploymentTypes et
        ON e.EmploymentTypeId = et.Id
    WHERE (@DepartmentId IS NULL OR e.DepartmentId = @DepartmentId)
      AND (@EmploymentTypeId IS NULL OR e.EmploymentTypeId = @EmploymentTypeId)
      AND (@LocationId IS NULL OR e.LocationId = @LocationId)
        order by e.Id
        OFFSET @offset rows
        FETCH NEXT  @size rows only
        
[2026-09-07 11:53:55] [INF] Fetched 10 employees from page 0 with total 100000
[2026-09-07 11:53:55] [INF] HTTP GET /api/employees/paginated responded 200 in 103.2660 ms
[2026-09-07 11:53:55] [INF] HTTP GET /api/dashboard/attendance-summary responded 200 in 355.1227 ms
[2026-09-07 11:54:08] [INF] Query Executed 
    SELECT
        e.Id,
        e.EmployeeCode,
        e.Name,
        d.Name AS Department,
        et.Name AS EmploymentType,
        l.Name AS Location,
        e.Attendance,
        e.Performance,
        e.ActiveProjects,
        e.ExperienceYears,
        e.Salary,
        e.JoiningYear,
        e.IsActive,
        e.DepartmentId,
        e.EmploymentTypeId,
        e.LocationId
    FROM Employees e
    INNER JOIN Departments d
        ON e.DepartmentId = d.Id
    INNER JOIN Locations l
        ON e.LocationId = l.Id
    INNER JOIN EmploymentTypes et
        ON e.EmploymentTypeId = et.Id
    WHERE (@DepartmentId IS NULL OR e.DepartmentId = @DepartmentId)
      AND (@EmploymentTypeId IS NULL OR e.EmploymentTypeId = @EmploymentTypeId)
      AND (@LocationId IS NULL OR e.LocationId = @LocationId)
        order by e.Id
        OFFSET @offset rows
        FETCH NEXT  @size rows only
        
[2026-09-07 11:54:08] [INF] Query executed :
        SELECT
            COALESCE(AVG(CAST(e.Attendance AS DECIMAL(10, 2))), 0) AS AverageAttendance,
            COALESCE(MAX(e.Attendance), 0) AS HighestAttendance,
            COALESCE(SUM(CASE WHEN e.Attendance >= 95 THEN 1 ELSE 0 END), 0) AS ExcellentCount,
            COALESCE(SUM(CASE WHEN e.Attendance < 85 THEN 1 ELSE 0 END), 0) AS LowCount
        FROM Employees e
        WHERE (@DepartmentId IS NULL OR e.DepartmentId = @DepartmentId)
          AND (@EmploymentTypeId IS NULL OR e.EmploymentTypeId = @EmploymentTypeId)
          AND (@LocationId IS NULL OR e.LocationId = @LocationId);

        SELECT
            d.Name AS Department,
            COALESCE(AVG(CAST(e.Attendance AS DECIMAL(10, 2))), 0) AS Attendance
        FROM Employees e
        INNER JOIN Departments d ON e.DepartmentId = d.Id
        WHERE (@DepartmentId IS NULL OR e.DepartmentId = @DepartmentId)
          AND (@EmploymentTypeId IS NULL OR e.EmploymentTypeId = @EmploymentTypeId)
          AND (@LocationId IS NULL OR e.LocationId = @LocationId)
        GROUP BY d.Name
[2026-09-07 11:54:09] [INF] Fetched 10 employees from page 0 with total 100000
[2026-09-07 11:54:09] [INF] HTTP GET /api/employees/paginated responded 200 in 45.7902 ms
[2026-09-07 11:54:09] [INF] HTTP GET /api/dashboard/attendance-summary responded 200 in 264.4828 ms
[2026-09-07 11:54:39] [INF] Query executed :
        SELECT
            COALESCE(AVG(CAST(e.Attendance AS DECIMAL(10, 2))), 0) AS AverageAttendance,
            COALESCE(MAX(e.Attendance), 0) AS HighestAttendance,
            COALESCE(SUM(CASE WHEN e.Attendance >= 95 THEN 1 ELSE 0 END), 0) AS ExcellentCount,
            COALESCE(SUM(CASE WHEN e.Attendance < 85 THEN 1 ELSE 0 END), 0) AS LowCount
        FROM Employees e
        WHERE (@DepartmentId IS NULL OR e.DepartmentId = @DepartmentId)
          AND (@EmploymentTypeId IS NULL OR e.EmploymentTypeId = @EmploymentTypeId)
          AND (@LocationId IS NULL OR e.LocationId = @LocationId);

        SELECT
            d.Name AS Department,
            COALESCE(AVG(CAST(e.Attendance AS DECIMAL(10, 2))), 0) AS Attendance
        FROM Employees e
        INNER JOIN Departments d ON e.DepartmentId = d.Id
        WHERE (@DepartmentId IS NULL OR e.DepartmentId = @DepartmentId)
          AND (@EmploymentTypeId IS NULL OR e.EmploymentTypeId = @EmploymentTypeId)
          AND (@LocationId IS NULL OR e.LocationId = @LocationId)
        GROUP BY d.Name
[2026-09-07 11:54:39] [INF] Query Executed 
    SELECT
        e.Id,
        e.EmployeeCode,
        e.Name,
        d.Name AS Department,
        et.Name AS EmploymentType,
        l.Name AS Location,
        e.Attendance,
        e.Performance,
        e.ActiveProjects,
        e.ExperienceYears,
        e.Salary,
        e.JoiningYear,
        e.IsActive,
        e.DepartmentId,
        e.EmploymentTypeId,
        e.LocationId
    FROM Employees e
    INNER JOIN Departments d
        ON e.DepartmentId = d.Id
    INNER JOIN Locations l
        ON e.LocationId = l.Id
    INNER JOIN EmploymentTypes et
        ON e.EmploymentTypeId = et.Id
    WHERE (@DepartmentId IS NULL OR e.DepartmentId = @DepartmentId)
      AND (@EmploymentTypeId IS NULL OR e.EmploymentTypeId = @EmploymentTypeId)
      AND (@LocationId IS NULL OR e.LocationId = @LocationId)
        order by e.Id
        OFFSET @offset rows
        FETCH NEXT  @size rows only
        
[2026-09-07 11:54:40] [INF] Fetched 10 employees from page 0 with total 100000
[2026-09-07 11:54:40] [INF] HTTP GET /api/employees/paginated responded 200 in 99.2137 ms
[2026-09-07 11:54:40] [INF] HTTP GET /api/dashboard/attendance-summary responded 200 in 355.6387 ms
[2026-09-07 11:54:41] [INF] Query executed :
        SELECT
            COALESCE(AVG(CAST(e.Attendance AS DECIMAL(10, 2))), 0) AS AverageAttendance,
            COALESCE(MAX(e.Attendance), 0) AS HighestAttendance,
            COALESCE(SUM(CASE WHEN e.Attendance >= 95 THEN 1 ELSE 0 END), 0) AS ExcellentCount,
            COALESCE(SUM(CASE WHEN e.Attendance < 85 THEN 1 ELSE 0 END), 0) AS LowCount
        FROM Employees e
        WHERE (@DepartmentId IS NULL OR e.DepartmentId = @DepartmentId)
          AND (@EmploymentTypeId IS NULL OR e.EmploymentTypeId = @EmploymentTypeId)
          AND (@LocationId IS NULL OR e.LocationId = @LocationId);

        SELECT
            d.Name AS Department,
            COALESCE(AVG(CAST(e.Attendance AS DECIMAL(10, 2))), 0) AS Attendance
        FROM Employees e
        INNER JOIN Departments d ON e.DepartmentId = d.Id
        WHERE (@DepartmentId IS NULL OR e.DepartmentId = @DepartmentId)
          AND (@EmploymentTypeId IS NULL OR e.EmploymentTypeId = @EmploymentTypeId)
          AND (@LocationId IS NULL OR e.LocationId = @LocationId)
        GROUP BY d.Name
[2026-09-07 11:54:41] [INF] Query Executed 
    SELECT
        e.Id,
        e.EmployeeCode,
        e.Name,
        d.Name AS Department,
        et.Name AS EmploymentType,
        l.Name AS Location,
        e.Attendance,
        e.Performance,
        e.ActiveProjects,
        e.ExperienceYears,
        e.Salary,
        e.JoiningYear,
        e.IsActive,
        e.DepartmentId,
        e.EmploymentTypeId,
        e.LocationId
    FROM Employees e
    INNER JOIN Departments d
        ON e.DepartmentId = d.Id
    INNER JOIN Locations l
        ON e.LocationId = l.Id
    INNER JOIN EmploymentTypes et
        ON e.EmploymentTypeId = et.Id
    WHERE (@DepartmentId IS NULL OR e.DepartmentId = @DepartmentId)
      AND (@EmploymentTypeId IS NULL OR e.EmploymentTypeId = @EmploymentTypeId)
      AND (@LocationId IS NULL OR e.LocationId = @LocationId)
        order by e.Id
        OFFSET @offset rows
        FETCH NEXT  @size rows only
        
[2026-09-07 11:54:41] [INF] Fetched 10 employees from page 0 with total 100000
[2026-09-07 11:54:41] [INF] HTTP GET /api/employees/paginated responded 200 in 34.6750 ms
[2026-09-07 11:54:42] [INF] HTTP GET /api/dashboard/attendance-summary responded 200 in 252.7559 ms
[2026-09-07 11:54:48] [INF] Query executed :
        SELECT
            COALESCE(AVG(CAST(e.Attendance AS DECIMAL(10, 2))), 0) AS AverageAttendance,
            COALESCE(MAX(e.Attendance), 0) AS HighestAttendance,
            COALESCE(SUM(CASE WHEN e.Attendance >= 95 THEN 1 ELSE 0 END), 0) AS ExcellentCount,
            COALESCE(SUM(CASE WHEN e.Attendance < 85 THEN 1 ELSE 0 END), 0) AS LowCount
        FROM Employees e
        WHERE (@DepartmentId IS NULL OR e.DepartmentId = @DepartmentId)
          AND (@EmploymentTypeId IS NULL OR e.EmploymentTypeId = @EmploymentTypeId)
          AND (@LocationId IS NULL OR e.LocationId = @LocationId);

        SELECT
            d.Name AS Department,
            COALESCE(AVG(CAST(e.Attendance AS DECIMAL(10, 2))), 0) AS Attendance
        FROM Employees e
        INNER JOIN Departments d ON e.DepartmentId = d.Id
        WHERE (@DepartmentId IS NULL OR e.DepartmentId = @DepartmentId)
          AND (@EmploymentTypeId IS NULL OR e.EmploymentTypeId = @EmploymentTypeId)
          AND (@LocationId IS NULL OR e.LocationId = @LocationId)
        GROUP BY d.Name
[2026-09-07 11:54:48] [INF] Query Executed 
    SELECT
        e.Id,
        e.EmployeeCode,
        e.Name,
        d.Name AS Department,
        et.Name AS EmploymentType,
        l.Name AS Location,
        e.Attendance,
        e.Performance,
        e.ActiveProjects,
        e.ExperienceYears,
        e.Salary,
        e.JoiningYear,
        e.IsActive,
        e.DepartmentId,
        e.EmploymentTypeId,
        e.LocationId
    FROM Employees e
    INNER JOIN Departments d
        ON e.DepartmentId = d.Id
    INNER JOIN Locations l
        ON e.LocationId = l.Id
    INNER JOIN EmploymentTypes et
        ON e.EmploymentTypeId = et.Id
    WHERE (@DepartmentId IS NULL OR e.DepartmentId = @DepartmentId)
      AND (@EmploymentTypeId IS NULL OR e.EmploymentTypeId = @EmploymentTypeId)
      AND (@LocationId IS NULL OR e.LocationId = @LocationId)
        order by e.Id
        OFFSET @offset rows
        FETCH NEXT  @size rows only
        
[2026-09-07 11:54:48] [INF] Fetched 10 employees from page 0 with total 100000
[2026-09-07 11:54:48] [INF] HTTP GET /api/employees/paginated responded 200 in 34.1444 ms
[2026-09-07 11:54:49] [INF] HTTP GET /api/dashboard/attendance-summary responded 200 in 287.1657 ms
[2026-09-07 11:54:59] [INF] Query executed :
        SELECT
            COALESCE(AVG(CAST(e.Attendance AS DECIMAL(10, 2))), 0) AS AverageAttendance,
            COALESCE(MAX(e.Attendance), 0) AS HighestAttendance,
            COALESCE(SUM(CASE WHEN e.Attendance >= 95 THEN 1 ELSE 0 END), 0) AS ExcellentCount,
            COALESCE(SUM(CASE WHEN e.Attendance < 85 THEN 1 ELSE 0 END), 0) AS LowCount
        FROM Employees e
        WHERE (@DepartmentId IS NULL OR e.DepartmentId = @DepartmentId)
          AND (@EmploymentTypeId IS NULL OR e.EmploymentTypeId = @EmploymentTypeId)
          AND (@LocationId IS NULL OR e.LocationId = @LocationId);

        SELECT
            d.Name AS Department,
            COALESCE(AVG(CAST(e.Attendance AS DECIMAL(10, 2))), 0) AS Attendance
        FROM Employees e
        INNER JOIN Departments d ON e.DepartmentId = d.Id
        WHERE (@DepartmentId IS NULL OR e.DepartmentId = @DepartmentId)
          AND (@EmploymentTypeId IS NULL OR e.EmploymentTypeId = @EmploymentTypeId)
          AND (@LocationId IS NULL OR e.LocationId = @LocationId)
        GROUP BY d.Name
[2026-09-07 11:54:59] [INF] Query Executed 
    SELECT
        e.Id,
        e.EmployeeCode,
        e.Name,
        d.Name AS Department,
        et.Name AS EmploymentType,
        l.Name AS Location,
        e.Attendance,
        e.Performance,
        e.ActiveProjects,
        e.ExperienceYears,
        e.Salary,
        e.JoiningYear,
        e.IsActive,
        e.DepartmentId,
        e.EmploymentTypeId,
        e.LocationId
    FROM Employees e
    INNER JOIN Departments d
        ON e.DepartmentId = d.Id
    INNER JOIN Locations l
        ON e.LocationId = l.Id
    INNER JOIN EmploymentTypes et
        ON e.EmploymentTypeId = et.Id
    WHERE (@DepartmentId IS NULL OR e.DepartmentId = @DepartmentId)
      AND (@EmploymentTypeId IS NULL OR e.EmploymentTypeId = @EmploymentTypeId)
      AND (@LocationId IS NULL OR e.LocationId = @LocationId)
        order by e.Id
        OFFSET @offset rows
        FETCH NEXT  @size rows only
        
[2026-09-07 11:55:00] [INF] Fetched 10 employees from page 0 with total 100000
[2026-09-07 11:55:00] [INF] HTTP GET /api/employees/paginated responded 200 in 98.8367 ms
[2026-09-07 11:55:00] [INF] HTTP GET /api/dashboard/attendance-summary responded 200 in 383.0136 ms
[2026-09-07 11:57:58] [INF] Query executed :
        SELECT
            COALESCE(SUM(e.ActiveProjects), 0) AS TotalProjects,
            COALESCE(AVG(CAST(e.ActiveProjects AS DECIMAL(10, 2))), 0) AS AverageProjects,
            COALESCE(SUM(CASE WHEN e.IsActive = 1 THEN 1 ELSE 0 END), 0) AS ActiveEmployees,
            COALESCE(MAX(e.ActiveProjects), 0) AS HighestProjects
        FROM Employees e
        WHERE (@DepartmentId IS NULL OR e.DepartmentId = @DepartmentId)
          AND (@EmploymentTypeId IS NULL OR e.EmploymentTypeId = @EmploymentTypeId)
          AND (@LocationId IS NULL OR e.LocationId = @LocationId);

        SELECT
            d.Name AS Department,
            COALESCE(SUM(e.ActiveProjects), 0) AS Projects
        FROM Employees e
        INNER JOIN Departments d ON e.DepartmentId = d.Id
        WHERE (@DepartmentId IS NULL OR e.DepartmentId = @DepartmentId)
          AND (@EmploymentTypeId IS NULL OR e.EmploymentTypeId = @EmploymentTypeId)
          AND (@LocationId IS NULL OR e.LocationId = @LocationId)
        GROUP BY d.Name
[2026-09-07 11:57:58] [INF] Query executed :
    SELECT
        e.Id,
        e.EmployeeCode,
        e.Name,
        d.Name AS Department,
        et.Name AS EmploymentType,
        l.Name AS Location,
        e.Attendance,
        e.Performance,
        e.ActiveProjects,
        e.ExperienceYears,
        e.Salary,
        e.JoiningYear,
        e.IsActive,
        e.DepartmentId,
        e.EmploymentTypeId,
        e.LocationId
    FROM Employees e
    INNER JOIN Departments d ON e.DepartmentId = d.Id
    INNER JOIN Locations l ON e.LocationId = l.Id
    INNER JOIN EmploymentTypes et ON e.EmploymentTypeId = et.Id
    WHERE (@DepartmentId IS NULL OR e.DepartmentId = @DepartmentId)
      AND (@EmploymentTypeId IS NULL OR e.EmploymentTypeId = @EmploymentTypeId)
      AND (@LocationId IS NULL OR e.LocationId = @LocationId)
    ORDER BY e.ActiveProjects DESC, e.Id
    OFFSET @offset ROWS FETCH NEXT @size ROWS ONLY
[2026-09-07 11:57:58] [INF] HTTP GET /api/dashboard/projects-summary responded 200 in 345.9888 ms
[2026-09-07 11:57:59] [INF] Fetched 10 top contributors from page 0 with total 100000
[2026-09-07 11:57:59] [INF] HTTP GET /api/employees/top-contributors responded 200 in 584.9294 ms
[2026-09-07 11:58:11] [INF] Query executed :
        SELECT
            COALESCE(SUM(e.ActiveProjects), 0) AS TotalProjects,
            COALESCE(AVG(CAST(e.ActiveProjects AS DECIMAL(10, 2))), 0) AS AverageProjects,
            COALESCE(SUM(CASE WHEN e.IsActive = 1 THEN 1 ELSE 0 END), 0) AS ActiveEmployees,
            COALESCE(MAX(e.ActiveProjects), 0) AS HighestProjects
        FROM Employees e
        WHERE (@DepartmentId IS NULL OR e.DepartmentId = @DepartmentId)
          AND (@EmploymentTypeId IS NULL OR e.EmploymentTypeId = @EmploymentTypeId)
          AND (@LocationId IS NULL OR e.LocationId = @LocationId);

        SELECT
            d.Name AS Department,
            COALESCE(SUM(e.ActiveProjects), 0) AS Projects
        FROM Employees e
        INNER JOIN Departments d ON e.DepartmentId = d.Id
        WHERE (@DepartmentId IS NULL OR e.DepartmentId = @DepartmentId)
          AND (@EmploymentTypeId IS NULL OR e.EmploymentTypeId = @EmploymentTypeId)
          AND (@LocationId IS NULL OR e.LocationId = @LocationId)
        GROUP BY d.Name
[2026-09-07 11:58:11] [INF] Query executed :
    SELECT
        e.Id,
        e.EmployeeCode,
        e.Name,
        d.Name AS Department,
        et.Name AS EmploymentType,
        l.Name AS Location,
        e.Attendance,
        e.Performance,
        e.ActiveProjects,
        e.ExperienceYears,
        e.Salary,
        e.JoiningYear,
        e.IsActive,
        e.DepartmentId,
        e.EmploymentTypeId,
        e.LocationId
    FROM Employees e
    INNER JOIN Departments d ON e.DepartmentId = d.Id
    INNER JOIN Locations l ON e.LocationId = l.Id
    INNER JOIN EmploymentTypes et ON e.EmploymentTypeId = et.Id
    WHERE (@DepartmentId IS NULL OR e.DepartmentId = @DepartmentId)
      AND (@EmploymentTypeId IS NULL OR e.EmploymentTypeId = @EmploymentTypeId)
      AND (@LocationId IS NULL OR e.LocationId = @LocationId)
    ORDER BY e.ActiveProjects DESC, e.Id
    OFFSET @offset ROWS FETCH NEXT @size ROWS ONLY
[2026-09-07 11:58:11] [INF] HTTP GET /api/dashboard/projects-summary responded 200 in 395.6511 ms
[2026-09-07 11:58:11] [INF] Fetched 10 top contributors from page 0 with total 100000
[2026-09-07 11:58:11] [INF] HTTP GET /api/employees/top-contributors responded 200 in 605.8658 ms
[2026-09-07 11:58:19] [INF] Query executed :
        SELECT
            COALESCE(SUM(e.ActiveProjects), 0) AS TotalProjects,
            COALESCE(AVG(CAST(e.ActiveProjects AS DECIMAL(10, 2))), 0) AS AverageProjects,
            COALESCE(SUM(CASE WHEN e.IsActive = 1 THEN 1 ELSE 0 END), 0) AS ActiveEmployees,
            COALESCE(MAX(e.ActiveProjects), 0) AS HighestProjects
        FROM Employees e
        WHERE (@DepartmentId IS NULL OR e.DepartmentId = @DepartmentId)
          AND (@EmploymentTypeId IS NULL OR e.EmploymentTypeId = @EmploymentTypeId)
          AND (@LocationId IS NULL OR e.LocationId = @LocationId);

        SELECT
            d.Name AS Department,
            COALESCE(SUM(e.ActiveProjects), 0) AS Projects
        FROM Employees e
        INNER JOIN Departments d ON e.DepartmentId = d.Id
        WHERE (@DepartmentId IS NULL OR e.DepartmentId = @DepartmentId)
          AND (@EmploymentTypeId IS NULL OR e.EmploymentTypeId = @EmploymentTypeId)
          AND (@LocationId IS NULL OR e.LocationId = @LocationId)
        GROUP BY d.Name
[2026-09-07 11:58:19] [INF] Query executed :
    SELECT
        e.Id,
        e.EmployeeCode,
        e.Name,
        d.Name AS Department,
        et.Name AS EmploymentType,
        l.Name AS Location,
        e.Attendance,
        e.Performance,
        e.ActiveProjects,
        e.ExperienceYears,
        e.Salary,
        e.JoiningYear,
        e.IsActive,
        e.DepartmentId,
        e.EmploymentTypeId,
        e.LocationId
    FROM Employees e
    INNER JOIN Departments d ON e.DepartmentId = d.Id
    INNER JOIN Locations l ON e.LocationId = l.Id
    INNER JOIN EmploymentTypes et ON e.EmploymentTypeId = et.Id
    WHERE (@DepartmentId IS NULL OR e.DepartmentId = @DepartmentId)
      AND (@EmploymentTypeId IS NULL OR e.EmploymentTypeId = @EmploymentTypeId)
      AND (@LocationId IS NULL OR e.LocationId = @LocationId)
    ORDER BY e.ActiveProjects DESC, e.Id
    OFFSET @offset ROWS FETCH NEXT @size ROWS ONLY
[2026-09-07 11:58:19] [INF] HTTP GET /api/dashboard/projects-summary responded 200 in 329.4825 ms
[2026-09-07 11:58:19] [INF] Fetched 10 top contributors from page 0 with total 100000
[2026-09-07 11:58:19] [INF] HTTP GET /api/employees/top-contributors responded 200 in 567.2626 ms
[2026-09-07 11:58:35] [INF] Query executed :
        SELECT
            COALESCE(SUM(e.ActiveProjects), 0) AS TotalProjects,
            COALESCE(AVG(CAST(e.ActiveProjects AS DECIMAL(10, 2))), 0) AS AverageProjects,
            COALESCE(SUM(CASE WHEN e.IsActive = 1 THEN 1 ELSE 0 END), 0) AS ActiveEmployees,
            COALESCE(MAX(e.ActiveProjects), 0) AS HighestProjects
        FROM Employees e
        WHERE (@DepartmentId IS NULL OR e.DepartmentId = @DepartmentId)
          AND (@EmploymentTypeId IS NULL OR e.EmploymentTypeId = @EmploymentTypeId)
          AND (@LocationId IS NULL OR e.LocationId = @LocationId);

        SELECT
            d.Name AS Department,
            COALESCE(SUM(e.ActiveProjects), 0) AS Projects
        FROM Employees e
        INNER JOIN Departments d ON e.DepartmentId = d.Id
        WHERE (@DepartmentId IS NULL OR e.DepartmentId = @DepartmentId)
          AND (@EmploymentTypeId IS NULL OR e.EmploymentTypeId = @EmploymentTypeId)
          AND (@LocationId IS NULL OR e.LocationId = @LocationId)
        GROUP BY d.Name
[2026-09-07 11:58:35] [INF] Query executed :
    SELECT
        e.Id,
        e.EmployeeCode,
        e.Name,
        d.Name AS Department,
        et.Name AS EmploymentType,
        l.Name AS Location,
        e.Attendance,
        e.Performance,
        e.ActiveProjects,
        e.ExperienceYears,
        e.Salary,
        e.JoiningYear,
        e.IsActive,
        e.DepartmentId,
        e.EmploymentTypeId,
        e.LocationId
    FROM Employees e
    INNER JOIN Departments d ON e.DepartmentId = d.Id
    INNER JOIN Locations l ON e.LocationId = l.Id
    INNER JOIN EmploymentTypes et ON e.EmploymentTypeId = et.Id
    WHERE (@DepartmentId IS NULL OR e.DepartmentId = @DepartmentId)
      AND (@EmploymentTypeId IS NULL OR e.EmploymentTypeId = @EmploymentTypeId)
      AND (@LocationId IS NULL OR e.LocationId = @LocationId)
    ORDER BY e.ActiveProjects DESC, e.Id
    OFFSET @offset ROWS FETCH NEXT @size ROWS ONLY
[2026-09-07 11:58:35] [INF] HTTP GET /api/dashboard/projects-summary responded 200 in 233.0253 ms
[2026-09-07 11:58:35] [INF] Fetched 10 top contributors from page 0 with total 100000
[2026-09-07 11:58:35] [INF] HTTP GET /api/employees/top-contributors responded 200 in 343.4570 ms
[2026-09-07 11:58:37] [INF] Query executed :
        SELECT
            COALESCE(SUM(e.ActiveProjects), 0) AS TotalProjects,
            COALESCE(AVG(CAST(e.ActiveProjects AS DECIMAL(10, 2))), 0) AS AverageProjects,
            COALESCE(SUM(CASE WHEN e.IsActive = 1 THEN 1 ELSE 0 END), 0) AS ActiveEmployees,
            COALESCE(MAX(e.ActiveProjects), 0) AS HighestProjects
        FROM Employees e
        WHERE (@DepartmentId IS NULL OR e.DepartmentId = @DepartmentId)
          AND (@EmploymentTypeId IS NULL OR e.EmploymentTypeId = @EmploymentTypeId)
          AND (@LocationId IS NULL OR e.LocationId = @LocationId);

        SELECT
            d.Name AS Department,
            COALESCE(SUM(e.ActiveProjects), 0) AS Projects
        FROM Employees e
        INNER JOIN Departments d ON e.DepartmentId = d.Id
        WHERE (@DepartmentId IS NULL OR e.DepartmentId = @DepartmentId)
          AND (@EmploymentTypeId IS NULL OR e.EmploymentTypeId = @EmploymentTypeId)
          AND (@LocationId IS NULL OR e.LocationId = @LocationId)
        GROUP BY d.Name
[2026-09-07 11:58:37] [INF] Query executed :
    SELECT
        e.Id,
        e.EmployeeCode,
        e.Name,
        d.Name AS Department,
        et.Name AS EmploymentType,
        l.Name AS Location,
        e.Attendance,
        e.Performance,
        e.ActiveProjects,
        e.ExperienceYears,
        e.Salary,
        e.JoiningYear,
        e.IsActive,
        e.DepartmentId,
        e.EmploymentTypeId,
        e.LocationId
    FROM Employees e
    INNER JOIN Departments d ON e.DepartmentId = d.Id
    INNER JOIN Locations l ON e.LocationId = l.Id
    INNER JOIN EmploymentTypes et ON e.EmploymentTypeId = et.Id
    WHERE (@DepartmentId IS NULL OR e.DepartmentId = @DepartmentId)
      AND (@EmploymentTypeId IS NULL OR e.EmploymentTypeId = @EmploymentTypeId)
      AND (@LocationId IS NULL OR e.LocationId = @LocationId)
    ORDER BY e.ActiveProjects DESC, e.Id
    OFFSET @offset ROWS FETCH NEXT @size ROWS ONLY
[2026-09-07 11:58:37] [INF] HTTP GET /api/dashboard/projects-summary responded 200 in 286.9746 ms
[2026-09-07 11:58:37] [INF] Fetched 10 top contributors from page 0 with total 100000
[2026-09-07 11:58:37] [INF] HTTP GET /api/employees/top-contributors responded 200 in 495.8852 ms
[2026-09-07 11:58:45] [INF] Query executed :
        SELECT
            COALESCE(SUM(e.ActiveProjects), 0) AS TotalProjects,
            COALESCE(AVG(CAST(e.ActiveProjects AS DECIMAL(10, 2))), 0) AS AverageProjects,
            COALESCE(SUM(CASE WHEN e.IsActive = 1 THEN 1 ELSE 0 END), 0) AS ActiveEmployees,
            COALESCE(MAX(e.ActiveProjects), 0) AS HighestProjects
        FROM Employees e
        WHERE (@DepartmentId IS NULL OR e.DepartmentId = @DepartmentId)
          AND (@EmploymentTypeId IS NULL OR e.EmploymentTypeId = @EmploymentTypeId)
          AND (@LocationId IS NULL OR e.LocationId = @LocationId);

        SELECT
            d.Name AS Department,
            COALESCE(SUM(e.ActiveProjects), 0) AS Projects
        FROM Employees e
        INNER JOIN Departments d ON e.DepartmentId = d.Id
        WHERE (@DepartmentId IS NULL OR e.DepartmentId = @DepartmentId)
          AND (@EmploymentTypeId IS NULL OR e.EmploymentTypeId = @EmploymentTypeId)
          AND (@LocationId IS NULL OR e.LocationId = @LocationId)
        GROUP BY d.Name
[2026-09-07 11:58:45] [INF] Query executed :
    SELECT
        e.Id,
        e.EmployeeCode,
        e.Name,
        d.Name AS Department,
        et.Name AS EmploymentType,
        l.Name AS Location,
        e.Attendance,
        e.Performance,
        e.ActiveProjects,
        e.ExperienceYears,
        e.Salary,
        e.JoiningYear,
        e.IsActive,
        e.DepartmentId,
        e.EmploymentTypeId,
        e.LocationId
    FROM Employees e
    INNER JOIN Departments d ON e.DepartmentId = d.Id
    INNER JOIN Locations l ON e.LocationId = l.Id
    INNER JOIN EmploymentTypes et ON e.EmploymentTypeId = et.Id
    WHERE (@DepartmentId IS NULL OR e.DepartmentId = @DepartmentId)
      AND (@EmploymentTypeId IS NULL OR e.EmploymentTypeId = @EmploymentTypeId)
      AND (@LocationId IS NULL OR e.LocationId = @LocationId)
    ORDER BY e.ActiveProjects DESC, e.Id
    OFFSET @offset ROWS FETCH NEXT @size ROWS ONLY
[2026-09-07 11:58:45] [INF] HTTP GET /api/dashboard/projects-summary responded 200 in 282.9458 ms
[2026-09-07 11:58:45] [INF] Fetched 10 top contributors from page 0 with total 100000
[2026-09-07 11:58:45] [INF] HTTP GET /api/employees/top-contributors responded 200 in 472.1623 ms
[2026-09-07 12:02:45] [INF] Query executed :
        SELECT
            COALESCE(SUM(e.ActiveProjects), 0) AS TotalProjects,
            COALESCE(AVG(CAST(e.ActiveProjects AS DECIMAL(10, 2))), 0) AS AverageProjects,
            COALESCE(SUM(CASE WHEN e.IsActive = 1 THEN 1 ELSE 0 END), 0) AS ActiveEmployees,
            COALESCE(MAX(e.ActiveProjects), 0) AS HighestProjects
        FROM Employees e
        WHERE (@DepartmentId IS NULL OR e.DepartmentId = @DepartmentId)
          AND (@EmploymentTypeId IS NULL OR e.EmploymentTypeId = @EmploymentTypeId)
          AND (@LocationId IS NULL OR e.LocationId = @LocationId);

        SELECT
            d.Name AS Department,
            COALESCE(SUM(e.ActiveProjects), 0) AS Projects
        FROM Employees e
        INNER JOIN Departments d ON e.DepartmentId = d.Id
        WHERE (@DepartmentId IS NULL OR e.DepartmentId = @DepartmentId)
          AND (@EmploymentTypeId IS NULL OR e.EmploymentTypeId = @EmploymentTypeId)
          AND (@LocationId IS NULL OR e.LocationId = @LocationId)
        GROUP BY d.Name
[2026-09-07 12:02:45] [INF] Query executed :
    SELECT
        e.Id,
        e.EmployeeCode,
        e.Name,
        d.Name AS Department,
        et.Name AS EmploymentType,
        l.Name AS Location,
        e.Attendance,
        e.Performance,
        e.ActiveProjects,
        e.ExperienceYears,
        e.Salary,
        e.JoiningYear,
        e.IsActive,
        e.DepartmentId,
        e.EmploymentTypeId,
        e.LocationId
    FROM Employees e
    INNER JOIN Departments d ON e.DepartmentId = d.Id
    INNER JOIN Locations l ON e.LocationId = l.Id
    INNER JOIN EmploymentTypes et ON e.EmploymentTypeId = et.Id
    WHERE (@DepartmentId IS NULL OR e.DepartmentId = @DepartmentId)
      AND (@EmploymentTypeId IS NULL OR e.EmploymentTypeId = @EmploymentTypeId)
      AND (@LocationId IS NULL OR e.LocationId = @LocationId)
    ORDER BY e.ActiveProjects DESC, e.Id
    OFFSET @offset ROWS FETCH NEXT @size ROWS ONLY
[2026-09-07 12:02:45] [INF] HTTP GET /api/dashboard/projects-summary responded 200 in 291.5183 ms
[2026-09-07 12:02:45] [INF] Fetched 10 top contributors from page 0 with total 100000
[2026-09-07 12:02:45] [INF] HTTP GET /api/employees/top-contributors responded 200 in 524.5355 ms
[2026-09-07 12:31:44] [INF] HTTP GET /api/dashboard/projects-summary responded 401 in 2.5788 ms
[2026-09-07 12:31:44] [INF] HTTP GET /api/employees/top-contributors responded 401 in 1.3913 ms
[2026-09-07 12:31:44] [INF] Refresh started
[2026-09-07 12:31:44] [INF] Access token refreshed successfully for user 4
[2026-09-07 12:31:44] [INF] Refresh ended in 210.81 ms
[2026-09-07 12:31:44] [INF] HTTP POST /api/auth/refresh responded 200 in 211.9356 ms
[2026-09-07 12:31:44] [INF] Query executed :
        SELECT
            COALESCE(SUM(e.ActiveProjects), 0) AS TotalProjects,
            COALESCE(AVG(CAST(e.ActiveProjects AS DECIMAL(10, 2))), 0) AS AverageProjects,
            COALESCE(SUM(CASE WHEN e.IsActive = 1 THEN 1 ELSE 0 END), 0) AS ActiveEmployees,
            COALESCE(MAX(e.ActiveProjects), 0) AS HighestProjects
        FROM Employees e
        WHERE (@DepartmentId IS NULL OR e.DepartmentId = @DepartmentId)
          AND (@EmploymentTypeId IS NULL OR e.EmploymentTypeId = @EmploymentTypeId)
          AND (@LocationId IS NULL OR e.LocationId = @LocationId);

        SELECT
            d.Name AS Department,
            COALESCE(SUM(e.ActiveProjects), 0) AS Projects
        FROM Employees e
        INNER JOIN Departments d ON e.DepartmentId = d.Id
        WHERE (@DepartmentId IS NULL OR e.DepartmentId = @DepartmentId)
          AND (@EmploymentTypeId IS NULL OR e.EmploymentTypeId = @EmploymentTypeId)
          AND (@LocationId IS NULL OR e.LocationId = @LocationId)
        GROUP BY d.Name
[2026-09-07 12:31:44] [INF] Query executed :
    SELECT
        e.Id,
        e.EmployeeCode,
        e.Name,
        d.Name AS Department,
        et.Name AS EmploymentType,
        l.Name AS Location,
        e.Attendance,
        e.Performance,
        e.ActiveProjects,
        e.ExperienceYears,
        e.Salary,
        e.JoiningYear,
        e.IsActive,
        e.DepartmentId,
        e.EmploymentTypeId,
        e.LocationId
    FROM Employees e
    INNER JOIN Departments d ON e.DepartmentId = d.Id
    INNER JOIN Locations l ON e.LocationId = l.Id
    INNER JOIN EmploymentTypes et ON e.EmploymentTypeId = et.Id
    WHERE (@DepartmentId IS NULL OR e.DepartmentId = @DepartmentId)
      AND (@EmploymentTypeId IS NULL OR e.EmploymentTypeId = @EmploymentTypeId)
      AND (@LocationId IS NULL OR e.LocationId = @LocationId)
    ORDER BY e.ActiveProjects DESC, e.Id
    OFFSET @offset ROWS FETCH NEXT @size ROWS ONLY
[2026-09-07 12:31:45] [INF] HTTP GET /api/dashboard/projects-summary responded 200 in 328.7650 ms
[2026-09-07 12:31:45] [INF] Fetched 10 top contributors from page 0 with total 100000
[2026-09-07 12:31:45] [INF] HTTP GET /api/employees/top-contributors responded 200 in 505.4524 ms
[2026-09-07 12:31:54] [INF] Query executed :
    SELECT
        e.Id,
        e.EmployeeCode,
        e.Name,
        d.Name AS Department,
        et.Name AS EmploymentType,
        l.Name AS Location,
        e.Attendance,
        e.Performance,
        e.ActiveProjects,
        e.ExperienceYears,
        e.Salary,
        e.JoiningYear,
        e.IsActive,
        e.DepartmentId,
        e.EmploymentTypeId,
        e.LocationId
    FROM Employees e
    INNER JOIN Departments d ON e.DepartmentId = d.Id
    INNER JOIN Locations l ON e.LocationId = l.Id
    INNER JOIN EmploymentTypes et ON e.EmploymentTypeId = et.Id
    WHERE (@DepartmentId IS NULL OR e.DepartmentId = @DepartmentId)
      AND (@EmploymentTypeId IS NULL OR e.EmploymentTypeId = @EmploymentTypeId)
      AND (@LocationId IS NULL OR e.LocationId = @LocationId)
    ORDER BY e.ActiveProjects DESC, e.Id
    OFFSET @offset ROWS FETCH NEXT @size ROWS ONLY
[2026-09-07 12:31:54] [INF] Fetched 10 top contributors from page 70 with total 100000
[2026-09-07 12:31:54] [INF] HTTP GET /api/employees/top-contributors responded 200 in 319.8865 ms
[2026-09-07 12:31:55] [INF] Query executed :
    SELECT
        e.Id,
        e.EmployeeCode,
        e.Name,
        d.Name AS Department,
        et.Name AS EmploymentType,
        l.Name AS Location,
        e.Attendance,
        e.Performance,
        e.ActiveProjects,
        e.ExperienceYears,
        e.Salary,
        e.JoiningYear,
        e.IsActive,
        e.DepartmentId,
        e.EmploymentTypeId,
        e.LocationId
    FROM Employees e
    INNER JOIN Departments d ON e.DepartmentId = d.Id
    INNER JOIN Locations l ON e.LocationId = l.Id
    INNER JOIN EmploymentTypes et ON e.EmploymentTypeId = et.Id
    WHERE (@DepartmentId IS NULL OR e.DepartmentId = @DepartmentId)
      AND (@EmploymentTypeId IS NULL OR e.EmploymentTypeId = @EmploymentTypeId)
      AND (@LocationId IS NULL OR e.LocationId = @LocationId)
    ORDER BY e.ActiveProjects DESC, e.Id
    OFFSET @offset ROWS FETCH NEXT @size ROWS ONLY
[2026-09-07 12:31:55] [INF] Fetched 10 top contributors from page 100 with total 100000
[2026-09-07 12:31:55] [INF] HTTP GET /api/employees/top-contributors responded 200 in 345.5316 ms
[2026-09-07 12:31:56] [INF] Query executed :
    SELECT
        e.Id,
        e.EmployeeCode,
        e.Name,
        d.Name AS Department,
        et.Name AS EmploymentType,
        l.Name AS Location,
        e.Attendance,
        e.Performance,
        e.ActiveProjects,
        e.ExperienceYears,
        e.Salary,
        e.JoiningYear,
        e.IsActive,
        e.DepartmentId,
        e.EmploymentTypeId,
        e.LocationId
    FROM Employees e
    INNER JOIN Departments d ON e.DepartmentId = d.Id
    INNER JOIN Locations l ON e.LocationId = l.Id
    INNER JOIN EmploymentTypes et ON e.EmploymentTypeId = et.Id
    WHERE (@DepartmentId IS NULL OR e.DepartmentId = @DepartmentId)
      AND (@EmploymentTypeId IS NULL OR e.EmploymentTypeId = @EmploymentTypeId)
      AND (@LocationId IS NULL OR e.LocationId = @LocationId)
    ORDER BY e.ActiveProjects DESC, e.Id
    OFFSET @offset ROWS FETCH NEXT @size ROWS ONLY
[2026-09-07 12:31:56] [INF] Fetched 10 top contributors from page 190 with total 100000
[2026-09-07 12:31:56] [INF] HTTP GET /api/employees/top-contributors responded 200 in 345.8975 ms
[2026-09-07 12:31:58] [INF] Query executed :
    SELECT
        e.Id,
        e.EmployeeCode,
        e.Name,
        d.Name AS Department,
        et.Name AS EmploymentType,
        l.Name AS Location,
        e.Attendance,
        e.Performance,
        e.ActiveProjects,
        e.ExperienceYears,
        e.Salary,
        e.JoiningYear,
        e.IsActive,
        e.DepartmentId,
        e.EmploymentTypeId,
        e.LocationId
    FROM Employees e
    INNER JOIN Departments d ON e.DepartmentId = d.Id
    INNER JOIN Locations l ON e.LocationId = l.Id
    INNER JOIN EmploymentTypes et ON e.EmploymentTypeId = et.Id
    WHERE (@DepartmentId IS NULL OR e.DepartmentId = @DepartmentId)
      AND (@EmploymentTypeId IS NULL OR e.EmploymentTypeId = @EmploymentTypeId)
      AND (@LocationId IS NULL OR e.LocationId = @LocationId)
    ORDER BY e.ActiveProjects DESC, e.Id
    OFFSET @offset ROWS FETCH NEXT @size ROWS ONLY
[2026-09-07 12:31:58] [INF] Fetched 10 top contributors from page 200 with total 100000
[2026-09-07 12:31:58] [INF] HTTP GET /api/employees/top-contributors responded 200 in 358.3049 ms
[2026-09-07 12:32:00] [INF] Query executed :
    SELECT
        e.Id,
        e.EmployeeCode,
        e.Name,
        d.Name AS Department,
        et.Name AS EmploymentType,
        l.Name AS Location,
        e.Attendance,
        e.Performance,
        e.ActiveProjects,
        e.ExperienceYears,
        e.Salary,
        e.JoiningYear,
        e.IsActive,
        e.DepartmentId,
        e.EmploymentTypeId,
        e.LocationId
    FROM Employees e
    INNER JOIN Departments d ON e.DepartmentId = d.Id
    INNER JOIN Locations l ON e.LocationId = l.Id
    INNER JOIN EmploymentTypes et ON e.EmploymentTypeId = et.Id
    WHERE (@DepartmentId IS NULL OR e.DepartmentId = @DepartmentId)
      AND (@EmploymentTypeId IS NULL OR e.EmploymentTypeId = @EmploymentTypeId)
      AND (@LocationId IS NULL OR e.LocationId = @LocationId)
    ORDER BY e.ActiveProjects DESC, e.Id
    OFFSET @offset ROWS FETCH NEXT @size ROWS ONLY
[2026-09-07 12:32:00] [INF] Fetched 10 top contributors from page 300 with total 100000
[2026-09-07 12:32:00] [INF] HTTP GET /api/employees/top-contributors responded 200 in 338.7973 ms
[2026-09-07 12:32:00] [INF] Query executed :
    SELECT
        e.Id,
        e.EmployeeCode,
        e.Name,
        d.Name AS Department,
        et.Name AS EmploymentType,
        l.Name AS Location,
        e.Attendance,
        e.Performance,
        e.ActiveProjects,
        e.ExperienceYears,
        e.Salary,
        e.JoiningYear,
        e.IsActive,
        e.DepartmentId,
        e.EmploymentTypeId,
        e.LocationId
    FROM Employees e
    INNER JOIN Departments d ON e.DepartmentId = d.Id
    INNER JOIN Locations l ON e.LocationId = l.Id
    INNER JOIN EmploymentTypes et ON e.EmploymentTypeId = et.Id
    WHERE (@DepartmentId IS NULL OR e.DepartmentId = @DepartmentId)
      AND (@EmploymentTypeId IS NULL OR e.EmploymentTypeId = @EmploymentTypeId)
      AND (@LocationId IS NULL OR e.LocationId = @LocationId)
    ORDER BY e.ActiveProjects DESC, e.Id
    OFFSET @offset ROWS FETCH NEXT @size ROWS ONLY
[2026-09-07 12:32:00] [INF] Query executed :
    SELECT
        e.Id,
        e.EmployeeCode,
        e.Name,
        d.Name AS Department,
        et.Name AS EmploymentType,
        l.Name AS Location,
        e.Attendance,
        e.Performance,
        e.ActiveProjects,
        e.ExperienceYears,
        e.Salary,
        e.JoiningYear,
        e.IsActive,
        e.DepartmentId,
        e.EmploymentTypeId,
        e.LocationId
    FROM Employees e
    INNER JOIN Departments d ON e.DepartmentId = d.Id
    INNER JOIN Locations l ON e.LocationId = l.Id
    INNER JOIN EmploymentTypes et ON e.EmploymentTypeId = et.Id
    WHERE (@DepartmentId IS NULL OR e.DepartmentId = @DepartmentId)
      AND (@EmploymentTypeId IS NULL OR e.EmploymentTypeId = @EmploymentTypeId)
      AND (@LocationId IS NULL OR e.LocationId = @LocationId)
    ORDER BY e.ActiveProjects DESC, e.Id
    OFFSET @offset ROWS FETCH NEXT @size ROWS ONLY
[2026-09-07 12:32:00] [INF] Fetched 10 top contributors from page 400 with total 100000
[2026-09-07 12:32:00] [INF] HTTP GET /api/employees/top-contributors responded 200 in 328.7252 ms
[2026-09-07 12:32:00] [INF] Query executed :
    SELECT
        e.Id,
        e.EmployeeCode,
        e.Name,
        d.Name AS Department,
        et.Name AS EmploymentType,
        l.Name AS Location,
        e.Attendance,
        e.Performance,
        e.ActiveProjects,
        e.ExperienceYears,
        e.Salary,
        e.JoiningYear,
        e.IsActive,
        e.DepartmentId,
        e.EmploymentTypeId,
        e.LocationId
    FROM Employees e
    INNER JOIN Departments d ON e.DepartmentId = d.Id
    INNER JOIN Locations l ON e.LocationId = l.Id
    INNER JOIN EmploymentTypes et ON e.EmploymentTypeId = et.Id
    WHERE (@DepartmentId IS NULL OR e.DepartmentId = @DepartmentId)
      AND (@EmploymentTypeId IS NULL OR e.EmploymentTypeId = @EmploymentTypeId)
      AND (@LocationId IS NULL OR e.LocationId = @LocationId)
    ORDER BY e.ActiveProjects DESC, e.Id
    OFFSET @offset ROWS FETCH NEXT @size ROWS ONLY
[2026-09-07 12:32:01] [INF] Fetched 10 top contributors from page 500 with total 100000
[2026-09-07 12:32:01] [INF] HTTP GET /api/employees/top-contributors responded 200 in 367.0682 ms
[2026-09-07 12:32:01] [INF] Query executed :
    SELECT
        e.Id,
        e.EmployeeCode,
        e.Name,
        d.Name AS Department,
        et.Name AS EmploymentType,
        l.Name AS Location,
        e.Attendance,
        e.Performance,
        e.ActiveProjects,
        e.ExperienceYears,
        e.Salary,
        e.JoiningYear,
        e.IsActive,
        e.DepartmentId,
        e.EmploymentTypeId,
        e.LocationId
    FROM Employees e
    INNER JOIN Departments d ON e.DepartmentId = d.Id
    INNER JOIN Locations l ON e.LocationId = l.Id
    INNER JOIN EmploymentTypes et ON e.EmploymentTypeId = et.Id
    WHERE (@DepartmentId IS NULL OR e.DepartmentId = @DepartmentId)
      AND (@EmploymentTypeId IS NULL OR e.EmploymentTypeId = @EmploymentTypeId)
      AND (@LocationId IS NULL OR e.LocationId = @LocationId)
    ORDER BY e.ActiveProjects DESC, e.Id
    OFFSET @offset ROWS FETCH NEXT @size ROWS ONLY
[2026-09-07 12:32:01] [INF] Query executed :
    SELECT
        e.Id,
        e.EmployeeCode,
        e.Name,
        d.Name AS Department,
        et.Name AS EmploymentType,
        l.Name AS Location,
        e.Attendance,
        e.Performance,
        e.ActiveProjects,
        e.ExperienceYears,
        e.Salary,
        e.JoiningYear,
        e.IsActive,
        e.DepartmentId,
        e.EmploymentTypeId,
        e.LocationId
    FROM Employees e
    INNER JOIN Departments d ON e.DepartmentId = d.Id
    INNER JOIN Locations l ON e.LocationId = l.Id
    INNER JOIN EmploymentTypes et ON e.EmploymentTypeId = et.Id
    WHERE (@DepartmentId IS NULL OR e.DepartmentId = @DepartmentId)
      AND (@EmploymentTypeId IS NULL OR e.EmploymentTypeId = @EmploymentTypeId)
      AND (@LocationId IS NULL OR e.LocationId = @LocationId)
    ORDER BY e.ActiveProjects DESC, e.Id
    OFFSET @offset ROWS FETCH NEXT @size ROWS ONLY
[2026-09-07 12:32:01] [INF] Query executed :
    SELECT
        e.Id,
        e.EmployeeCode,
        e.Name,
        d.Name AS Department,
        et.Name AS EmploymentType,
        l.Name AS Location,
        e.Attendance,
        e.Performance,
        e.ActiveProjects,
        e.ExperienceYears,
        e.Salary,
        e.JoiningYear,
        e.IsActive,
        e.DepartmentId,
        e.EmploymentTypeId,
        e.LocationId
    FROM Employees e
    INNER JOIN Departments d ON e.DepartmentId = d.Id
    INNER JOIN Locations l ON e.LocationId = l.Id
    INNER JOIN EmploymentTypes et ON e.EmploymentTypeId = et.Id
    WHERE (@DepartmentId IS NULL OR e.DepartmentId = @DepartmentId)
      AND (@EmploymentTypeId IS NULL OR e.EmploymentTypeId = @EmploymentTypeId)
      AND (@LocationId IS NULL OR e.LocationId = @LocationId)
    ORDER BY e.ActiveProjects DESC, e.Id
    OFFSET @offset ROWS FETCH NEXT @size ROWS ONLY
[2026-09-07 12:32:01] [INF] Fetched 10 top contributors from page 600 with total 100000
[2026-09-07 12:32:01] [INF] HTTP GET /api/employees/top-contributors responded 200 in 586.0410 ms
[2026-09-07 12:32:01] [INF] Query executed :
    SELECT
        e.Id,
        e.EmployeeCode,
        e.Name,
        d.Name AS Department,
        et.Name AS EmploymentType,
        l.Name AS Location,
        e.Attendance,
        e.Performance,
        e.ActiveProjects,
        e.ExperienceYears,
        e.Salary,
        e.JoiningYear,
        e.IsActive,
        e.DepartmentId,
        e.EmploymentTypeId,
        e.LocationId
    FROM Employees e
    INNER JOIN Departments d ON e.DepartmentId = d.Id
    INNER JOIN Locations l ON e.LocationId = l.Id
    INNER JOIN EmploymentTypes et ON e.EmploymentTypeId = et.Id
    WHERE (@DepartmentId IS NULL OR e.DepartmentId = @DepartmentId)
      AND (@EmploymentTypeId IS NULL OR e.EmploymentTypeId = @EmploymentTypeId)
      AND (@LocationId IS NULL OR e.LocationId = @LocationId)
    ORDER BY e.ActiveProjects DESC, e.Id
    OFFSET @offset ROWS FETCH NEXT @size ROWS ONLY
[2026-09-07 12:32:01] [INF] Fetched 10 top contributors from page 700 with total 100000
[2026-09-07 12:32:01] [INF] HTTP GET /api/employees/top-contributors responded 200 in 725.1663 ms
[2026-09-07 12:32:01] [INF] Query executed :
    SELECT
        e.Id,
        e.EmployeeCode,
        e.Name,
        d.Name AS Department,
        et.Name AS EmploymentType,
        l.Name AS Location,
        e.Attendance,
        e.Performance,
        e.ActiveProjects,
        e.ExperienceYears,
        e.Salary,
        e.JoiningYear,
        e.IsActive,
        e.DepartmentId,
        e.EmploymentTypeId,
        e.LocationId
    FROM Employees e
    INNER JOIN Departments d ON e.DepartmentId = d.Id
    INNER JOIN Locations l ON e.LocationId = l.Id
    INNER JOIN EmploymentTypes et ON e.EmploymentTypeId = et.Id
    WHERE (@DepartmentId IS NULL OR e.DepartmentId = @DepartmentId)
      AND (@EmploymentTypeId IS NULL OR e.EmploymentTypeId = @EmploymentTypeId)
      AND (@LocationId IS NULL OR e.LocationId = @LocationId)
    ORDER BY e.ActiveProjects DESC, e.Id
    OFFSET @offset ROWS FETCH NEXT @size ROWS ONLY
[2026-09-07 12:32:01] [INF] Fetched 10 top contributors from page 900 with total 100000
[2026-09-07 12:32:01] [INF] HTTP GET /api/employees/top-contributors responded 200 in 424.5286 ms
[2026-09-07 12:32:02] [INF] Fetched 10 top contributors from page 1000 with total 100000
[2026-09-07 12:32:02] [INF] HTTP GET /api/employees/top-contributors responded 200 in 409.2458 ms
[2026-09-07 12:32:02] [INF] Fetched 10 top contributors from page 800 with total 100000
[2026-09-07 12:32:02] [INF] HTTP GET /api/employees/top-contributors responded 200 in 861.9312 ms
[2026-09-07 12:32:02] [INF] Fetched 10 top contributors from page 1080 with total 100000
[2026-09-07 12:32:02] [INF] HTTP GET /api/employees/top-contributors responded 200 in 550.5900 ms
[2026-09-07 12:32:02] [INF] Query executed :
    SELECT
        e.Id,
        e.EmployeeCode,
        e.Name,
        d.Name AS Department,
        et.Name AS EmploymentType,
        l.Name AS Location,
        e.Attendance,
        e.Performance,
        e.ActiveProjects,
        e.ExperienceYears,
        e.Salary,
        e.JoiningYear,
        e.IsActive,
        e.DepartmentId,
        e.EmploymentTypeId,
        e.LocationId
    FROM Employees e
    INNER JOIN Departments d ON e.DepartmentId = d.Id
    INNER JOIN Locations l ON e.LocationId = l.Id
    INNER JOIN EmploymentTypes et ON e.EmploymentTypeId = et.Id
    WHERE (@DepartmentId IS NULL OR e.DepartmentId = @DepartmentId)
      AND (@EmploymentTypeId IS NULL OR e.EmploymentTypeId = @EmploymentTypeId)
      AND (@LocationId IS NULL OR e.LocationId = @LocationId)
    ORDER BY e.ActiveProjects DESC, e.Id
    OFFSET @offset ROWS FETCH NEXT @size ROWS ONLY
[2026-09-07 12:32:03] [INF] Fetched 10 top contributors from page 1080 with total 100000
[2026-09-07 12:32:03] [INF] HTTP GET /api/employees/top-contributors responded 200 in 353.4821 ms
[2026-09-07 12:32:04] [INF] Query executed :
    SELECT
        e.Id,
        e.EmployeeCode,
        e.Name,
        d.Name AS Department,
        et.Name AS EmploymentType,
        l.Name AS Location,
        e.Attendance,
        e.Performance,
        e.ActiveProjects,
        e.ExperienceYears,
        e.Salary,
        e.JoiningYear,
        e.IsActive,
        e.DepartmentId,
        e.EmploymentTypeId,
        e.LocationId
    FROM Employees e
    INNER JOIN Departments d ON e.DepartmentId = d.Id
    INNER JOIN Locations l ON e.LocationId = l.Id
    INNER JOIN EmploymentTypes et ON e.EmploymentTypeId = et.Id
    WHERE (@DepartmentId IS NULL OR e.DepartmentId = @DepartmentId)
      AND (@EmploymentTypeId IS NULL OR e.EmploymentTypeId = @EmploymentTypeId)
      AND (@LocationId IS NULL OR e.LocationId = @LocationId)
    ORDER BY e.ActiveProjects DESC, e.Id
    OFFSET @offset ROWS FETCH NEXT @size ROWS ONLY
[2026-09-07 12:32:04] [INF] Query executed :
    SELECT
        e.Id,
        e.EmployeeCode,
        e.Name,
        d.Name AS Department,
        et.Name AS EmploymentType,
        l.Name AS Location,
        e.Attendance,
        e.Performance,
        e.ActiveProjects,
        e.ExperienceYears,
        e.Salary,
        e.JoiningYear,
        e.IsActive,
        e.DepartmentId,
        e.EmploymentTypeId,
        e.LocationId
    FROM Employees e
    INNER JOIN Departments d ON e.DepartmentId = d.Id
    INNER JOIN Locations l ON e.LocationId = l.Id
    INNER JOIN EmploymentTypes et ON e.EmploymentTypeId = et.Id
    WHERE (@DepartmentId IS NULL OR e.DepartmentId = @DepartmentId)
      AND (@EmploymentTypeId IS NULL OR e.EmploymentTypeId = @EmploymentTypeId)
      AND (@LocationId IS NULL OR e.LocationId = @LocationId)
    ORDER BY e.ActiveProjects DESC, e.Id
    OFFSET @offset ROWS FETCH NEXT @size ROWS ONLY
[2026-09-07 12:32:04] [INF] Query executed :
    SELECT
        e.Id,
        e.EmployeeCode,
        e.Name,
        d.Name AS Department,
        et.Name AS EmploymentType,
        l.Name AS Location,
        e.Attendance,
        e.Performance,
        e.ActiveProjects,
        e.ExperienceYears,
        e.Salary,
        e.JoiningYear,
        e.IsActive,
        e.DepartmentId,
        e.EmploymentTypeId,
        e.LocationId
    FROM Employees e
    INNER JOIN Departments d ON e.DepartmentId = d.Id
    INNER JOIN Locations l ON e.LocationId = l.Id
    INNER JOIN EmploymentTypes et ON e.EmploymentTypeId = et.Id
    WHERE (@DepartmentId IS NULL OR e.DepartmentId = @DepartmentId)
      AND (@EmploymentTypeId IS NULL OR e.EmploymentTypeId = @EmploymentTypeId)
      AND (@LocationId IS NULL OR e.LocationId = @LocationId)
    ORDER BY e.ActiveProjects DESC, e.Id
    OFFSET @offset ROWS FETCH NEXT @size ROWS ONLY
[2026-09-07 12:32:04] [INF] Query executed :
    SELECT
        e.Id,
        e.EmployeeCode,
        e.Name,
        d.Name AS Department,
        et.Name AS EmploymentType,
        l.Name AS Location,
        e.Attendance,
        e.Performance,
        e.ActiveProjects,
        e.ExperienceYears,
        e.Salary,
        e.JoiningYear,
        e.IsActive,
        e.DepartmentId,
        e.EmploymentTypeId,
        e.LocationId
    FROM Employees e
    INNER JOIN Departments d ON e.DepartmentId = d.Id
    INNER JOIN Locations l ON e.LocationId = l.Id
    INNER JOIN EmploymentTypes et ON e.EmploymentTypeId = et.Id
    WHERE (@DepartmentId IS NULL OR e.DepartmentId = @DepartmentId)
      AND (@EmploymentTypeId IS NULL OR e.EmploymentTypeId = @EmploymentTypeId)
      AND (@LocationId IS NULL OR e.LocationId = @LocationId)
    ORDER BY e.ActiveProjects DESC, e.Id
    OFFSET @offset ROWS FETCH NEXT @size ROWS ONLY
[2026-09-07 12:32:05] [INF] Query executed :
    SELECT
        e.Id,
        e.EmployeeCode,
        e.Name,
        d.Name AS Department,
        et.Name AS EmploymentType,
        l.Name AS Location,
        e.Attendance,
        e.Performance,
        e.ActiveProjects,
        e.ExperienceYears,
        e.Salary,
        e.JoiningYear,
        e.IsActive,
        e.DepartmentId,
        e.EmploymentTypeId,
        e.LocationId
    FROM Employees e
    INNER JOIN Departments d ON e.DepartmentId = d.Id
    INNER JOIN Locations l ON e.LocationId = l.Id
    INNER JOIN EmploymentTypes et ON e.EmploymentTypeId = et.Id
    WHERE (@DepartmentId IS NULL OR e.DepartmentId = @DepartmentId)
      AND (@EmploymentTypeId IS NULL OR e.EmploymentTypeId = @EmploymentTypeId)
      AND (@LocationId IS NULL OR e.LocationId = @LocationId)
    ORDER BY e.ActiveProjects DESC, e.Id
    OFFSET @offset ROWS FETCH NEXT @size ROWS ONLY
[2026-09-07 12:32:05] [INF] Query executed :
    SELECT
        e.Id,
        e.EmployeeCode,
        e.Name,
        d.Name AS Department,
        et.Name AS EmploymentType,
        l.Name AS Location,
        e.Attendance,
        e.Performance,
        e.ActiveProjects,
        e.ExperienceYears,
        e.Salary,
        e.JoiningYear,
        e.IsActive,
        e.DepartmentId,
        e.EmploymentTypeId,
        e.LocationId
    FROM Employees e
    INNER JOIN Departments d ON e.DepartmentId = d.Id
    INNER JOIN Locations l ON e.LocationId = l.Id
    INNER JOIN EmploymentTypes et ON e.EmploymentTypeId = et.Id
    WHERE (@DepartmentId IS NULL OR e.DepartmentId = @DepartmentId)
      AND (@EmploymentTypeId IS NULL OR e.EmploymentTypeId = @EmploymentTypeId)
      AND (@LocationId IS NULL OR e.LocationId = @LocationId)
    ORDER BY e.ActiveProjects DESC, e.Id
    OFFSET @offset ROWS FETCH NEXT @size ROWS ONLY
[2026-09-07 12:32:16] [INF] Fetched 10 top contributors from page 1500 with total 100000
[2026-09-07 12:32:16] [INF] HTTP GET /api/employees/top-contributors responded 200 in 11326.9133 ms
[2026-09-07 12:32:16] [INF] Query executed :
    SELECT
        e.Id,
        e.EmployeeCode,
        e.Name,
        d.Name AS Department,
        et.Name AS EmploymentType,
        l.Name AS Location,
        e.Attendance,
        e.Performance,
        e.ActiveProjects,
        e.ExperienceYears,
        e.Salary,
        e.JoiningYear,
        e.IsActive,
        e.DepartmentId,
        e.EmploymentTypeId,
        e.LocationId
    FROM Employees e
    INNER JOIN Departments d ON e.DepartmentId = d.Id
    INNER JOIN Locations l ON e.LocationId = l.Id
    INNER JOIN EmploymentTypes et ON e.EmploymentTypeId = et.Id
    WHERE (@DepartmentId IS NULL OR e.DepartmentId = @DepartmentId)
      AND (@EmploymentTypeId IS NULL OR e.EmploymentTypeId = @EmploymentTypeId)
      AND (@LocationId IS NULL OR e.LocationId = @LocationId)
    ORDER BY e.ActiveProjects DESC, e.Id
    OFFSET @offset ROWS FETCH NEXT @size ROWS ONLY
[2026-09-07 12:32:16] [INF] Fetched 10 top contributors from page 1300 with total 100000
[2026-09-07 12:32:16] [INF] HTTP GET /api/employees/top-contributors responded 200 in 11828.7547 ms
[2026-09-07 12:32:16] [INF] Query executed :
    SELECT
        e.Id,
        e.EmployeeCode,
        e.Name,
        d.Name AS Department,
        et.Name AS EmploymentType,
        l.Name AS Location,
        e.Attendance,
        e.Performance,
        e.ActiveProjects,
        e.ExperienceYears,
        e.Salary,
        e.JoiningYear,
        e.IsActive,
        e.DepartmentId,
        e.EmploymentTypeId,
        e.LocationId
    FROM Employees e
    INNER JOIN Departments d ON e.DepartmentId = d.Id
    INNER JOIN Locations l ON e.LocationId = l.Id
    INNER JOIN EmploymentTypes et ON e.EmploymentTypeId = et.Id
    WHERE (@DepartmentId IS NULL OR e.DepartmentId = @DepartmentId)
      AND (@EmploymentTypeId IS NULL OR e.EmploymentTypeId = @EmploymentTypeId)
      AND (@LocationId IS NULL OR e.LocationId = @LocationId)
    ORDER BY e.ActiveProjects DESC, e.Id
    OFFSET @offset ROWS FETCH NEXT @size ROWS ONLY
[2026-09-07 12:32:16] [INF] Fetched 10 top contributors from page 1400 with total 100000
[2026-09-07 12:32:16] [INF] HTTP GET /api/employees/top-contributors responded 200 in 11640.2415 ms
[2026-09-07 12:32:16] [INF] Query executed :
    SELECT
        e.Id,
        e.EmployeeCode,
        e.Name,
        d.Name AS Department,
        et.Name AS EmploymentType,
        l.Name AS Location,
        e.Attendance,
        e.Performance,
        e.ActiveProjects,
        e.ExperienceYears,
        e.Salary,
        e.JoiningYear,
        e.IsActive,
        e.DepartmentId,
        e.EmploymentTypeId,
        e.LocationId
    FROM Employees e
    INNER JOIN Departments d ON e.DepartmentId = d.Id
    INNER JOIN Locations l ON e.LocationId = l.Id
    INNER JOIN EmploymentTypes et ON e.EmploymentTypeId = et.Id
    WHERE (@DepartmentId IS NULL OR e.DepartmentId = @DepartmentId)
      AND (@EmploymentTypeId IS NULL OR e.EmploymentTypeId = @EmploymentTypeId)
      AND (@LocationId IS NULL OR e.LocationId = @LocationId)
    ORDER BY e.ActiveProjects DESC, e.Id
    OFFSET @offset ROWS FETCH NEXT @size ROWS ONLY
[2026-09-07 12:32:16] [INF] Fetched 10 top contributors from page 1600 with total 100000
[2026-09-07 12:32:16] [INF] HTTP GET /api/employees/top-contributors responded 200 in 11304.5183 ms
[2026-09-07 12:32:16] [INF] Query executed :
    SELECT
        e.Id,
        e.EmployeeCode,
        e.Name,
        d.Name AS Department,
        et.Name AS EmploymentType,
        l.Name AS Location,
        e.Attendance,
        e.Performance,
        e.ActiveProjects,
        e.ExperienceYears,
        e.Salary,
        e.JoiningYear,
        e.IsActive,
        e.DepartmentId,
        e.EmploymentTypeId,
        e.LocationId
    FROM Employees e
    INNER JOIN Departments d ON e.DepartmentId = d.Id
    INNER JOIN Locations l ON e.LocationId = l.Id
    INNER JOIN EmploymentTypes et ON e.EmploymentTypeId = et.Id
    WHERE (@DepartmentId IS NULL OR e.DepartmentId = @DepartmentId)
      AND (@EmploymentTypeId IS NULL OR e.EmploymentTypeId = @EmploymentTypeId)
      AND (@LocationId IS NULL OR e.LocationId = @LocationId)
    ORDER BY e.ActiveProjects DESC, e.Id
    OFFSET @offset ROWS FETCH NEXT @size ROWS ONLY
[2026-09-07 12:32:16] [INF] Fetched 10 top contributors from page 1700 with total 100000
[2026-09-07 12:32:16] [INF] HTTP GET /api/employees/top-contributors responded 200 in 376.1666 ms
[2026-09-07 12:32:16] [INF] Query executed :
    SELECT
        e.Id,
        e.EmployeeCode,
        e.Name,
        d.Name AS Department,
        et.Name AS EmploymentType,
        l.Name AS Location,
        e.Attendance,
        e.Performance,
        e.ActiveProjects,
        e.ExperienceYears,
        e.Salary,
        e.JoiningYear,
        e.IsActive,
        e.DepartmentId,
        e.EmploymentTypeId,
        e.LocationId
    FROM Employees e
    INNER JOIN Departments d ON e.DepartmentId = d.Id
    INNER JOIN Locations l ON e.LocationId = l.Id
    INNER JOIN EmploymentTypes et ON e.EmploymentTypeId = et.Id
    WHERE (@DepartmentId IS NULL OR e.DepartmentId = @DepartmentId)
      AND (@EmploymentTypeId IS NULL OR e.EmploymentTypeId = @EmploymentTypeId)
      AND (@LocationId IS NULL OR e.LocationId = @LocationId)
    ORDER BY e.ActiveProjects DESC, e.Id
    OFFSET @offset ROWS FETCH NEXT @size ROWS ONLY
[2026-09-07 12:32:17] [INF] Fetched 10 top contributors from page 2000 with total 100000
[2026-09-07 12:32:17] [INF] HTTP GET /api/employees/top-contributors responded 200 in 477.8525 ms
[2026-09-07 12:32:17] [INF] Query executed :
    SELECT
        e.Id,
        e.EmployeeCode,
        e.Name,
        d.Name AS Department,
        et.Name AS EmploymentType,
        l.Name AS Location,
        e.Attendance,
        e.Performance,
        e.ActiveProjects,
        e.ExperienceYears,
        e.Salary,
        e.JoiningYear,
        e.IsActive,
        e.DepartmentId,
        e.EmploymentTypeId,
        e.LocationId
    FROM Employees e
    INNER JOIN Departments d ON e.DepartmentId = d.Id
    INNER JOIN Locations l ON e.LocationId = l.Id
    INNER JOIN EmploymentTypes et ON e.EmploymentTypeId = et.Id
    WHERE (@DepartmentId IS NULL OR e.DepartmentId = @DepartmentId)
      AND (@EmploymentTypeId IS NULL OR e.EmploymentTypeId = @EmploymentTypeId)
      AND (@LocationId IS NULL OR e.LocationId = @LocationId)
    ORDER BY e.ActiveProjects DESC, e.Id
    OFFSET @offset ROWS FETCH NEXT @size ROWS ONLY
[2026-09-07 12:32:17] [INF] Fetched 10 top contributors from page 1800 with total 100000
[2026-09-07 12:32:17] [INF] HTTP GET /api/employees/top-contributors responded 200 in 587.7827 ms
[2026-09-07 12:32:17] [INF] Query executed :
    SELECT
        e.Id,
        e.EmployeeCode,
        e.Name,
        d.Name AS Department,
        et.Name AS EmploymentType,
        l.Name AS Location,
        e.Attendance,
        e.Performance,
        e.ActiveProjects,
        e.ExperienceYears,
        e.Salary,
        e.JoiningYear,
        e.IsActive,
        e.DepartmentId,
        e.EmploymentTypeId,
        e.LocationId
    FROM Employees e
    INNER JOIN Departments d ON e.DepartmentId = d.Id
    INNER JOIN Locations l ON e.LocationId = l.Id
    INNER JOIN EmploymentTypes et ON e.EmploymentTypeId = et.Id
    WHERE (@DepartmentId IS NULL OR e.DepartmentId = @DepartmentId)
      AND (@EmploymentTypeId IS NULL OR e.EmploymentTypeId = @EmploymentTypeId)
      AND (@LocationId IS NULL OR e.LocationId = @LocationId)
    ORDER BY e.ActiveProjects DESC, e.Id
    OFFSET @offset ROWS FETCH NEXT @size ROWS ONLY
[2026-09-07 12:32:17] [INF] Fetched 10 top contributors from page 1200 with total 100000
[2026-09-07 12:32:17] [INF] HTTP GET /api/employees/top-contributors responded 200 in 12729.3502 ms
[2026-09-07 12:32:17] [INF] Query executed :
    SELECT
        e.Id,
        e.EmployeeCode,
        e.Name,
        d.Name AS Department,
        et.Name AS EmploymentType,
        l.Name AS Location,
        e.Attendance,
        e.Performance,
        e.ActiveProjects,
        e.ExperienceYears,
        e.Salary,
        e.JoiningYear,
        e.IsActive,
        e.DepartmentId,
        e.EmploymentTypeId,
        e.LocationId
    FROM Employees e
    INNER JOIN Departments d ON e.DepartmentId = d.Id
    INNER JOIN Locations l ON e.LocationId = l.Id
    INNER JOIN EmploymentTypes et ON e.EmploymentTypeId = et.Id
    WHERE (@DepartmentId IS NULL OR e.DepartmentId = @DepartmentId)
      AND (@EmploymentTypeId IS NULL OR e.EmploymentTypeId = @EmploymentTypeId)
      AND (@LocationId IS NULL OR e.LocationId = @LocationId)
    ORDER BY e.ActiveProjects DESC, e.Id
    OFFSET @offset ROWS FETCH NEXT @size ROWS ONLY
[2026-09-07 12:32:17] [INF] Fetched 10 top contributors from page 1900 with total 100000
[2026-09-07 12:32:17] [INF] HTTP GET /api/employees/top-contributors responded 200 in 629.5886 ms
[2026-09-07 12:32:17] [INF] Fetched 10 top contributors from page 1100 with total 100000
[2026-09-07 12:32:17] [INF] HTTP GET /api/employees/top-contributors responded 200 in 12941.4082 ms
[2026-09-07 12:32:17] [INF] Query executed :
    SELECT
        e.Id,
        e.EmployeeCode,
        e.Name,
        d.Name AS Department,
        et.Name AS EmploymentType,
        l.Name AS Location,
        e.Attendance,
        e.Performance,
        e.ActiveProjects,
        e.ExperienceYears,
        e.Salary,
        e.JoiningYear,
        e.IsActive,
        e.DepartmentId,
        e.EmploymentTypeId,
        e.LocationId
    FROM Employees e
    INNER JOIN Departments d ON e.DepartmentId = d.Id
    INNER JOIN Locations l ON e.LocationId = l.Id
    INNER JOIN EmploymentTypes et ON e.EmploymentTypeId = et.Id
    WHERE (@DepartmentId IS NULL OR e.DepartmentId = @DepartmentId)
      AND (@EmploymentTypeId IS NULL OR e.EmploymentTypeId = @EmploymentTypeId)
      AND (@LocationId IS NULL OR e.LocationId = @LocationId)
    ORDER BY e.ActiveProjects DESC, e.Id
    OFFSET @offset ROWS FETCH NEXT @size ROWS ONLY
[2026-09-07 12:32:17] [INF] Query executed :
    SELECT
        e.Id,
        e.EmployeeCode,
        e.Name,
        d.Name AS Department,
        et.Name AS EmploymentType,
        l.Name AS Location,
        e.Attendance,
        e.Performance,
        e.ActiveProjects,
        e.ExperienceYears,
        e.Salary,
        e.JoiningYear,
        e.IsActive,
        e.DepartmentId,
        e.EmploymentTypeId,
        e.LocationId
    FROM Employees e
    INNER JOIN Departments d ON e.DepartmentId = d.Id
    INNER JOIN Locations l ON e.LocationId = l.Id
    INNER JOIN EmploymentTypes et ON e.EmploymentTypeId = et.Id
    WHERE (@DepartmentId IS NULL OR e.DepartmentId = @DepartmentId)
      AND (@EmploymentTypeId IS NULL OR e.EmploymentTypeId = @EmploymentTypeId)
      AND (@LocationId IS NULL OR e.LocationId = @LocationId)
    ORDER BY e.ActiveProjects DESC, e.Id
    OFFSET @offset ROWS FETCH NEXT @size ROWS ONLY
[2026-09-07 12:32:17] [INF] Fetched 10 top contributors from page 2100 with total 100000
[2026-09-07 12:32:17] [INF] HTTP GET /api/employees/top-contributors responded 200 in 410.5792 ms
[2026-09-07 12:32:17] [INF] Query executed :
    SELECT
        e.Id,
        e.EmployeeCode,
        e.Name,
        d.Name AS Department,
        et.Name AS EmploymentType,
        l.Name AS Location,
        e.Attendance,
        e.Performance,
        e.ActiveProjects,
        e.ExperienceYears,
        e.Salary,
        e.JoiningYear,
        e.IsActive,
        e.DepartmentId,
        e.EmploymentTypeId,
        e.LocationId
    FROM Employees e
    INNER JOIN Departments d ON e.DepartmentId = d.Id
    INNER JOIN Locations l ON e.LocationId = l.Id
    INNER JOIN EmploymentTypes et ON e.EmploymentTypeId = et.Id
    WHERE (@DepartmentId IS NULL OR e.DepartmentId = @DepartmentId)
      AND (@EmploymentTypeId IS NULL OR e.EmploymentTypeId = @EmploymentTypeId)
      AND (@LocationId IS NULL OR e.LocationId = @LocationId)
    ORDER BY e.ActiveProjects DESC, e.Id
    OFFSET @offset ROWS FETCH NEXT @size ROWS ONLY
[2026-09-07 12:32:17] [INF] Fetched 10 top contributors from page 2190 with total 100000
[2026-09-07 12:32:17] [INF] HTTP GET /api/employees/top-contributors responded 200 in 425.7781 ms
[2026-09-07 12:32:18] [INF] Fetched 10 top contributors from page 99920 with total 100000
[2026-09-07 12:32:18] [INF] HTTP GET /api/employees/top-contributors responded 200 in 1459.4202 ms
[2026-09-07 12:32:18] [INF] Fetched 10 top contributors from page 99990 with total 100000
[2026-09-07 12:32:18] [INF] HTTP GET /api/employees/top-contributors responded 200 in 1615.4624 ms
[2026-09-07 12:32:19] [INF] Fetched 10 top contributors from page 99950 with total 100000
[2026-09-07 12:32:19] [INF] HTTP GET /api/employees/top-contributors responded 200 in 1725.8187 ms
[2026-09-07 12:32:20] [INF] Fetched 10 top contributors from page 99970 with total 100000
[2026-09-07 12:32:20] [INF] HTTP GET /api/employees/top-contributors responded 200 in 2818.8313 ms
[2026-09-07 12:32:20] [INF] Fetched 10 top contributors from page 99960 with total 100000
[2026-09-07 12:32:20] [INF] HTTP GET /api/employees/top-contributors responded 200 in 2840.2300 ms
[2026-09-07 12:32:23] [INF] Query executed :
    SELECT
        e.Id,
        e.EmployeeCode,
        e.Name,
        d.Name AS Department,
        et.Name AS EmploymentType,
        l.Name AS Location,
        e.Attendance,
        e.Performance,
        e.ActiveProjects,
        e.ExperienceYears,
        e.Salary,
        e.JoiningYear,
        e.IsActive,
        e.DepartmentId,
        e.EmploymentTypeId,
        e.LocationId
    FROM Employees e
    INNER JOIN Departments d ON e.DepartmentId = d.Id
    INNER JOIN Locations l ON e.LocationId = l.Id
    INNER JOIN EmploymentTypes et ON e.EmploymentTypeId = et.Id
    WHERE (@DepartmentId IS NULL OR e.DepartmentId = @DepartmentId)
      AND (@EmploymentTypeId IS NULL OR e.EmploymentTypeId = @EmploymentTypeId)
      AND (@LocationId IS NULL OR e.LocationId = @LocationId)
    ORDER BY e.ActiveProjects DESC, e.Id
    OFFSET @offset ROWS FETCH NEXT @size ROWS ONLY
[2026-09-07 12:32:24] [INF] Fetched 10 top contributors from page 0 with total 100000
[2026-09-07 12:32:24] [INF] HTTP GET /api/employees/top-contributors responded 200 in 320.4141 ms
[2026-09-07 12:32:26] [INF] Query executed :
    SELECT
        e.Id,
        e.EmployeeCode,
        e.Name,
        d.Name AS Department,
        et.Name AS EmploymentType,
        l.Name AS Location,
        e.Attendance,
        e.Performance,
        e.ActiveProjects,
        e.ExperienceYears,
        e.Salary,
        e.JoiningYear,
        e.IsActive,
        e.DepartmentId,
        e.EmploymentTypeId,
        e.LocationId
    FROM Employees e
    INNER JOIN Departments d ON e.DepartmentId = d.Id
    INNER JOIN Locations l ON e.LocationId = l.Id
    INNER JOIN EmploymentTypes et ON e.EmploymentTypeId = et.Id
    WHERE (@DepartmentId IS NULL OR e.DepartmentId = @DepartmentId)
      AND (@EmploymentTypeId IS NULL OR e.EmploymentTypeId = @EmploymentTypeId)
      AND (@LocationId IS NULL OR e.LocationId = @LocationId)
    ORDER BY e.ActiveProjects DESC, e.Id
    OFFSET @offset ROWS FETCH NEXT @size ROWS ONLY
[2026-09-07 12:32:27] [INF] Fetched 10 top contributors from page 99990 with total 100000
[2026-09-07 12:32:27] [INF] HTTP GET /api/employees/top-contributors responded 200 in 1091.7605 ms
[2026-09-07 12:32:29] [INF] Query executed :
    SELECT
        e.Id,
        e.EmployeeCode,
        e.Name,
        d.Name AS Department,
        et.Name AS EmploymentType,
        l.Name AS Location,
        e.Attendance,
        e.Performance,
        e.ActiveProjects,
        e.ExperienceYears,
        e.Salary,
        e.JoiningYear,
        e.IsActive,
        e.DepartmentId,
        e.EmploymentTypeId,
        e.LocationId
    FROM Employees e
    INNER JOIN Departments d ON e.DepartmentId = d.Id
    INNER JOIN Locations l ON e.LocationId = l.Id
    INNER JOIN EmploymentTypes et ON e.EmploymentTypeId = et.Id
    WHERE (@DepartmentId IS NULL OR e.DepartmentId = @DepartmentId)
      AND (@EmploymentTypeId IS NULL OR e.EmploymentTypeId = @EmploymentTypeId)
      AND (@LocationId IS NULL OR e.LocationId = @LocationId)
    ORDER BY e.ActiveProjects DESC, e.Id
    OFFSET @offset ROWS FETCH NEXT @size ROWS ONLY
[2026-09-07 12:32:30] [INF] Fetched 10 top contributors from page 99890 with total 100000
[2026-09-07 12:32:30] [INF] HTTP GET /api/employees/top-contributors responded 200 in 1153.7492 ms
[2026-09-07 12:32:33] [INF] Query executed :
    SELECT
        e.Id,
        e.EmployeeCode,
        e.Name,
        d.Name AS Department,
        et.Name AS EmploymentType,
        l.Name AS Location,
        e.Attendance,
        e.Performance,
        e.ActiveProjects,
        e.ExperienceYears,
        e.Salary,
        e.JoiningYear,
        e.IsActive,
        e.DepartmentId,
        e.EmploymentTypeId,
        e.LocationId
    FROM Employees e
    INNER JOIN Departments d ON e.DepartmentId = d.Id
    INNER JOIN Locations l ON e.LocationId = l.Id
    INNER JOIN EmploymentTypes et ON e.EmploymentTypeId = et.Id
    WHERE (@DepartmentId IS NULL OR e.DepartmentId = @DepartmentId)
      AND (@EmploymentTypeId IS NULL OR e.EmploymentTypeId = @EmploymentTypeId)
      AND (@LocationId IS NULL OR e.LocationId = @LocationId)
    ORDER BY e.ActiveProjects DESC, e.Id
    OFFSET @offset ROWS FETCH NEXT @size ROWS ONLY
[2026-09-07 12:32:33] [INF] Fetched 10 top contributors from page 0 with total 100000
[2026-09-07 12:32:33] [INF] HTTP GET /api/employees/top-contributors responded 200 in 356.7023 ms
[2026-09-07 12:32:35] [INF] Query executed :
    SELECT
        e.Id,
        e.EmployeeCode,
        e.Name,
        d.Name AS Department,
        et.Name AS EmploymentType,
        l.Name AS Location,
        e.Attendance,
        e.Performance,
        e.ActiveProjects,
        e.ExperienceYears,
        e.Salary,
        e.JoiningYear,
        e.IsActive,
        e.DepartmentId,
        e.EmploymentTypeId,
        e.LocationId
    FROM Employees e
    INNER JOIN Departments d ON e.DepartmentId = d.Id
    INNER JOIN Locations l ON e.LocationId = l.Id
    INNER JOIN EmploymentTypes et ON e.EmploymentTypeId = et.Id
    WHERE (@DepartmentId IS NULL OR e.DepartmentId = @DepartmentId)
      AND (@EmploymentTypeId IS NULL OR e.EmploymentTypeId = @EmploymentTypeId)
      AND (@LocationId IS NULL OR e.LocationId = @LocationId)
    ORDER BY e.ActiveProjects DESC, e.Id
    OFFSET @offset ROWS FETCH NEXT @size ROWS ONLY
[2026-09-07 12:32:36] [INF] Fetched 10 top contributors from page 99990 with total 100000
[2026-09-07 12:32:36] [INF] HTTP GET /api/employees/top-contributors responded 200 in 1050.3981 ms
[2026-09-07 12:32:39] [INF] Query executed :
    SELECT
        e.Id,
        e.EmployeeCode,
        e.Name,
        d.Name AS Department,
        et.Name AS EmploymentType,
        l.Name AS Location,
        e.Attendance,
        e.Performance,
        e.ActiveProjects,
        e.ExperienceYears,
        e.Salary,
        e.JoiningYear,
        e.IsActive,
        e.DepartmentId,
        e.EmploymentTypeId,
        e.LocationId
    FROM Employees e
    INNER JOIN Departments d ON e.DepartmentId = d.Id
    INNER JOIN Locations l ON e.LocationId = l.Id
    INNER JOIN EmploymentTypes et ON e.EmploymentTypeId = et.Id
    WHERE (@DepartmentId IS NULL OR e.DepartmentId = @DepartmentId)
      AND (@EmploymentTypeId IS NULL OR e.EmploymentTypeId = @EmploymentTypeId)
      AND (@LocationId IS NULL OR e.LocationId = @LocationId)
    ORDER BY e.ActiveProjects DESC, e.Id
    OFFSET @offset ROWS FETCH NEXT @size ROWS ONLY
[2026-09-07 12:32:39] [INF] Fetched 10 top contributors from page 0 with total 100000
[2026-09-07 12:32:39] [INF] HTTP GET /api/employees/top-contributors responded 200 in 335.0983 ms
[2026-09-07 12:32:40] [INF] Query executed :
    SELECT
        e.Id,
        e.EmployeeCode,
        e.Name,
        d.Name AS Department,
        et.Name AS EmploymentType,
        l.Name AS Location,
        e.Attendance,
        e.Performance,
        e.ActiveProjects,
        e.ExperienceYears,
        e.Salary,
        e.JoiningYear,
        e.IsActive,
        e.DepartmentId,
        e.EmploymentTypeId,
        e.LocationId
    FROM Employees e
    INNER JOIN Departments d ON e.DepartmentId = d.Id
    INNER JOIN Locations l ON e.LocationId = l.Id
    INNER JOIN EmploymentTypes et ON e.EmploymentTypeId = et.Id
    WHERE (@DepartmentId IS NULL OR e.DepartmentId = @DepartmentId)
      AND (@EmploymentTypeId IS NULL OR e.EmploymentTypeId = @EmploymentTypeId)
      AND (@LocationId IS NULL OR e.LocationId = @LocationId)
    ORDER BY e.ActiveProjects DESC, e.Id
    OFFSET @offset ROWS FETCH NEXT @size ROWS ONLY
[2026-09-07 12:32:41] [INF] Fetched 10 top contributors from page 70 with total 100000
[2026-09-07 12:32:41] [INF] HTTP GET /api/employees/top-contributors responded 200 in 304.5388 ms
[2026-09-07 14:03:04] [INF] HTTP GET /api/dashboard/projects-summary responded 401 in 0.6859 ms
[2026-09-07 14:03:04] [INF] HTTP GET /api/employees/top-contributors responded 401 in 0.5726 ms
[2026-09-07 14:03:04] [INF] Refresh started
[2026-09-07 14:03:04] [INF] Access token refreshed successfully for user 4
[2026-09-07 14:03:04] [INF] Refresh ended in 166.8 ms
[2026-09-07 14:03:04] [INF] HTTP POST /api/auth/refresh responded 200 in 167.6542 ms
[2026-09-07 14:03:04] [INF] Query executed :
    SELECT
        e.Id,
        e.EmployeeCode,
        e.Name,
        d.Name AS Department,
        et.Name AS EmploymentType,
        l.Name AS Location,
        e.Attendance,
        e.Performance,
        e.ActiveProjects,
        e.ExperienceYears,
        e.Salary,
        e.JoiningYear,
        e.IsActive,
        e.DepartmentId,
        e.EmploymentTypeId,
        e.LocationId
    FROM Employees e
    INNER JOIN Departments d ON e.DepartmentId = d.Id
    INNER JOIN Locations l ON e.LocationId = l.Id
    INNER JOIN EmploymentTypes et ON e.EmploymentTypeId = et.Id
    WHERE (@DepartmentId IS NULL OR e.DepartmentId = @DepartmentId)
      AND (@EmploymentTypeId IS NULL OR e.EmploymentTypeId = @EmploymentTypeId)
      AND (@LocationId IS NULL OR e.LocationId = @LocationId)
    ORDER BY e.ActiveProjects DESC, e.Id
    OFFSET @offset ROWS FETCH NEXT @size ROWS ONLY
[2026-09-07 14:03:04] [INF] Query executed :
        SELECT
            COALESCE(SUM(e.ActiveProjects), 0) AS TotalProjects,
            COALESCE(AVG(CAST(e.ActiveProjects AS DECIMAL(10, 2))), 0) AS AverageProjects,
            COALESCE(SUM(CASE WHEN e.IsActive = 1 THEN 1 ELSE 0 END), 0) AS ActiveEmployees,
            COALESCE(MAX(e.ActiveProjects), 0) AS HighestProjects
        FROM Employees e
        WHERE (@DepartmentId IS NULL OR e.DepartmentId = @DepartmentId)
          AND (@EmploymentTypeId IS NULL OR e.EmploymentTypeId = @EmploymentTypeId)
          AND (@LocationId IS NULL OR e.LocationId = @LocationId);

        SELECT
            d.Name AS Department,
            COALESCE(SUM(e.ActiveProjects), 0) AS Projects
        FROM Employees e
        INNER JOIN Departments d ON e.DepartmentId = d.Id
        WHERE (@DepartmentId IS NULL OR e.DepartmentId = @DepartmentId)
          AND (@EmploymentTypeId IS NULL OR e.EmploymentTypeId = @EmploymentTypeId)
          AND (@LocationId IS NULL OR e.LocationId = @LocationId)
        GROUP BY d.Name
[2026-09-07 14:03:05] [INF] HTTP GET /api/dashboard/projects-summary responded 200 in 285.7504 ms
[2026-09-07 14:03:05] [INF] Fetched 10 top contributors from page 70 with total 100000
[2026-09-07 14:03:05] [INF] HTTP GET /api/employees/top-contributors responded 200 in 436.1366 ms
[2026-09-07 14:03:29] [INF] Query executed :
        SELECT
            COALESCE(SUM(e.ActiveProjects), 0) AS TotalProjects,
            COALESCE(AVG(CAST(e.ActiveProjects AS DECIMAL(10, 2))), 0) AS AverageProjects,
            COALESCE(SUM(CASE WHEN e.IsActive = 1 THEN 1 ELSE 0 END), 0) AS ActiveEmployees,
            COALESCE(MAX(e.ActiveProjects), 0) AS HighestProjects
        FROM Employees e
        WHERE (@DepartmentId IS NULL OR e.DepartmentId = @DepartmentId)
          AND (@EmploymentTypeId IS NULL OR e.EmploymentTypeId = @EmploymentTypeId)
          AND (@LocationId IS NULL OR e.LocationId = @LocationId);

        SELECT
            d.Name AS Department,
            COALESCE(SUM(e.ActiveProjects), 0) AS Projects
        FROM Employees e
        INNER JOIN Departments d ON e.DepartmentId = d.Id
        WHERE (@DepartmentId IS NULL OR e.DepartmentId = @DepartmentId)
          AND (@EmploymentTypeId IS NULL OR e.EmploymentTypeId = @EmploymentTypeId)
          AND (@LocationId IS NULL OR e.LocationId = @LocationId)
        GROUP BY d.Name
[2026-09-07 14:03:29] [INF] Query executed :
    SELECT
        e.Id,
        e.EmployeeCode,
        e.Name,
        d.Name AS Department,
        et.Name AS EmploymentType,
        l.Name AS Location,
        e.Attendance,
        e.Performance,
        e.ActiveProjects,
        e.ExperienceYears,
        e.Salary,
        e.JoiningYear,
        e.IsActive,
        e.DepartmentId,
        e.EmploymentTypeId,
        e.LocationId
    FROM Employees e
    INNER JOIN Departments d ON e.DepartmentId = d.Id
    INNER JOIN Locations l ON e.LocationId = l.Id
    INNER JOIN EmploymentTypes et ON e.EmploymentTypeId = et.Id
    WHERE (@DepartmentId IS NULL OR e.DepartmentId = @DepartmentId)
      AND (@EmploymentTypeId IS NULL OR e.EmploymentTypeId = @EmploymentTypeId)
      AND (@LocationId IS NULL OR e.LocationId = @LocationId)
    ORDER BY e.ActiveProjects DESC, e.Id
    OFFSET @offset ROWS FETCH NEXT @size ROWS ONLY
[2026-09-07 14:03:29] [INF] HTTP GET /api/dashboard/projects-summary responded 200 in 256.2152 ms
[2026-09-07 14:03:29] [INF] Fetched 10 top contributors from page 70 with total 100000
[2026-09-07 14:03:29] [INF] HTTP GET /api/employees/top-contributors responded 200 in 402.1924 ms
[2026-09-07 14:03:30] [INF] Query executed :
        SELECT
            COALESCE(SUM(e.ActiveProjects), 0) AS TotalProjects,
            COALESCE(AVG(CAST(e.ActiveProjects AS DECIMAL(10, 2))), 0) AS AverageProjects,
            COALESCE(SUM(CASE WHEN e.IsActive = 1 THEN 1 ELSE 0 END), 0) AS ActiveEmployees,
            COALESCE(MAX(e.ActiveProjects), 0) AS HighestProjects
        FROM Employees e
        WHERE (@DepartmentId IS NULL OR e.DepartmentId = @DepartmentId)
          AND (@EmploymentTypeId IS NULL OR e.EmploymentTypeId = @EmploymentTypeId)
          AND (@LocationId IS NULL OR e.LocationId = @LocationId);

        SELECT
            d.Name AS Department,
            COALESCE(SUM(e.ActiveProjects), 0) AS Projects
        FROM Employees e
        INNER JOIN Departments d ON e.DepartmentId = d.Id
        WHERE (@DepartmentId IS NULL OR e.DepartmentId = @DepartmentId)
          AND (@EmploymentTypeId IS NULL OR e.EmploymentTypeId = @EmploymentTypeId)
          AND (@LocationId IS NULL OR e.LocationId = @LocationId)
        GROUP BY d.Name
[2026-09-07 14:03:30] [INF] Query executed :
    SELECT
        e.Id,
        e.EmployeeCode,
        e.Name,
        d.Name AS Department,
        et.Name AS EmploymentType,
        l.Name AS Location,
        e.Attendance,
        e.Performance,
        e.ActiveProjects,
        e.ExperienceYears,
        e.Salary,
        e.JoiningYear,
        e.IsActive,
        e.DepartmentId,
        e.EmploymentTypeId,
        e.LocationId
    FROM Employees e
    INNER JOIN Departments d ON e.DepartmentId = d.Id
    INNER JOIN Locations l ON e.LocationId = l.Id
    INNER JOIN EmploymentTypes et ON e.EmploymentTypeId = et.Id
    WHERE (@DepartmentId IS NULL OR e.DepartmentId = @DepartmentId)
      AND (@EmploymentTypeId IS NULL OR e.EmploymentTypeId = @EmploymentTypeId)
      AND (@LocationId IS NULL OR e.LocationId = @LocationId)
    ORDER BY e.ActiveProjects DESC, e.Id
    OFFSET @offset ROWS FETCH NEXT @size ROWS ONLY
[2026-09-07 14:03:30] [INF] HTTP GET /api/dashboard/projects-summary responded 200 in 189.4120 ms
[2026-09-07 14:03:30] [INF] Fetched 10 top contributors from page 70 with total 100000
[2026-09-07 14:03:30] [INF] HTTP GET /api/employees/top-contributors responded 200 in 334.0895 ms
[2026-09-07 14:04:27] [INF] Query executed :
        SELECT
            COALESCE(SUM(e.ActiveProjects), 0) AS TotalProjects,
            COALESCE(AVG(CAST(e.ActiveProjects AS DECIMAL(10, 2))), 0) AS AverageProjects,
            COALESCE(SUM(CASE WHEN e.IsActive = 1 THEN 1 ELSE 0 END), 0) AS ActiveEmployees,
            COALESCE(MAX(e.ActiveProjects), 0) AS HighestProjects
        FROM Employees e
        WHERE (@DepartmentId IS NULL OR e.DepartmentId = @DepartmentId)
          AND (@EmploymentTypeId IS NULL OR e.EmploymentTypeId = @EmploymentTypeId)
          AND (@LocationId IS NULL OR e.LocationId = @LocationId);

        SELECT
            d.Name AS Department,
            COALESCE(SUM(e.ActiveProjects), 0) AS Projects
        FROM Employees e
        INNER JOIN Departments d ON e.DepartmentId = d.Id
        WHERE (@DepartmentId IS NULL OR e.DepartmentId = @DepartmentId)
          AND (@EmploymentTypeId IS NULL OR e.EmploymentTypeId = @EmploymentTypeId)
          AND (@LocationId IS NULL OR e.LocationId = @LocationId)
        GROUP BY d.Name
[2026-09-07 14:04:27] [INF] Query executed :
    SELECT
        e.Id,
        e.EmployeeCode,
        e.Name,
        d.Name AS Department,
        et.Name AS EmploymentType,
        l.Name AS Location,
        e.Attendance,
        e.Performance,
        e.ActiveProjects,
        e.ExperienceYears,
        e.Salary,
        e.JoiningYear,
        e.IsActive,
        e.DepartmentId,
        e.EmploymentTypeId,
        e.LocationId
    FROM Employees e
    INNER JOIN Departments d ON e.DepartmentId = d.Id
    INNER JOIN Locations l ON e.LocationId = l.Id
    INNER JOIN EmploymentTypes et ON e.EmploymentTypeId = et.Id
    WHERE (@DepartmentId IS NULL OR e.DepartmentId = @DepartmentId)
      AND (@EmploymentTypeId IS NULL OR e.EmploymentTypeId = @EmploymentTypeId)
      AND (@LocationId IS NULL OR e.LocationId = @LocationId)
    ORDER BY e.ActiveProjects DESC, e.Id
    OFFSET @offset ROWS FETCH NEXT @size ROWS ONLY
[2026-09-07 14:04:27] [INF] HTTP GET /api/dashboard/projects-summary responded 200 in 240.6287 ms
[2026-09-07 14:04:28] [INF] Fetched 10 top contributors from page 70 with total 100000
[2026-09-07 14:04:28] [INF] HTTP GET /api/employees/top-contributors responded 200 in 395.7825 ms
[2026-09-07 14:05:03] [INF] Query executed :
        SELECT
            COALESCE(SUM(e.ActiveProjects), 0) AS TotalProjects,
            COALESCE(AVG(CAST(e.ActiveProjects AS DECIMAL(10, 2))), 0) AS AverageProjects,
            COALESCE(SUM(CASE WHEN e.IsActive = 1 THEN 1 ELSE 0 END), 0) AS ActiveEmployees,
            COALESCE(MAX(e.ActiveProjects), 0) AS HighestProjects
        FROM Employees e
        WHERE (@DepartmentId IS NULL OR e.DepartmentId = @DepartmentId)
          AND (@EmploymentTypeId IS NULL OR e.EmploymentTypeId = @EmploymentTypeId)
          AND (@LocationId IS NULL OR e.LocationId = @LocationId);

        SELECT
            d.Name AS Department,
            COALESCE(SUM(e.ActiveProjects), 0) AS Projects
        FROM Employees e
        INNER JOIN Departments d ON e.DepartmentId = d.Id
        WHERE (@DepartmentId IS NULL OR e.DepartmentId = @DepartmentId)
          AND (@EmploymentTypeId IS NULL OR e.EmploymentTypeId = @EmploymentTypeId)
          AND (@LocationId IS NULL OR e.LocationId = @LocationId)
        GROUP BY d.Name
[2026-09-07 14:05:03] [INF] Query executed :
    SELECT
        e.Id,
        e.EmployeeCode,
        e.Name,
        d.Name AS Department,
        et.Name AS EmploymentType,
        l.Name AS Location,
        e.Attendance,
        e.Performance,
        e.ActiveProjects,
        e.ExperienceYears,
        e.Salary,
        e.JoiningYear,
        e.IsActive,
        e.DepartmentId,
        e.EmploymentTypeId,
        e.LocationId
    FROM Employees e
    INNER JOIN Departments d ON e.DepartmentId = d.Id
    INNER JOIN Locations l ON e.LocationId = l.Id
    INNER JOIN EmploymentTypes et ON e.EmploymentTypeId = et.Id
    WHERE (@DepartmentId IS NULL OR e.DepartmentId = @DepartmentId)
      AND (@EmploymentTypeId IS NULL OR e.EmploymentTypeId = @EmploymentTypeId)
      AND (@LocationId IS NULL OR e.LocationId = @LocationId)
    ORDER BY e.ActiveProjects DESC, e.Id
    OFFSET @offset ROWS FETCH NEXT @size ROWS ONLY
[2026-09-07 14:05:03] [INF] HTTP GET /api/dashboard/projects-summary responded 200 in 216.6022 ms
[2026-09-07 14:05:03] [INF] Fetched 10 top contributors from page 70 with total 100000
[2026-09-07 14:05:03] [INF] HTTP GET /api/employees/top-contributors responded 200 in 320.7454 ms
[2026-09-07 14:05:15] [INF] Query executed :
        SELECT
            COALESCE(SUM(e.ActiveProjects), 0) AS TotalProjects,
            COALESCE(AVG(CAST(e.ActiveProjects AS DECIMAL(10, 2))), 0) AS AverageProjects,
            COALESCE(SUM(CASE WHEN e.IsActive = 1 THEN 1 ELSE 0 END), 0) AS ActiveEmployees,
            COALESCE(MAX(e.ActiveProjects), 0) AS HighestProjects
        FROM Employees e
        WHERE (@DepartmentId IS NULL OR e.DepartmentId = @DepartmentId)
          AND (@EmploymentTypeId IS NULL OR e.EmploymentTypeId = @EmploymentTypeId)
          AND (@LocationId IS NULL OR e.LocationId = @LocationId);

        SELECT
            d.Name AS Department,
            COALESCE(SUM(e.ActiveProjects), 0) AS Projects
        FROM Employees e
        INNER JOIN Departments d ON e.DepartmentId = d.Id
        WHERE (@DepartmentId IS NULL OR e.DepartmentId = @DepartmentId)
          AND (@EmploymentTypeId IS NULL OR e.EmploymentTypeId = @EmploymentTypeId)
          AND (@LocationId IS NULL OR e.LocationId = @LocationId)
        GROUP BY d.Name
[2026-09-07 14:05:15] [INF] Query executed :
    SELECT
        e.Id,
        e.EmployeeCode,
        e.Name,
        d.Name AS Department,
        et.Name AS EmploymentType,
        l.Name AS Location,
        e.Attendance,
        e.Performance,
        e.ActiveProjects,
        e.ExperienceYears,
        e.Salary,
        e.JoiningYear,
        e.IsActive,
        e.DepartmentId,
        e.EmploymentTypeId,
        e.LocationId
    FROM Employees e
    INNER JOIN Departments d ON e.DepartmentId = d.Id
    INNER JOIN Locations l ON e.LocationId = l.Id
    INNER JOIN EmploymentTypes et ON e.EmploymentTypeId = et.Id
    WHERE (@DepartmentId IS NULL OR e.DepartmentId = @DepartmentId)
      AND (@EmploymentTypeId IS NULL OR e.EmploymentTypeId = @EmploymentTypeId)
      AND (@LocationId IS NULL OR e.LocationId = @LocationId)
    ORDER BY e.ActiveProjects DESC, e.Id
    OFFSET @offset ROWS FETCH NEXT @size ROWS ONLY
[2026-09-07 14:05:15] [INF] HTTP GET /api/dashboard/projects-summary responded 200 in 192.7743 ms
[2026-09-07 14:05:15] [INF] Fetched 10 top contributors from page 70 with total 100000
[2026-09-07 14:05:15] [INF] HTTP GET /api/employees/top-contributors responded 200 in 314.8663 ms
[2026-09-07 14:05:32] [INF] Query executed :
    SELECT
        e.Id,
        e.EmployeeCode,
        e.Name,
        d.Name AS Department,
        et.Name AS EmploymentType,
        l.Name AS Location,
        e.Attendance,
        e.Performance,
        e.ActiveProjects,
        e.ExperienceYears,
        e.Salary,
        e.JoiningYear,
        e.IsActive,
        e.DepartmentId,
        e.EmploymentTypeId,
        e.LocationId
    FROM Employees e
    INNER JOIN Departments d ON e.DepartmentId = d.Id
    INNER JOIN Locations l ON e.LocationId = l.Id
    INNER JOIN EmploymentTypes et ON e.EmploymentTypeId = et.Id
    WHERE (@DepartmentId IS NULL OR e.DepartmentId = @DepartmentId)
      AND (@EmploymentTypeId IS NULL OR e.EmploymentTypeId = @EmploymentTypeId)
      AND (@LocationId IS NULL OR e.LocationId = @LocationId)
    ORDER BY e.ActiveProjects DESC, e.Id
    OFFSET @offset ROWS FETCH NEXT @size ROWS ONLY
[2026-09-07 14:05:32] [INF] Fetched 10 top contributors from page 100 with total 100000
[2026-09-07 14:05:32] [INF] HTTP GET /api/employees/top-contributors responded 200 in 365.9012 ms
[2026-09-07 14:05:34] [INF] Query executed :
    SELECT
        e.Id,
        e.EmployeeCode,
        e.Name,
        d.Name AS Department,
        et.Name AS EmploymentType,
        l.Name AS Location,
        e.Attendance,
        e.Performance,
        e.ActiveProjects,
        e.ExperienceYears,
        e.Salary,
        e.JoiningYear,
        e.IsActive,
        e.DepartmentId,
        e.EmploymentTypeId,
        e.LocationId
    FROM Employees e
    INNER JOIN Departments d ON e.DepartmentId = d.Id
    INNER JOIN Locations l ON e.LocationId = l.Id
    INNER JOIN EmploymentTypes et ON e.EmploymentTypeId = et.Id
    WHERE (@DepartmentId IS NULL OR e.DepartmentId = @DepartmentId)
      AND (@EmploymentTypeId IS NULL OR e.EmploymentTypeId = @EmploymentTypeId)
      AND (@LocationId IS NULL OR e.LocationId = @LocationId)
    ORDER BY e.ActiveProjects DESC, e.Id
    OFFSET @offset ROWS FETCH NEXT @size ROWS ONLY
[2026-09-07 14:05:36] [INF] Fetched 10 top contributors from page 99990 with total 100000
[2026-09-07 14:05:36] [INF] HTTP GET /api/employees/top-contributors responded 200 in 1137.7502 ms
[2026-09-07 14:05:43] [INF] Query executed :
    SELECT
        e.Id,
        e.EmployeeCode,
        e.Name,
        d.Name AS Department,
        et.Name AS EmploymentType,
        l.Name AS Location,
        e.Attendance,
        e.Performance,
        e.ActiveProjects,
        e.ExperienceYears,
        e.Salary,
        e.JoiningYear,
        e.IsActive,
        e.DepartmentId,
        e.EmploymentTypeId,
        e.LocationId
    FROM Employees e
    INNER JOIN Departments d ON e.DepartmentId = d.Id
    INNER JOIN Locations l ON e.LocationId = l.Id
    INNER JOIN EmploymentTypes et ON e.EmploymentTypeId = et.Id
    WHERE (@DepartmentId IS NULL OR e.DepartmentId = @DepartmentId)
      AND (@EmploymentTypeId IS NULL OR e.EmploymentTypeId = @EmploymentTypeId)
      AND (@LocationId IS NULL OR e.LocationId = @LocationId)
    ORDER BY e.ActiveProjects DESC, e.Id
    OFFSET @offset ROWS FETCH NEXT @size ROWS ONLY
[2026-09-07 14:05:44] [INF] Query executed :
    SELECT
        e.Id,
        e.EmployeeCode,
        e.Name,
        d.Name AS Department,
        et.Name AS EmploymentType,
        l.Name AS Location,
        e.Attendance,
        e.Performance,
        e.ActiveProjects,
        e.ExperienceYears,
        e.Salary,
        e.JoiningYear,
        e.IsActive,
        e.DepartmentId,
        e.EmploymentTypeId,
        e.LocationId
    FROM Employees e
    INNER JOIN Departments d ON e.DepartmentId = d.Id
    INNER JOIN Locations l ON e.LocationId = l.Id
    INNER JOIN EmploymentTypes et ON e.EmploymentTypeId = et.Id
    WHERE (@DepartmentId IS NULL OR e.DepartmentId = @DepartmentId)
      AND (@EmploymentTypeId IS NULL OR e.EmploymentTypeId = @EmploymentTypeId)
      AND (@LocationId IS NULL OR e.LocationId = @LocationId)
    ORDER BY e.ActiveProjects DESC, e.Id
    OFFSET @offset ROWS FETCH NEXT @size ROWS ONLY
[2026-09-07 14:05:44] [INF] Query executed :
    SELECT
        e.Id,
        e.EmployeeCode,
        e.Name,
        d.Name AS Department,
        et.Name AS EmploymentType,
        l.Name AS Location,
        e.Attendance,
        e.Performance,
        e.ActiveProjects,
        e.ExperienceYears,
        e.Salary,
        e.JoiningYear,
        e.IsActive,
        e.DepartmentId,
        e.EmploymentTypeId,
        e.LocationId
    FROM Employees e
    INNER JOIN Departments d ON e.DepartmentId = d.Id
    INNER JOIN Locations l ON e.LocationId = l.Id
    INNER JOIN EmploymentTypes et ON e.EmploymentTypeId = et.Id
    WHERE (@DepartmentId IS NULL OR e.DepartmentId = @DepartmentId)
      AND (@EmploymentTypeId IS NULL OR e.EmploymentTypeId = @EmploymentTypeId)
      AND (@LocationId IS NULL OR e.LocationId = @LocationId)
    ORDER BY e.ActiveProjects DESC, e.Id
    OFFSET @offset ROWS FETCH NEXT @size ROWS ONLY
[2026-09-07 14:05:44] [INF] Fetched 10 top contributors from page 99890 with total 100000
[2026-09-07 14:05:44] [INF] HTTP GET /api/employees/top-contributors responded 200 in 1045.1326 ms
[2026-09-07 14:05:45] [INF] Query executed :
    SELECT
        e.Id,
        e.EmployeeCode,
        e.Name,
        d.Name AS Department,
        et.Name AS EmploymentType,
        l.Name AS Location,
        e.Attendance,
        e.Performance,
        e.ActiveProjects,
        e.ExperienceYears,
        e.Salary,
        e.JoiningYear,
        e.IsActive,
        e.DepartmentId,
        e.EmploymentTypeId,
        e.LocationId
    FROM Employees e
    INNER JOIN Departments d ON e.DepartmentId = d.Id
    INNER JOIN Locations l ON e.LocationId = l.Id
    INNER JOIN EmploymentTypes et ON e.EmploymentTypeId = et.Id
    WHERE (@DepartmentId IS NULL OR e.DepartmentId = @DepartmentId)
      AND (@EmploymentTypeId IS NULL OR e.EmploymentTypeId = @EmploymentTypeId)
      AND (@LocationId IS NULL OR e.LocationId = @LocationId)
    ORDER BY e.ActiveProjects DESC, e.Id
    OFFSET @offset ROWS FETCH NEXT @size ROWS ONLY
[2026-09-07 14:05:45] [INF] Query executed :
    SELECT
        e.Id,
        e.EmployeeCode,
        e.Name,
        d.Name AS Department,
        et.Name AS EmploymentType,
        l.Name AS Location,
        e.Attendance,
        e.Performance,
        e.ActiveProjects,
        e.ExperienceYears,
        e.Salary,
        e.JoiningYear,
        e.IsActive,
        e.DepartmentId,
        e.EmploymentTypeId,
        e.LocationId
    FROM Employees e
    INNER JOIN Departments d ON e.DepartmentId = d.Id
    INNER JOIN Locations l ON e.LocationId = l.Id
    INNER JOIN EmploymentTypes et ON e.EmploymentTypeId = et.Id
    WHERE (@DepartmentId IS NULL OR e.DepartmentId = @DepartmentId)
      AND (@EmploymentTypeId IS NULL OR e.EmploymentTypeId = @EmploymentTypeId)
      AND (@LocationId IS NULL OR e.LocationId = @LocationId)
    ORDER BY e.ActiveProjects DESC, e.Id
    OFFSET @offset ROWS FETCH NEXT @size ROWS ONLY
[2026-09-07 14:05:45] [INF] Query executed :
    SELECT
        e.Id,
        e.EmployeeCode,
        e.Name,
        d.Name AS Department,
        et.Name AS EmploymentType,
        l.Name AS Location,
        e.Attendance,
        e.Performance,
        e.ActiveProjects,
        e.ExperienceYears,
        e.Salary,
        e.JoiningYear,
        e.IsActive,
        e.DepartmentId,
        e.EmploymentTypeId,
        e.LocationId
    FROM Employees e
    INNER JOIN Departments d ON e.DepartmentId = d.Id
    INNER JOIN Locations l ON e.LocationId = l.Id
    INNER JOIN EmploymentTypes et ON e.EmploymentTypeId = et.Id
    WHERE (@DepartmentId IS NULL OR e.DepartmentId = @DepartmentId)
      AND (@EmploymentTypeId IS NULL OR e.EmploymentTypeId = @EmploymentTypeId)
      AND (@LocationId IS NULL OR e.LocationId = @LocationId)
    ORDER BY e.ActiveProjects DESC, e.Id
    OFFSET @offset ROWS FETCH NEXT @size ROWS ONLY
[2026-09-07 14:05:45] [INF] Fetched 10 top contributors from page 99790 with total 100000
[2026-09-07 14:05:45] [INF] HTTP GET /api/employees/top-contributors responded 200 in 1251.9126 ms
[2026-09-07 14:05:45] [INF] Query executed :
    SELECT
        e.Id,
        e.EmployeeCode,
        e.Name,
        d.Name AS Department,
        et.Name AS EmploymentType,
        l.Name AS Location,
        e.Attendance,
        e.Performance,
        e.ActiveProjects,
        e.ExperienceYears,
        e.Salary,
        e.JoiningYear,
        e.IsActive,
        e.DepartmentId,
        e.EmploymentTypeId,
        e.LocationId
    FROM Employees e
    INNER JOIN Departments d ON e.DepartmentId = d.Id
    INNER JOIN Locations l ON e.LocationId = l.Id
    INNER JOIN EmploymentTypes et ON e.EmploymentTypeId = et.Id
    WHERE (@DepartmentId IS NULL OR e.DepartmentId = @DepartmentId)
      AND (@EmploymentTypeId IS NULL OR e.EmploymentTypeId = @EmploymentTypeId)
      AND (@LocationId IS NULL OR e.LocationId = @LocationId)
    ORDER BY e.ActiveProjects DESC, e.Id
    OFFSET @offset ROWS FETCH NEXT @size ROWS ONLY
[2026-09-07 14:05:45] [INF] Query executed :
    SELECT
        e.Id,
        e.EmployeeCode,
        e.Name,
        d.Name AS Department,
        et.Name AS EmploymentType,
        l.Name AS Location,
        e.Attendance,
        e.Performance,
        e.ActiveProjects,
        e.ExperienceYears,
        e.Salary,
        e.JoiningYear,
        e.IsActive,
        e.DepartmentId,
        e.EmploymentTypeId,
        e.LocationId
    FROM Employees e
    INNER JOIN Departments d ON e.DepartmentId = d.Id
    INNER JOIN Locations l ON e.LocationId = l.Id
    INNER JOIN EmploymentTypes et ON e.EmploymentTypeId = et.Id
    WHERE (@DepartmentId IS NULL OR e.DepartmentId = @DepartmentId)
      AND (@EmploymentTypeId IS NULL OR e.EmploymentTypeId = @EmploymentTypeId)
      AND (@LocationId IS NULL OR e.LocationId = @LocationId)
    ORDER BY e.ActiveProjects DESC, e.Id
    OFFSET @offset ROWS FETCH NEXT @size ROWS ONLY
[2026-09-07 14:05:46] [INF] Fetched 10 top contributors from page 99690 with total 100000
[2026-09-07 14:05:46] [INF] HTTP GET /api/employees/top-contributors responded 200 in 2144.0576 ms
[2026-09-07 14:05:46] [INF] Query executed :
    SELECT
        e.Id,
        e.EmployeeCode,
        e.Name,
        d.Name AS Department,
        et.Name AS EmploymentType,
        l.Name AS Location,
        e.Attendance,
        e.Performance,
        e.ActiveProjects,
        e.ExperienceYears,
        e.Salary,
        e.JoiningYear,
        e.IsActive,
        e.DepartmentId,
        e.EmploymentTypeId,
        e.LocationId
    FROM Employees e
    INNER JOIN Departments d ON e.DepartmentId = d.Id
    INNER JOIN Locations l ON e.LocationId = l.Id
    INNER JOIN EmploymentTypes et ON e.EmploymentTypeId = et.Id
    WHERE (@DepartmentId IS NULL OR e.DepartmentId = @DepartmentId)
      AND (@EmploymentTypeId IS NULL OR e.EmploymentTypeId = @EmploymentTypeId)
      AND (@LocationId IS NULL OR e.LocationId = @LocationId)
    ORDER BY e.ActiveProjects DESC, e.Id
    OFFSET @offset ROWS FETCH NEXT @size ROWS ONLY
[2026-09-07 14:05:47] [INF] Fetched 10 top contributors from page 99390 with total 100000
[2026-09-07 14:05:47] [INF] HTTP GET /api/employees/top-contributors responded 200 in 1457.8653 ms
[2026-09-07 14:05:47] [INF] Query executed :
    SELECT
        e.Id,
        e.EmployeeCode,
        e.Name,
        d.Name AS Department,
        et.Name AS EmploymentType,
        l.Name AS Location,
        e.Attendance,
        e.Performance,
        e.ActiveProjects,
        e.ExperienceYears,
        e.Salary,
        e.JoiningYear,
        e.IsActive,
        e.DepartmentId,
        e.EmploymentTypeId,
        e.LocationId
    FROM Employees e
    INNER JOIN Departments d ON e.DepartmentId = d.Id
    INNER JOIN Locations l ON e.LocationId = l.Id
    INNER JOIN EmploymentTypes et ON e.EmploymentTypeId = et.Id
    WHERE (@DepartmentId IS NULL OR e.DepartmentId = @DepartmentId)
      AND (@EmploymentTypeId IS NULL OR e.EmploymentTypeId = @EmploymentTypeId)
      AND (@LocationId IS NULL OR e.LocationId = @LocationId)
    ORDER BY e.ActiveProjects DESC, e.Id
    OFFSET @offset ROWS FETCH NEXT @size ROWS ONLY
[2026-09-07 14:05:47] [INF] Fetched 10 top contributors from page 99190 with total 100000
[2026-09-07 14:05:47] [INF] HTTP GET /api/employees/top-contributors responded 200 in 1489.0267 ms
[2026-09-07 14:05:47] [INF] Query executed :
    SELECT
        e.Id,
        e.EmployeeCode,
        e.Name,
        d.Name AS Department,
        et.Name AS EmploymentType,
        l.Name AS Location,
        e.Attendance,
        e.Performance,
        e.ActiveProjects,
        e.ExperienceYears,
        e.Salary,
        e.JoiningYear,
        e.IsActive,
        e.DepartmentId,
        e.EmploymentTypeId,
        e.LocationId
    FROM Employees e
    INNER JOIN Departments d ON e.DepartmentId = d.Id
    INNER JOIN Locations l ON e.LocationId = l.Id
    INNER JOIN EmploymentTypes et ON e.EmploymentTypeId = et.Id
    WHERE (@DepartmentId IS NULL OR e.DepartmentId = @DepartmentId)
      AND (@EmploymentTypeId IS NULL OR e.EmploymentTypeId = @EmploymentTypeId)
      AND (@LocationId IS NULL OR e.LocationId = @LocationId)
    ORDER BY e.ActiveProjects DESC, e.Id
    OFFSET @offset ROWS FETCH NEXT @size ROWS ONLY
[2026-09-07 14:05:47] [INF] Fetched 10 top contributors from page 99590 with total 100000
[2026-09-07 14:05:47] [INF] HTTP GET /api/employees/top-contributors responded 200 in 2508.9698 ms
[2026-09-07 14:05:47] [INF] Query executed :
    SELECT
        e.Id,
        e.EmployeeCode,
        e.Name,
        d.Name AS Department,
        et.Name AS EmploymentType,
        l.Name AS Location,
        e.Attendance,
        e.Performance,
        e.ActiveProjects,
        e.ExperienceYears,
        e.Salary,
        e.JoiningYear,
        e.IsActive,
        e.DepartmentId,
        e.EmploymentTypeId,
        e.LocationId
    FROM Employees e
    INNER JOIN Departments d ON e.DepartmentId = d.Id
    INNER JOIN Locations l ON e.LocationId = l.Id
    INNER JOIN EmploymentTypes et ON e.EmploymentTypeId = et.Id
    WHERE (@DepartmentId IS NULL OR e.DepartmentId = @DepartmentId)
      AND (@EmploymentTypeId IS NULL OR e.EmploymentTypeId = @EmploymentTypeId)
      AND (@LocationId IS NULL OR e.LocationId = @LocationId)
    ORDER BY e.ActiveProjects DESC, e.Id
    OFFSET @offset ROWS FETCH NEXT @size ROWS ONLY
[2026-09-07 14:05:48] [INF] Fetched 10 top contributors from page 99490 with total 100000
[2026-09-07 14:05:48] [INF] HTTP GET /api/employees/top-contributors responded 200 in 2637.6865 ms
[2026-09-07 14:05:48] [INF] Query executed :
    SELECT
        e.Id,
        e.EmployeeCode,
        e.Name,
        d.Name AS Department,
        et.Name AS EmploymentType,
        l.Name AS Location,
        e.Attendance,
        e.Performance,
        e.ActiveProjects,
        e.ExperienceYears,
        e.Salary,
        e.JoiningYear,
        e.IsActive,
        e.DepartmentId,
        e.EmploymentTypeId,
        e.LocationId
    FROM Employees e
    INNER JOIN Departments d ON e.DepartmentId = d.Id
    INNER JOIN Locations l ON e.LocationId = l.Id
    INNER JOIN EmploymentTypes et ON e.EmploymentTypeId = et.Id
    WHERE (@DepartmentId IS NULL OR e.DepartmentId = @DepartmentId)
      AND (@EmploymentTypeId IS NULL OR e.EmploymentTypeId = @EmploymentTypeId)
      AND (@LocationId IS NULL OR e.LocationId = @LocationId)
    ORDER BY e.ActiveProjects DESC, e.Id
    OFFSET @offset ROWS FETCH NEXT @size ROWS ONLY
[2026-09-07 14:05:48] [INF] Fetched 10 top contributors from page 98990 with total 100000
[2026-09-07 14:05:48] [INF] HTTP GET /api/employees/top-contributors responded 200 in 1388.0084 ms
[2026-09-07 14:05:48] [INF] Query executed :
    SELECT
        e.Id,
        e.EmployeeCode,
        e.Name,
        d.Name AS Department,
        et.Name AS EmploymentType,
        l.Name AS Location,
        e.Attendance,
        e.Performance,
        e.ActiveProjects,
        e.ExperienceYears,
        e.Salary,
        e.JoiningYear,
        e.IsActive,
        e.DepartmentId,
        e.EmploymentTypeId,
        e.LocationId
    FROM Employees e
    INNER JOIN Departments d ON e.DepartmentId = d.Id
    INNER JOIN Locations l ON e.LocationId = l.Id
    INNER JOIN EmploymentTypes et ON e.EmploymentTypeId = et.Id
    WHERE (@DepartmentId IS NULL OR e.DepartmentId = @DepartmentId)
      AND (@EmploymentTypeId IS NULL OR e.EmploymentTypeId = @EmploymentTypeId)
      AND (@LocationId IS NULL OR e.LocationId = @LocationId)
    ORDER BY e.ActiveProjects DESC, e.Id
    OFFSET @offset ROWS FETCH NEXT @size ROWS ONLY
[2026-09-07 14:05:48] [INF] Fetched 10 top contributors from page 98890 with total 100000
[2026-09-07 14:05:48] [INF] HTTP GET /api/employees/top-contributors responded 200 in 1399.1739 ms
[2026-09-07 14:05:48] [INF] Query executed :
    SELECT
        e.Id,
        e.EmployeeCode,
        e.Name,
        d.Name AS Department,
        et.Name AS EmploymentType,
        l.Name AS Location,
        e.Attendance,
        e.Performance,
        e.ActiveProjects,
        e.ExperienceYears,
        e.Salary,
        e.JoiningYear,
        e.IsActive,
        e.DepartmentId,
        e.EmploymentTypeId,
        e.LocationId
    FROM Employees e
    INNER JOIN Departments d ON e.DepartmentId = d.Id
    INNER JOIN Locations l ON e.LocationId = l.Id
    INNER JOIN EmploymentTypes et ON e.EmploymentTypeId = et.Id
    WHERE (@DepartmentId IS NULL OR e.DepartmentId = @DepartmentId)
      AND (@EmploymentTypeId IS NULL OR e.EmploymentTypeId = @EmploymentTypeId)
      AND (@LocationId IS NULL OR e.LocationId = @LocationId)
    ORDER BY e.ActiveProjects DESC, e.Id
    OFFSET @offset ROWS FETCH NEXT @size ROWS ONLY
[2026-09-07 14:05:48] [INF] Fetched 10 top contributors from page 99290 with total 100000
[2026-09-07 14:05:48] [INF] HTTP GET /api/employees/top-contributors responded 200 in 3130.4967 ms
[2026-09-07 14:05:48] [INF] Query executed :
    SELECT
        e.Id,
        e.EmployeeCode,
        e.Name,
        d.Name AS Department,
        et.Name AS EmploymentType,
        l.Name AS Location,
        e.Attendance,
        e.Performance,
        e.ActiveProjects,
        e.ExperienceYears,
        e.Salary,
        e.JoiningYear,
        e.IsActive,
        e.DepartmentId,
        e.EmploymentTypeId,
        e.LocationId
    FROM Employees e
    INNER JOIN Departments d ON e.DepartmentId = d.Id
    INNER JOIN Locations l ON e.LocationId = l.Id
    INNER JOIN EmploymentTypes et ON e.EmploymentTypeId = et.Id
    WHERE (@DepartmentId IS NULL OR e.DepartmentId = @DepartmentId)
      AND (@EmploymentTypeId IS NULL OR e.EmploymentTypeId = @EmploymentTypeId)
      AND (@LocationId IS NULL OR e.LocationId = @LocationId)
    ORDER BY e.ActiveProjects DESC, e.Id
    OFFSET @offset ROWS FETCH NEXT @size ROWS ONLY
[2026-09-07 14:05:49] [INF] Fetched 10 top contributors from page 98590 with total 100000
[2026-09-07 14:05:49] [INF] HTTP GET /api/employees/top-contributors responded 200 in 1395.1631 ms
[2026-09-07 14:05:49] [INF] Query executed :
    SELECT
        e.Id,
        e.EmployeeCode,
        e.Name,
        d.Name AS Department,
        et.Name AS EmploymentType,
        l.Name AS Location,
        e.Attendance,
        e.Performance,
        e.ActiveProjects,
        e.ExperienceYears,
        e.Salary,
        e.JoiningYear,
        e.IsActive,
        e.DepartmentId,
        e.EmploymentTypeId,
        e.LocationId
    FROM Employees e
    INNER JOIN Departments d ON e.DepartmentId = d.Id
    INNER JOIN Locations l ON e.LocationId = l.Id
    INNER JOIN EmploymentTypes et ON e.EmploymentTypeId = et.Id
    WHERE (@DepartmentId IS NULL OR e.DepartmentId = @DepartmentId)
      AND (@EmploymentTypeId IS NULL OR e.EmploymentTypeId = @EmploymentTypeId)
      AND (@LocationId IS NULL OR e.LocationId = @LocationId)
    ORDER BY e.ActiveProjects DESC, e.Id
    OFFSET @offset ROWS FETCH NEXT @size ROWS ONLY
[2026-09-07 14:05:50] [INF] Fetched 10 top contributors from page 99090 with total 100000
[2026-09-07 14:05:50] [INF] HTTP GET /api/employees/top-contributors responded 200 in 3118.3934 ms
[2026-09-07 14:05:50] [INF] Query executed :
    SELECT
        e.Id,
        e.EmployeeCode,
        e.Name,
        d.Name AS Department,
        et.Name AS EmploymentType,
        l.Name AS Location,
        e.Attendance,
        e.Performance,
        e.ActiveProjects,
        e.ExperienceYears,
        e.Salary,
        e.JoiningYear,
        e.IsActive,
        e.DepartmentId,
        e.EmploymentTypeId,
        e.LocationId
    FROM Employees e
    INNER JOIN Departments d ON e.DepartmentId = d.Id
    INNER JOIN Locations l ON e.LocationId = l.Id
    INNER JOIN EmploymentTypes et ON e.EmploymentTypeId = et.Id
    WHERE (@DepartmentId IS NULL OR e.DepartmentId = @DepartmentId)
      AND (@EmploymentTypeId IS NULL OR e.EmploymentTypeId = @EmploymentTypeId)
      AND (@LocationId IS NULL OR e.LocationId = @LocationId)
    ORDER BY e.ActiveProjects DESC, e.Id
    OFFSET @offset ROWS FETCH NEXT @size ROWS ONLY
[2026-09-07 14:05:50] [INF] Fetched 10 top contributors from page 98490 with total 100000
[2026-09-07 14:05:50] [INF] HTTP GET /api/employees/top-contributors responded 200 in 1446.4374 ms
[2026-09-07 14:05:50] [INF] Query executed :
    SELECT
        e.Id,
        e.EmployeeCode,
        e.Name,
        d.Name AS Department,
        et.Name AS EmploymentType,
        l.Name AS Location,
        e.Attendance,
        e.Performance,
        e.ActiveProjects,
        e.ExperienceYears,
        e.Salary,
        e.JoiningYear,
        e.IsActive,
        e.DepartmentId,
        e.EmploymentTypeId,
        e.LocationId
    FROM Employees e
    INNER JOIN Departments d ON e.DepartmentId = d.Id
    INNER JOIN Locations l ON e.LocationId = l.Id
    INNER JOIN EmploymentTypes et ON e.EmploymentTypeId = et.Id
    WHERE (@DepartmentId IS NULL OR e.DepartmentId = @DepartmentId)
      AND (@EmploymentTypeId IS NULL OR e.EmploymentTypeId = @EmploymentTypeId)
      AND (@LocationId IS NULL OR e.LocationId = @LocationId)
    ORDER BY e.ActiveProjects DESC, e.Id
    OFFSET @offset ROWS FETCH NEXT @size ROWS ONLY
[2026-09-07 14:05:50] [INF] Fetched 10 top contributors from page 98690 with total 100000
[2026-09-07 14:05:50] [INF] HTTP GET /api/employees/top-contributors responded 200 in 2515.1582 ms
[2026-09-07 14:05:50] [INF] Query executed :
    SELECT
        e.Id,
        e.EmployeeCode,
        e.Name,
        d.Name AS Department,
        et.Name AS EmploymentType,
        l.Name AS Location,
        e.Attendance,
        e.Performance,
        e.ActiveProjects,
        e.ExperienceYears,
        e.Salary,
        e.JoiningYear,
        e.IsActive,
        e.DepartmentId,
        e.EmploymentTypeId,
        e.LocationId
    FROM Employees e
    INNER JOIN Departments d ON e.DepartmentId = d.Id
    INNER JOIN Locations l ON e.LocationId = l.Id
    INNER JOIN EmploymentTypes et ON e.EmploymentTypeId = et.Id
    WHERE (@DepartmentId IS NULL OR e.DepartmentId = @DepartmentId)
      AND (@EmploymentTypeId IS NULL OR e.EmploymentTypeId = @EmploymentTypeId)
      AND (@LocationId IS NULL OR e.LocationId = @LocationId)
    ORDER BY e.ActiveProjects DESC, e.Id
    OFFSET @offset ROWS FETCH NEXT @size ROWS ONLY
[2026-09-07 14:05:50] [INF] Fetched 10 top contributors from page 98790 with total 100000
[2026-09-07 14:05:50] [INF] HTTP GET /api/employees/top-contributors responded 200 in 2958.3700 ms
[2026-09-07 14:05:50] [INF] Query executed :
    SELECT
        e.Id,
        e.EmployeeCode,
        e.Name,
        d.Name AS Department,
        et.Name AS EmploymentType,
        l.Name AS Location,
        e.Attendance,
        e.Performance,
        e.ActiveProjects,
        e.ExperienceYears,
        e.Salary,
        e.JoiningYear,
        e.IsActive,
        e.DepartmentId,
        e.EmploymentTypeId,
        e.LocationId
    FROM Employees e
    INNER JOIN Departments d ON e.DepartmentId = d.Id
    INNER JOIN Locations l ON e.LocationId = l.Id
    INNER JOIN EmploymentTypes et ON e.EmploymentTypeId = et.Id
    WHERE (@DepartmentId IS NULL OR e.DepartmentId = @DepartmentId)
      AND (@EmploymentTypeId IS NULL OR e.EmploymentTypeId = @EmploymentTypeId)
      AND (@LocationId IS NULL OR e.LocationId = @LocationId)
    ORDER BY e.ActiveProjects DESC, e.Id
    OFFSET @offset ROWS FETCH NEXT @size ROWS ONLY
[2026-09-07 14:05:51] [INF] Fetched 10 top contributors from page 98290 with total 100000
[2026-09-07 14:05:51] [INF] HTTP GET /api/employees/top-contributors responded 200 in 1346.6868 ms
[2026-09-07 14:05:51] [INF] Query executed :
    SELECT
        e.Id,
        e.EmployeeCode,
        e.Name,
        d.Name AS Department,
        et.Name AS EmploymentType,
        l.Name AS Location,
        e.Attendance,
        e.Performance,
        e.ActiveProjects,
        e.ExperienceYears,
        e.Salary,
        e.JoiningYear,
        e.IsActive,
        e.DepartmentId,
        e.EmploymentTypeId,
        e.LocationId
    FROM Employees e
    INNER JOIN Departments d ON e.DepartmentId = d.Id
    INNER JOIN Locations l ON e.LocationId = l.Id
    INNER JOIN EmploymentTypes et ON e.EmploymentTypeId = et.Id
    WHERE (@DepartmentId IS NULL OR e.DepartmentId = @DepartmentId)
      AND (@EmploymentTypeId IS NULL OR e.EmploymentTypeId = @EmploymentTypeId)
      AND (@LocationId IS NULL OR e.LocationId = @LocationId)
    ORDER BY e.ActiveProjects DESC, e.Id
    OFFSET @offset ROWS FETCH NEXT @size ROWS ONLY
[2026-09-07 14:05:51] [INF] Fetched 10 top contributors from page 98390 with total 100000
[2026-09-07 14:05:51] [INF] HTTP GET /api/employees/top-contributors responded 200 in 2812.4555 ms
[2026-09-07 14:05:51] [INF] Query executed :
    SELECT
        e.Id,
        e.EmployeeCode,
        e.Name,
        d.Name AS Department,
        et.Name AS EmploymentType,
        l.Name AS Location,
        e.Attendance,
        e.Performance,
        e.ActiveProjects,
        e.ExperienceYears,
        e.Salary,
        e.JoiningYear,
        e.IsActive,
        e.DepartmentId,
        e.EmploymentTypeId,
        e.LocationId
    FROM Employees e
    INNER JOIN Departments d ON e.DepartmentId = d.Id
    INNER JOIN Locations l ON e.LocationId = l.Id
    INNER JOIN EmploymentTypes et ON e.EmploymentTypeId = et.Id
    WHERE (@DepartmentId IS NULL OR e.DepartmentId = @DepartmentId)
      AND (@EmploymentTypeId IS NULL OR e.EmploymentTypeId = @EmploymentTypeId)
      AND (@LocationId IS NULL OR e.LocationId = @LocationId)
    ORDER BY e.ActiveProjects DESC, e.Id
    OFFSET @offset ROWS FETCH NEXT @size ROWS ONLY
[2026-09-07 14:05:51] [INF] Fetched 10 top contributors from page 98090 with total 100000
[2026-09-07 14:05:51] [INF] HTTP GET /api/employees/top-contributors responded 200 in 1395.1122 ms
[2026-09-07 14:05:51] [INF] Query executed :
    SELECT
        e.Id,
        e.EmployeeCode,
        e.Name,
        d.Name AS Department,
        et.Name AS EmploymentType,
        l.Name AS Location,
        e.Attendance,
        e.Performance,
        e.ActiveProjects,
        e.ExperienceYears,
        e.Salary,
        e.JoiningYear,
        e.IsActive,
        e.DepartmentId,
        e.EmploymentTypeId,
        e.LocationId
    FROM Employees e
    INNER JOIN Departments d ON e.DepartmentId = d.Id
    INNER JOIN Locations l ON e.LocationId = l.Id
    INNER JOIN EmploymentTypes et ON e.EmploymentTypeId = et.Id
    WHERE (@DepartmentId IS NULL OR e.DepartmentId = @DepartmentId)
      AND (@EmploymentTypeId IS NULL OR e.EmploymentTypeId = @EmploymentTypeId)
      AND (@LocationId IS NULL OR e.LocationId = @LocationId)
    ORDER BY e.ActiveProjects DESC, e.Id
    OFFSET @offset ROWS FETCH NEXT @size ROWS ONLY
[2026-09-07 14:05:52] [INF] Fetched 10 top contributors from page 97790 with total 100000
[2026-09-07 14:05:52] [INF] HTTP GET /api/employees/top-contributors responded 200 in 1408.8028 ms
[2026-09-07 14:05:52] [INF] Query executed :
    SELECT
        e.Id,
        e.EmployeeCode,
        e.Name,
        d.Name AS Department,
        et.Name AS EmploymentType,
        l.Name AS Location,
        e.Attendance,
        e.Performance,
        e.ActiveProjects,
        e.ExperienceYears,
        e.Salary,
        e.JoiningYear,
        e.IsActive,
        e.DepartmentId,
        e.EmploymentTypeId,
        e.LocationId
    FROM Employees e
    INNER JOIN Departments d ON e.DepartmentId = d.Id
    INNER JOIN Locations l ON e.LocationId = l.Id
    INNER JOIN EmploymentTypes et ON e.EmploymentTypeId = et.Id
    WHERE (@DepartmentId IS NULL OR e.DepartmentId = @DepartmentId)
      AND (@EmploymentTypeId IS NULL OR e.EmploymentTypeId = @EmploymentTypeId)
      AND (@LocationId IS NULL OR e.LocationId = @LocationId)
    ORDER BY e.ActiveProjects DESC, e.Id
    OFFSET @offset ROWS FETCH NEXT @size ROWS ONLY
[2026-09-07 14:05:53] [INF] Fetched 10 top contributors from page 98190 with total 100000
[2026-09-07 14:05:53] [INF] HTTP GET /api/employees/top-contributors responded 200 in 3042.7659 ms
[2026-09-07 14:05:53] [INF] Query executed :
    SELECT
        e.Id,
        e.EmployeeCode,
        e.Name,
        d.Name AS Department,
        et.Name AS EmploymentType,
        l.Name AS Location,
        e.Attendance,
        e.Performance,
        e.ActiveProjects,
        e.ExperienceYears,
        e.Salary,
        e.JoiningYear,
        e.IsActive,
        e.DepartmentId,
        e.EmploymentTypeId,
        e.LocationId
    FROM Employees e
    INNER JOIN Departments d ON e.DepartmentId = d.Id
    INNER JOIN Locations l ON e.LocationId = l.Id
    INNER JOIN EmploymentTypes et ON e.EmploymentTypeId = et.Id
    WHERE (@DepartmentId IS NULL OR e.DepartmentId = @DepartmentId)
      AND (@EmploymentTypeId IS NULL OR e.EmploymentTypeId = @EmploymentTypeId)
      AND (@LocationId IS NULL OR e.LocationId = @LocationId)
    ORDER BY e.ActiveProjects DESC, e.Id
    OFFSET @offset ROWS FETCH NEXT @size ROWS ONLY
[2026-09-07 14:05:53] [INF] Fetched 10 top contributors from page 97590 with total 100000
[2026-09-07 14:05:53] [INF] HTTP GET /api/employees/top-contributors responded 200 in 1411.1478 ms
[2026-09-07 14:05:53] [INF] Query executed :
    SELECT
        e.Id,
        e.EmployeeCode,
        e.Name,
        d.Name AS Department,
        et.Name AS EmploymentType,
        l.Name AS Location,
        e.Attendance,
        e.Performance,
        e.ActiveProjects,
        e.ExperienceYears,
        e.Salary,
        e.JoiningYear,
        e.IsActive,
        e.DepartmentId,
        e.EmploymentTypeId,
        e.LocationId
    FROM Employees e
    INNER JOIN Departments d ON e.DepartmentId = d.Id
    INNER JOIN Locations l ON e.LocationId = l.Id
    INNER JOIN EmploymentTypes et ON e.EmploymentTypeId = et.Id
    WHERE (@DepartmentId IS NULL OR e.DepartmentId = @DepartmentId)
      AND (@EmploymentTypeId IS NULL OR e.EmploymentTypeId = @EmploymentTypeId)
      AND (@LocationId IS NULL OR e.LocationId = @LocationId)
    ORDER BY e.ActiveProjects DESC, e.Id
    OFFSET @offset ROWS FETCH NEXT @size ROWS ONLY
[2026-09-07 14:05:53] [INF] Fetched 10 top contributors from page 97990 with total 100000
[2026-09-07 14:05:53] [INF] HTTP GET /api/employees/top-contributors responded 200 in 3191.5450 ms
[2026-09-07 14:05:53] [INF] Query executed :
    SELECT
        e.Id,
        e.EmployeeCode,
        e.Name,
        d.Name AS Department,
        et.Name AS EmploymentType,
        l.Name AS Location,
        e.Attendance,
        e.Performance,
        e.ActiveProjects,
        e.ExperienceYears,
        e.Salary,
        e.JoiningYear,
        e.IsActive,
        e.DepartmentId,
        e.EmploymentTypeId,
        e.LocationId
    FROM Employees e
    INNER JOIN Departments d ON e.DepartmentId = d.Id
    INNER JOIN Locations l ON e.LocationId = l.Id
    INNER JOIN EmploymentTypes et ON e.EmploymentTypeId = et.Id
    WHERE (@DepartmentId IS NULL OR e.DepartmentId = @DepartmentId)
      AND (@EmploymentTypeId IS NULL OR e.EmploymentTypeId = @EmploymentTypeId)
      AND (@LocationId IS NULL OR e.LocationId = @LocationId)
    ORDER BY e.ActiveProjects DESC, e.Id
    OFFSET @offset ROWS FETCH NEXT @size ROWS ONLY
[2026-09-07 14:05:53] [INF] Fetched 10 top contributors from page 97490 with total 100000
[2026-09-07 14:05:53] [INF] HTTP GET /api/employees/top-contributors responded 200 in 1342.7757 ms
[2026-09-07 14:05:53] [INF] Query executed :
    SELECT
        e.Id,
        e.EmployeeCode,
        e.Name,
        d.Name AS Department,
        et.Name AS EmploymentType,
        l.Name AS Location,
        e.Attendance,
        e.Performance,
        e.ActiveProjects,
        e.ExperienceYears,
        e.Salary,
        e.JoiningYear,
        e.IsActive,
        e.DepartmentId,
        e.EmploymentTypeId,
        e.LocationId
    FROM Employees e
    INNER JOIN Departments d ON e.DepartmentId = d.Id
    INNER JOIN Locations l ON e.LocationId = l.Id
    INNER JOIN EmploymentTypes et ON e.EmploymentTypeId = et.Id
    WHERE (@DepartmentId IS NULL OR e.DepartmentId = @DepartmentId)
      AND (@EmploymentTypeId IS NULL OR e.EmploymentTypeId = @EmploymentTypeId)
      AND (@LocationId IS NULL OR e.LocationId = @LocationId)
    ORDER BY e.ActiveProjects DESC, e.Id
    OFFSET @offset ROWS FETCH NEXT @size ROWS ONLY
[2026-09-07 14:05:53] [INF] Fetched 10 top contributors from page 97890 with total 100000
[2026-09-07 14:05:53] [INF] HTTP GET /api/employees/top-contributors responded 200 in 3257.2354 ms
[2026-09-07 14:05:53] [INF] Query executed :
    SELECT
        e.Id,
        e.EmployeeCode,
        e.Name,
        d.Name AS Department,
        et.Name AS EmploymentType,
        l.Name AS Location,
        e.Attendance,
        e.Performance,
        e.ActiveProjects,
        e.ExperienceYears,
        e.Salary,
        e.JoiningYear,
        e.IsActive,
        e.DepartmentId,
        e.EmploymentTypeId,
        e.LocationId
    FROM Employees e
    INNER JOIN Departments d ON e.DepartmentId = d.Id
    INNER JOIN Locations l ON e.LocationId = l.Id
    INNER JOIN EmploymentTypes et ON e.EmploymentTypeId = et.Id
    WHERE (@DepartmentId IS NULL OR e.DepartmentId = @DepartmentId)
      AND (@EmploymentTypeId IS NULL OR e.EmploymentTypeId = @EmploymentTypeId)
      AND (@LocationId IS NULL OR e.LocationId = @LocationId)
    ORDER BY e.ActiveProjects DESC, e.Id
    OFFSET @offset ROWS FETCH NEXT @size ROWS ONLY
[2026-09-07 14:05:54] [INF] Fetched 10 top contributors from page 97690 with total 100000
[2026-09-07 14:05:54] [INF] HTTP GET /api/employees/top-contributors responded 200 in 2737.9767 ms
[2026-09-07 14:05:54] [INF] Query executed :
    SELECT
        e.Id,
        e.EmployeeCode,
        e.Name,
        d.Name AS Department,
        et.Name AS EmploymentType,
        l.Name AS Location,
        e.Attendance,
        e.Performance,
        e.ActiveProjects,
        e.ExperienceYears,
        e.Salary,
        e.JoiningYear,
        e.IsActive,
        e.DepartmentId,
        e.EmploymentTypeId,
        e.LocationId
    FROM Employees e
    INNER JOIN Departments d ON e.DepartmentId = d.Id
    INNER JOIN Locations l ON e.LocationId = l.Id
    INNER JOIN EmploymentTypes et ON e.EmploymentTypeId = et.Id
    WHERE (@DepartmentId IS NULL OR e.DepartmentId = @DepartmentId)
      AND (@EmploymentTypeId IS NULL OR e.EmploymentTypeId = @EmploymentTypeId)
      AND (@LocationId IS NULL OR e.LocationId = @LocationId)
    ORDER BY e.ActiveProjects DESC, e.Id
    OFFSET @offset ROWS FETCH NEXT @size ROWS ONLY
[2026-09-07 14:05:54] [INF] Fetched 10 top contributors from page 97290 with total 100000
[2026-09-07 14:05:54] [INF] HTTP GET /api/employees/top-contributors responded 200 in 1381.9378 ms
[2026-09-07 14:05:54] [INF] Query executed :
    SELECT
        e.Id,
        e.EmployeeCode,
        e.Name,
        d.Name AS Department,
        et.Name AS EmploymentType,
        l.Name AS Location,
        e.Attendance,
        e.Performance,
        e.ActiveProjects,
        e.ExperienceYears,
        e.Salary,
        e.JoiningYear,
        e.IsActive,
        e.DepartmentId,
        e.EmploymentTypeId,
        e.LocationId
    FROM Employees e
    INNER JOIN Departments d ON e.DepartmentId = d.Id
    INNER JOIN Locations l ON e.LocationId = l.Id
    INNER JOIN EmploymentTypes et ON e.EmploymentTypeId = et.Id
    WHERE (@DepartmentId IS NULL OR e.DepartmentId = @DepartmentId)
      AND (@EmploymentTypeId IS NULL OR e.EmploymentTypeId = @EmploymentTypeId)
      AND (@LocationId IS NULL OR e.LocationId = @LocationId)
    ORDER BY e.ActiveProjects DESC, e.Id
    OFFSET @offset ROWS FETCH NEXT @size ROWS ONLY
[2026-09-07 14:05:55] [INF] Fetched 10 top contributors from page 97090 with total 100000
[2026-09-07 14:05:55] [INF] HTTP GET /api/employees/top-contributors responded 200 in 1345.0927 ms
[2026-09-07 14:05:55] [INF] Query executed :
    SELECT
        e.Id,
        e.EmployeeCode,
        e.Name,
        d.Name AS Department,
        et.Name AS EmploymentType,
        l.Name AS Location,
        e.Attendance,
        e.Performance,
        e.ActiveProjects,
        e.ExperienceYears,
        e.Salary,
        e.JoiningYear,
        e.IsActive,
        e.DepartmentId,
        e.EmploymentTypeId,
        e.LocationId
    FROM Employees e
    INNER JOIN Departments d ON e.DepartmentId = d.Id
    INNER JOIN Locations l ON e.LocationId = l.Id
    INNER JOIN EmploymentTypes et ON e.EmploymentTypeId = et.Id
    WHERE (@DepartmentId IS NULL OR e.DepartmentId = @DepartmentId)
      AND (@EmploymentTypeId IS NULL OR e.EmploymentTypeId = @EmploymentTypeId)
      AND (@LocationId IS NULL OR e.LocationId = @LocationId)
    ORDER BY e.ActiveProjects DESC, e.Id
    OFFSET @offset ROWS FETCH NEXT @size ROWS ONLY
[2026-09-07 14:05:55] [INF] Fetched 10 top contributors from page 97390 with total 100000
[2026-09-07 14:05:55] [INF] HTTP GET /api/employees/top-contributors responded 200 in 2689.4570 ms
[2026-09-07 14:05:55] [INF] Query executed :
    SELECT
        e.Id,
        e.EmployeeCode,
        e.Name,
        d.Name AS Department,
        et.Name AS EmploymentType,
        l.Name AS Location,
        e.Attendance,
        e.Performance,
        e.ActiveProjects,
        e.ExperienceYears,
        e.Salary,
        e.JoiningYear,
        e.IsActive,
        e.DepartmentId,
        e.EmploymentTypeId,
        e.LocationId
    FROM Employees e
    INNER JOIN Departments d ON e.DepartmentId = d.Id
    INNER JOIN Locations l ON e.LocationId = l.Id
    INNER JOIN EmploymentTypes et ON e.EmploymentTypeId = et.Id
    WHERE (@DepartmentId IS NULL OR e.DepartmentId = @DepartmentId)
      AND (@EmploymentTypeId IS NULL OR e.EmploymentTypeId = @EmploymentTypeId)
      AND (@LocationId IS NULL OR e.LocationId = @LocationId)
    ORDER BY e.ActiveProjects DESC, e.Id
    OFFSET @offset ROWS FETCH NEXT @size ROWS ONLY
[2026-09-07 14:05:55] [INF] Fetched 10 top contributors from page 96790 with total 100000
[2026-09-07 14:05:55] [INF] HTTP GET /api/employees/top-contributors responded 200 in 1440.0969 ms
[2026-09-07 14:05:55] [INF] Query executed :
    SELECT
        e.Id,
        e.EmployeeCode,
        e.Name,
        d.Name AS Department,
        et.Name AS EmploymentType,
        l.Name AS Location,
        e.Attendance,
        e.Performance,
        e.ActiveProjects,
        e.ExperienceYears,
        e.Salary,
        e.JoiningYear,
        e.IsActive,
        e.DepartmentId,
        e.EmploymentTypeId,
        e.LocationId
    FROM Employees e
    INNER JOIN Departments d ON e.DepartmentId = d.Id
    INNER JOIN Locations l ON e.LocationId = l.Id
    INNER JOIN EmploymentTypes et ON e.EmploymentTypeId = et.Id
    WHERE (@DepartmentId IS NULL OR e.DepartmentId = @DepartmentId)
      AND (@EmploymentTypeId IS NULL OR e.EmploymentTypeId = @EmploymentTypeId)
      AND (@LocationId IS NULL OR e.LocationId = @LocationId)
    ORDER BY e.ActiveProjects DESC, e.Id
    OFFSET @offset ROWS FETCH NEXT @size ROWS ONLY
[2026-09-07 14:05:56] [INF] Fetched 10 top contributors from page 96690 with total 100000
[2026-09-07 14:05:56] [INF] HTTP GET /api/employees/top-contributors responded 200 in 1417.0746 ms
[2026-09-07 14:05:56] [INF] Query executed :
    SELECT
        e.Id,
        e.EmployeeCode,
        e.Name,
        d.Name AS Department,
        et.Name AS EmploymentType,
        l.Name AS Location,
        e.Attendance,
        e.Performance,
        e.ActiveProjects,
        e.ExperienceYears,
        e.Salary,
        e.JoiningYear,
        e.IsActive,
        e.DepartmentId,
        e.EmploymentTypeId,
        e.LocationId
    FROM Employees e
    INNER JOIN Departments d ON e.DepartmentId = d.Id
    INNER JOIN Locations l ON e.LocationId = l.Id
    INNER JOIN EmploymentTypes et ON e.EmploymentTypeId = et.Id
    WHERE (@DepartmentId IS NULL OR e.DepartmentId = @DepartmentId)
      AND (@EmploymentTypeId IS NULL OR e.EmploymentTypeId = @EmploymentTypeId)
      AND (@LocationId IS NULL OR e.LocationId = @LocationId)
    ORDER BY e.ActiveProjects DESC, e.Id
    OFFSET @offset ROWS FETCH NEXT @size ROWS ONLY
[2026-09-07 14:05:56] [INF] Fetched 10 top contributors from page 97190 with total 100000
[2026-09-07 14:05:56] [INF] HTTP GET /api/employees/top-contributors responded 200 in 3058.8360 ms
[2026-09-07 14:05:56] [INF] Query executed :
    SELECT
        e.Id,
        e.EmployeeCode,
        e.Name,
        d.Name AS Department,
        et.Name AS EmploymentType,
        l.Name AS Location,
        e.Attendance,
        e.Performance,
        e.ActiveProjects,
        e.ExperienceYears,
        e.Salary,
        e.JoiningYear,
        e.IsActive,
        e.DepartmentId,
        e.EmploymentTypeId,
        e.LocationId
    FROM Employees e
    INNER JOIN Departments d ON e.DepartmentId = d.Id
    INNER JOIN Locations l ON e.LocationId = l.Id
    INNER JOIN EmploymentTypes et ON e.EmploymentTypeId = et.Id
    WHERE (@DepartmentId IS NULL OR e.DepartmentId = @DepartmentId)
      AND (@EmploymentTypeId IS NULL OR e.EmploymentTypeId = @EmploymentTypeId)
      AND (@LocationId IS NULL OR e.LocationId = @LocationId)
    ORDER BY e.ActiveProjects DESC, e.Id
    OFFSET @offset ROWS FETCH NEXT @size ROWS ONLY
[2026-09-07 14:05:57] [INF] Fetched 10 top contributors from page 96890 with total 100000
[2026-09-07 14:05:57] [INF] HTTP GET /api/employees/top-contributors responded 200 in 2545.6354 ms
[2026-09-07 14:05:57] [INF] Query executed :
    SELECT
        e.Id,
        e.EmployeeCode,
        e.Name,
        d.Name AS Department,
        et.Name AS EmploymentType,
        l.Name AS Location,
        e.Attendance,
        e.Performance,
        e.ActiveProjects,
        e.ExperienceYears,
        e.Salary,
        e.JoiningYear,
        e.IsActive,
        e.DepartmentId,
        e.EmploymentTypeId,
        e.LocationId
    FROM Employees e
    INNER JOIN Departments d ON e.DepartmentId = d.Id
    INNER JOIN Locations l ON e.LocationId = l.Id
    INNER JOIN EmploymentTypes et ON e.EmploymentTypeId = et.Id
    WHERE (@DepartmentId IS NULL OR e.DepartmentId = @DepartmentId)
      AND (@EmploymentTypeId IS NULL OR e.EmploymentTypeId = @EmploymentTypeId)
      AND (@LocationId IS NULL OR e.LocationId = @LocationId)
    ORDER BY e.ActiveProjects DESC, e.Id
    OFFSET @offset ROWS FETCH NEXT @size ROWS ONLY
[2026-09-07 14:05:57] [INF] Fetched 10 top contributors from page 96490 with total 100000
[2026-09-07 14:05:57] [INF] HTTP GET /api/employees/top-contributors responded 200 in 1364.6590 ms
[2026-09-07 14:05:57] [INF] Query executed :
    SELECT
        e.Id,
        e.EmployeeCode,
        e.Name,
        d.Name AS Department,
        et.Name AS EmploymentType,
        l.Name AS Location,
        e.Attendance,
        e.Performance,
        e.ActiveProjects,
        e.ExperienceYears,
        e.Salary,
        e.JoiningYear,
        e.IsActive,
        e.DepartmentId,
        e.EmploymentTypeId,
        e.LocationId
    FROM Employees e
    INNER JOIN Departments d ON e.DepartmentId = d.Id
    INNER JOIN Locations l ON e.LocationId = l.Id
    INNER JOIN EmploymentTypes et ON e.EmploymentTypeId = et.Id
    WHERE (@DepartmentId IS NULL OR e.DepartmentId = @DepartmentId)
      AND (@EmploymentTypeId IS NULL OR e.EmploymentTypeId = @EmploymentTypeId)
      AND (@LocationId IS NULL OR e.LocationId = @LocationId)
    ORDER BY e.ActiveProjects DESC, e.Id
    OFFSET @offset ROWS FETCH NEXT @size ROWS ONLY
[2026-09-07 14:05:57] [INF] Fetched 10 top contributors from page 96990 with total 100000
[2026-09-07 14:05:57] [INF] HTTP GET /api/employees/top-contributors responded 200 in 3611.5246 ms
[2026-09-07 14:05:57] [INF] Query executed :
    SELECT
        e.Id,
        e.EmployeeCode,
        e.Name,
        d.Name AS Department,
        et.Name AS EmploymentType,
        l.Name AS Location,
        e.Attendance,
        e.Performance,
        e.ActiveProjects,
        e.ExperienceYears,
        e.Salary,
        e.JoiningYear,
        e.IsActive,
        e.DepartmentId,
        e.EmploymentTypeId,
        e.LocationId
    FROM Employees e
    INNER JOIN Departments d ON e.DepartmentId = d.Id
    INNER JOIN Locations l ON e.LocationId = l.Id
    INNER JOIN EmploymentTypes et ON e.EmploymentTypeId = et.Id
    WHERE (@DepartmentId IS NULL OR e.DepartmentId = @DepartmentId)
      AND (@EmploymentTypeId IS NULL OR e.EmploymentTypeId = @EmploymentTypeId)
      AND (@LocationId IS NULL OR e.LocationId = @LocationId)
    ORDER BY e.ActiveProjects DESC, e.Id
    OFFSET @offset ROWS FETCH NEXT @size ROWS ONLY
[2026-09-07 14:05:58] [INF] Fetched 10 top contributors from page 96390 with total 100000
[2026-09-07 14:05:58] [INF] HTTP GET /api/employees/top-contributors responded 200 in 1329.6448 ms
[2026-09-07 14:05:58] [INF] Query executed :
    SELECT
        e.Id,
        e.EmployeeCode,
        e.Name,
        d.Name AS Department,
        et.Name AS EmploymentType,
        l.Name AS Location,
        e.Attendance,
        e.Performance,
        e.ActiveProjects,
        e.ExperienceYears,
        e.Salary,
        e.JoiningYear,
        e.IsActive,
        e.DepartmentId,
        e.EmploymentTypeId,
        e.LocationId
    FROM Employees e
    INNER JOIN Departments d ON e.DepartmentId = d.Id
    INNER JOIN Locations l ON e.LocationId = l.Id
    INNER JOIN EmploymentTypes et ON e.EmploymentTypeId = et.Id
    WHERE (@DepartmentId IS NULL OR e.DepartmentId = @DepartmentId)
      AND (@EmploymentTypeId IS NULL OR e.EmploymentTypeId = @EmploymentTypeId)
      AND (@LocationId IS NULL OR e.LocationId = @LocationId)
    ORDER BY e.ActiveProjects DESC, e.Id
    OFFSET @offset ROWS FETCH NEXT @size ROWS ONLY
[2026-09-07 14:05:58] [INF] Fetched 10 top contributors from page 96090 with total 100000
[2026-09-07 14:05:58] [INF] HTTP GET /api/employees/top-contributors responded 200 in 1422.8979 ms
[2026-09-07 14:05:58] [INF] Fetched 10 top contributors from page 96590 with total 100000
[2026-09-07 14:05:58] [INF] HTTP GET /api/employees/top-contributors responded 200 in 2953.2906 ms
[2026-09-07 14:05:58] [INF] Query executed :
    SELECT
        e.Id,
        e.EmployeeCode,
        e.Name,
        d.Name AS Department,
        et.Name AS EmploymentType,
        l.Name AS Location,
        e.Attendance,
        e.Performance,
        e.ActiveProjects,
        e.ExperienceYears,
        e.Salary,
        e.JoiningYear,
        e.IsActive,
        e.DepartmentId,
        e.EmploymentTypeId,
        e.LocationId
    FROM Employees e
    INNER JOIN Departments d ON e.DepartmentId = d.Id
    INNER JOIN Locations l ON e.LocationId = l.Id
    INNER JOIN EmploymentTypes et ON e.EmploymentTypeId = et.Id
    WHERE (@DepartmentId IS NULL OR e.DepartmentId = @DepartmentId)
      AND (@EmploymentTypeId IS NULL OR e.EmploymentTypeId = @EmploymentTypeId)
      AND (@LocationId IS NULL OR e.LocationId = @LocationId)
    ORDER BY e.ActiveProjects DESC, e.Id
    OFFSET @offset ROWS FETCH NEXT @size ROWS ONLY
[2026-09-07 14:05:58] [INF] Query executed :
    SELECT
        e.Id,
        e.EmployeeCode,
        e.Name,
        d.Name AS Department,
        et.Name AS EmploymentType,
        l.Name AS Location,
        e.Attendance,
        e.Performance,
        e.ActiveProjects,
        e.ExperienceYears,
        e.Salary,
        e.JoiningYear,
        e.IsActive,
        e.DepartmentId,
        e.EmploymentTypeId,
        e.LocationId
    FROM Employees e
    INNER JOIN Departments d ON e.DepartmentId = d.Id
    INNER JOIN Locations l ON e.LocationId = l.Id
    INNER JOIN EmploymentTypes et ON e.EmploymentTypeId = et.Id
    WHERE (@DepartmentId IS NULL OR e.DepartmentId = @DepartmentId)
      AND (@EmploymentTypeId IS NULL OR e.EmploymentTypeId = @EmploymentTypeId)
      AND (@LocationId IS NULL OR e.LocationId = @LocationId)
    ORDER BY e.ActiveProjects DESC, e.Id
    OFFSET @offset ROWS FETCH NEXT @size ROWS ONLY
[2026-09-07 14:05:59] [INF] Fetched 10 top contributors from page 95890 with total 100000
[2026-09-07 14:05:59] [INF] HTTP GET /api/employees/top-contributors responded 200 in 1315.9506 ms
[2026-09-07 14:05:59] [INF] Query executed :
    SELECT
        e.Id,
        e.EmployeeCode,
        e.Name,
        d.Name AS Department,
        et.Name AS EmploymentType,
        l.Name AS Location,
        e.Attendance,
        e.Performance,
        e.ActiveProjects,
        e.ExperienceYears,
        e.Salary,
        e.JoiningYear,
        e.IsActive,
        e.DepartmentId,
        e.EmploymentTypeId,
        e.LocationId
    FROM Employees e
    INNER JOIN Departments d ON e.DepartmentId = d.Id
    INNER JOIN Locations l ON e.LocationId = l.Id
    INNER JOIN EmploymentTypes et ON e.EmploymentTypeId = et.Id
    WHERE (@DepartmentId IS NULL OR e.DepartmentId = @DepartmentId)
      AND (@EmploymentTypeId IS NULL OR e.EmploymentTypeId = @EmploymentTypeId)
      AND (@LocationId IS NULL OR e.LocationId = @LocationId)
    ORDER BY e.ActiveProjects DESC, e.Id
    OFFSET @offset ROWS FETCH NEXT @size ROWS ONLY
[2026-09-07 14:06:00] [INF] Fetched 10 top contributors from page 96190 with total 100000
[2026-09-07 14:06:00] [INF] HTTP GET /api/employees/top-contributors responded 200 in 3053.0147 ms
[2026-09-07 14:06:00] [INF] Query executed :
    SELECT
        e.Id,
        e.EmployeeCode,
        e.Name,
        d.Name AS Department,
        et.Name AS EmploymentType,
        l.Name AS Location,
        e.Attendance,
        e.Performance,
        e.ActiveProjects,
        e.ExperienceYears,
        e.Salary,
        e.JoiningYear,
        e.IsActive,
        e.DepartmentId,
        e.EmploymentTypeId,
        e.LocationId
    FROM Employees e
    INNER JOIN Departments d ON e.DepartmentId = d.Id
    INNER JOIN Locations l ON e.LocationId = l.Id
    INNER JOIN EmploymentTypes et ON e.EmploymentTypeId = et.Id
    WHERE (@DepartmentId IS NULL OR e.DepartmentId = @DepartmentId)
      AND (@EmploymentTypeId IS NULL OR e.EmploymentTypeId = @EmploymentTypeId)
      AND (@LocationId IS NULL OR e.LocationId = @LocationId)
    ORDER BY e.ActiveProjects DESC, e.Id
    OFFSET @offset ROWS FETCH NEXT @size ROWS ONLY
[2026-09-07 14:06:00] [INF] Fetched 10 top contributors from page 96290 with total 100000
[2026-09-07 14:06:00] [INF] HTTP GET /api/employees/top-contributors responded 200 in 3302.1216 ms
[2026-09-07 14:06:00] [INF] Query executed :
    SELECT
        e.Id,
        e.EmployeeCode,
        e.Name,
        d.Name AS Department,
        et.Name AS EmploymentType,
        l.Name AS Location,
        e.Attendance,
        e.Performance,
        e.ActiveProjects,
        e.ExperienceYears,
        e.Salary,
        e.JoiningYear,
        e.IsActive,
        e.DepartmentId,
        e.EmploymentTypeId,
        e.LocationId
    FROM Employees e
    INNER JOIN Departments d ON e.DepartmentId = d.Id
    INNER JOIN Locations l ON e.LocationId = l.Id
    INNER JOIN EmploymentTypes et ON e.EmploymentTypeId = et.Id
    WHERE (@DepartmentId IS NULL OR e.DepartmentId = @DepartmentId)
      AND (@EmploymentTypeId IS NULL OR e.EmploymentTypeId = @EmploymentTypeId)
      AND (@LocationId IS NULL OR e.LocationId = @LocationId)
    ORDER BY e.ActiveProjects DESC, e.Id
    OFFSET @offset ROWS FETCH NEXT @size ROWS ONLY
[2026-09-07 14:06:00] [INF] Fetched 10 top contributors from page 95690 with total 100000
[2026-09-07 14:06:00] [INF] HTTP GET /api/employees/top-contributors responded 200 in 1400.0529 ms
[2026-09-07 14:06:00] [INF] Query executed :
    SELECT
        e.Id,
        e.EmployeeCode,
        e.Name,
        d.Name AS Department,
        et.Name AS EmploymentType,
        l.Name AS Location,
        e.Attendance,
        e.Performance,
        e.ActiveProjects,
        e.ExperienceYears,
        e.Salary,
        e.JoiningYear,
        e.IsActive,
        e.DepartmentId,
        e.EmploymentTypeId,
        e.LocationId
    FROM Employees e
    INNER JOIN Departments d ON e.DepartmentId = d.Id
    INNER JOIN Locations l ON e.LocationId = l.Id
    INNER JOIN EmploymentTypes et ON e.EmploymentTypeId = et.Id
    WHERE (@DepartmentId IS NULL OR e.DepartmentId = @DepartmentId)
      AND (@EmploymentTypeId IS NULL OR e.EmploymentTypeId = @EmploymentTypeId)
      AND (@LocationId IS NULL OR e.LocationId = @LocationId)
    ORDER BY e.ActiveProjects DESC, e.Id
    OFFSET @offset ROWS FETCH NEXT @size ROWS ONLY
[2026-09-07 14:06:00] [INF] Fetched 10 top contributors from page 95990 with total 100000
[2026-09-07 14:06:00] [INF] HTTP GET /api/employees/top-contributors responded 200 in 2788.2472 ms
[2026-09-07 14:06:00] [INF] Query executed :
    SELECT
        e.Id,
        e.EmployeeCode,
        e.Name,
        d.Name AS Department,
        et.Name AS EmploymentType,
        l.Name AS Location,
        e.Attendance,
        e.Performance,
        e.ActiveProjects,
        e.ExperienceYears,
        e.Salary,
        e.JoiningYear,
        e.IsActive,
        e.DepartmentId,
        e.EmploymentTypeId,
        e.LocationId
    FROM Employees e
    INNER JOIN Departments d ON e.DepartmentId = d.Id
    INNER JOIN Locations l ON e.LocationId = l.Id
    INNER JOIN EmploymentTypes et ON e.EmploymentTypeId = et.Id
    WHERE (@DepartmentId IS NULL OR e.DepartmentId = @DepartmentId)
      AND (@EmploymentTypeId IS NULL OR e.EmploymentTypeId = @EmploymentTypeId)
      AND (@LocationId IS NULL OR e.LocationId = @LocationId)
    ORDER BY e.ActiveProjects DESC, e.Id
    OFFSET @offset ROWS FETCH NEXT @size ROWS ONLY
[2026-09-07 14:06:00] [INF] Fetched 10 top contributors from page 95590 with total 100000
[2026-09-07 14:06:00] [INF] HTTP GET /api/employees/top-contributors responded 200 in 1318.7942 ms
[2026-09-07 14:06:00] [INF] Query executed :
    SELECT
        e.Id,
        e.EmployeeCode,
        e.Name,
        d.Name AS Department,
        et.Name AS EmploymentType,
        l.Name AS Location,
        e.Attendance,
        e.Performance,
        e.ActiveProjects,
        e.ExperienceYears,
        e.Salary,
        e.JoiningYear,
        e.IsActive,
        e.DepartmentId,
        e.EmploymentTypeId,
        e.LocationId
    FROM Employees e
    INNER JOIN Departments d ON e.DepartmentId = d.Id
    INNER JOIN Locations l ON e.LocationId = l.Id
    INNER JOIN EmploymentTypes et ON e.EmploymentTypeId = et.Id
    WHERE (@DepartmentId IS NULL OR e.DepartmentId = @DepartmentId)
      AND (@EmploymentTypeId IS NULL OR e.EmploymentTypeId = @EmploymentTypeId)
      AND (@LocationId IS NULL OR e.LocationId = @LocationId)
    ORDER BY e.ActiveProjects DESC, e.Id
    OFFSET @offset ROWS FETCH NEXT @size ROWS ONLY
[2026-09-07 14:06:01] [INF] Fetched 10 top contributors from page 95290 with total 100000
[2026-09-07 14:06:01] [INF] HTTP GET /api/employees/top-contributors responded 200 in 1407.2746 ms
[2026-09-07 14:06:01] [INF] Query executed :
    SELECT
        e.Id,
        e.EmployeeCode,
        e.Name,
        d.Name AS Department,
        et.Name AS EmploymentType,
        l.Name AS Location,
        e.Attendance,
        e.Performance,
        e.ActiveProjects,
        e.ExperienceYears,
        e.Salary,
        e.JoiningYear,
        e.IsActive,
        e.DepartmentId,
        e.EmploymentTypeId,
        e.LocationId
    FROM Employees e
    INNER JOIN Departments d ON e.DepartmentId = d.Id
    INNER JOIN Locations l ON e.LocationId = l.Id
    INNER JOIN EmploymentTypes et ON e.EmploymentTypeId = et.Id
    WHERE (@DepartmentId IS NULL OR e.DepartmentId = @DepartmentId)
      AND (@EmploymentTypeId IS NULL OR e.EmploymentTypeId = @EmploymentTypeId)
      AND (@LocationId IS NULL OR e.LocationId = @LocationId)
    ORDER BY e.ActiveProjects DESC, e.Id
    OFFSET @offset ROWS FETCH NEXT @size ROWS ONLY
[2026-09-07 14:06:01] [INF] Fetched 10 top contributors from page 95790 with total 100000
[2026-09-07 14:06:01] [INF] HTTP GET /api/employees/top-contributors responded 200 in 3091.7800 ms
[2026-09-07 14:06:01] [INF] Query executed :
    SELECT
        e.Id,
        e.EmployeeCode,
        e.Name,
        d.Name AS Department,
        et.Name AS EmploymentType,
        l.Name AS Location,
        e.Attendance,
        e.Performance,
        e.ActiveProjects,
        e.ExperienceYears,
        e.Salary,
        e.JoiningYear,
        e.IsActive,
        e.DepartmentId,
        e.EmploymentTypeId,
        e.LocationId
    FROM Employees e
    INNER JOIN Departments d ON e.DepartmentId = d.Id
    INNER JOIN Locations l ON e.LocationId = l.Id
    INNER JOIN EmploymentTypes et ON e.EmploymentTypeId = et.Id
    WHERE (@DepartmentId IS NULL OR e.DepartmentId = @DepartmentId)
      AND (@EmploymentTypeId IS NULL OR e.EmploymentTypeId = @EmploymentTypeId)
      AND (@LocationId IS NULL OR e.LocationId = @LocationId)
    ORDER BY e.ActiveProjects DESC, e.Id
    OFFSET @offset ROWS FETCH NEXT @size ROWS ONLY
[2026-09-07 14:06:02] [INF] Fetched 10 top contributors from page 95090 with total 100000
[2026-09-07 14:06:02] [INF] HTTP GET /api/employees/top-contributors responded 200 in 1384.6881 ms
[2026-09-07 14:06:02] [INF] Query executed :
    SELECT
        e.Id,
        e.EmployeeCode,
        e.Name,
        d.Name AS Department,
        et.Name AS EmploymentType,
        l.Name AS Location,
        e.Attendance,
        e.Performance,
        e.ActiveProjects,
        e.ExperienceYears,
        e.Salary,
        e.JoiningYear,
        e.IsActive,
        e.DepartmentId,
        e.EmploymentTypeId,
        e.LocationId
    FROM Employees e
    INNER JOIN Departments d ON e.DepartmentId = d.Id
    INNER JOIN Locations l ON e.LocationId = l.Id
    INNER JOIN EmploymentTypes et ON e.EmploymentTypeId = et.Id
    WHERE (@DepartmentId IS NULL OR e.DepartmentId = @DepartmentId)
      AND (@EmploymentTypeId IS NULL OR e.EmploymentTypeId = @EmploymentTypeId)
      AND (@LocationId IS NULL OR e.LocationId = @LocationId)
    ORDER BY e.ActiveProjects DESC, e.Id
    OFFSET @offset ROWS FETCH NEXT @size ROWS ONLY
[2026-09-07 14:06:02] [INF] Fetched 10 top contributors from page 95490 with total 100000
[2026-09-07 14:06:02] [INF] HTTP GET /api/employees/top-contributors responded 200 in 2783.1241 ms
[2026-09-07 14:06:02] [INF] Query executed :
    SELECT
        e.Id,
        e.EmployeeCode,
        e.Name,
        d.Name AS Department,
        et.Name AS EmploymentType,
        l.Name AS Location,
        e.Attendance,
        e.Performance,
        e.ActiveProjects,
        e.ExperienceYears,
        e.Salary,
        e.JoiningYear,
        e.IsActive,
        e.DepartmentId,
        e.EmploymentTypeId,
        e.LocationId
    FROM Employees e
    INNER JOIN Departments d ON e.DepartmentId = d.Id
    INNER JOIN Locations l ON e.LocationId = l.Id
    INNER JOIN EmploymentTypes et ON e.EmploymentTypeId = et.Id
    WHERE (@DepartmentId IS NULL OR e.DepartmentId = @DepartmentId)
      AND (@EmploymentTypeId IS NULL OR e.EmploymentTypeId = @EmploymentTypeId)
      AND (@LocationId IS NULL OR e.LocationId = @LocationId)
    ORDER BY e.ActiveProjects DESC, e.Id
    OFFSET @offset ROWS FETCH NEXT @size ROWS ONLY
[2026-09-07 14:06:03] [INF] Fetched 10 top contributors from page 94990 with total 100000
[2026-09-07 14:06:03] [INF] HTTP GET /api/employees/top-contributors responded 200 in 1434.2439 ms
[2026-09-07 14:06:03] [INF] Query executed :
    SELECT
        e.Id,
        e.EmployeeCode,
        e.Name,
        d.Name AS Department,
        et.Name AS EmploymentType,
        l.Name AS Location,
        e.Attendance,
        e.Performance,
        e.ActiveProjects,
        e.ExperienceYears,
        e.Salary,
        e.JoiningYear,
        e.IsActive,
        e.DepartmentId,
        e.EmploymentTypeId,
        e.LocationId
    FROM Employees e
    INNER JOIN Departments d ON e.DepartmentId = d.Id
    INNER JOIN Locations l ON e.LocationId = l.Id
    INNER JOIN EmploymentTypes et ON e.EmploymentTypeId = et.Id
    WHERE (@DepartmentId IS NULL OR e.DepartmentId = @DepartmentId)
      AND (@EmploymentTypeId IS NULL OR e.EmploymentTypeId = @EmploymentTypeId)
      AND (@LocationId IS NULL OR e.LocationId = @LocationId)
    ORDER BY e.ActiveProjects DESC, e.Id
    OFFSET @offset ROWS FETCH NEXT @size ROWS ONLY
[2026-09-07 14:06:03] [INF] Fetched 10 top contributors from page 95190 with total 100000
[2026-09-07 14:06:03] [INF] HTTP GET /api/employees/top-contributors responded 200 in 2796.8752 ms
[2026-09-07 14:06:03] [INF] Query executed :
    SELECT
        e.Id,
        e.EmployeeCode,
        e.Name,
        d.Name AS Department,
        et.Name AS EmploymentType,
        l.Name AS Location,
        e.Attendance,
        e.Performance,
        e.ActiveProjects,
        e.ExperienceYears,
        e.Salary,
        e.JoiningYear,
        e.IsActive,
        e.DepartmentId,
        e.EmploymentTypeId,
        e.LocationId
    FROM Employees e
    INNER JOIN Departments d ON e.DepartmentId = d.Id
    INNER JOIN Locations l ON e.LocationId = l.Id
    INNER JOIN EmploymentTypes et ON e.EmploymentTypeId = et.Id
    WHERE (@DepartmentId IS NULL OR e.DepartmentId = @DepartmentId)
      AND (@EmploymentTypeId IS NULL OR e.EmploymentTypeId = @EmploymentTypeId)
      AND (@LocationId IS NULL OR e.LocationId = @LocationId)
    ORDER BY e.ActiveProjects DESC, e.Id
    OFFSET @offset ROWS FETCH NEXT @size ROWS ONLY
[2026-09-07 14:06:03] [INF] Fetched 10 top contributors from page 95390 with total 100000
[2026-09-07 14:06:03] [INF] HTTP GET /api/employees/top-contributors responded 200 in 3222.7163 ms
[2026-09-07 14:06:03] [INF] Query executed :
    SELECT
        e.Id,
        e.EmployeeCode,
        e.Name,
        d.Name AS Department,
        et.Name AS EmploymentType,
        l.Name AS Location,
        e.Attendance,
        e.Performance,
        e.ActiveProjects,
        e.ExperienceYears,
        e.Salary,
        e.JoiningYear,
        e.IsActive,
        e.DepartmentId,
        e.EmploymentTypeId,
        e.LocationId
    FROM Employees e
    INNER JOIN Departments d ON e.DepartmentId = d.Id
    INNER JOIN Locations l ON e.LocationId = l.Id
    INNER JOIN EmploymentTypes et ON e.EmploymentTypeId = et.Id
    WHERE (@DepartmentId IS NULL OR e.DepartmentId = @DepartmentId)
      AND (@EmploymentTypeId IS NULL OR e.EmploymentTypeId = @EmploymentTypeId)
      AND (@LocationId IS NULL OR e.LocationId = @LocationId)
    ORDER BY e.ActiveProjects DESC, e.Id
    OFFSET @offset ROWS FETCH NEXT @size ROWS ONLY
[2026-09-07 14:06:03] [INF] Fetched 10 top contributors from page 94790 with total 100000
[2026-09-07 14:06:03] [INF] HTTP GET /api/employees/top-contributors responded 200 in 1347.7009 ms
[2026-09-07 14:06:03] [INF] Query executed :
    SELECT
        e.Id,
        e.EmployeeCode,
        e.Name,
        d.Name AS Department,
        et.Name AS EmploymentType,
        l.Name AS Location,
        e.Attendance,
        e.Performance,
        e.ActiveProjects,
        e.ExperienceYears,
        e.Salary,
        e.JoiningYear,
        e.IsActive,
        e.DepartmentId,
        e.EmploymentTypeId,
        e.LocationId
    FROM Employees e
    INNER JOIN Departments d ON e.DepartmentId = d.Id
    INNER JOIN Locations l ON e.LocationId = l.Id
    INNER JOIN EmploymentTypes et ON e.EmploymentTypeId = et.Id
    WHERE (@DepartmentId IS NULL OR e.DepartmentId = @DepartmentId)
      AND (@EmploymentTypeId IS NULL OR e.EmploymentTypeId = @EmploymentTypeId)
      AND (@LocationId IS NULL OR e.LocationId = @LocationId)
    ORDER BY e.ActiveProjects DESC, e.Id
    OFFSET @offset ROWS FETCH NEXT @size ROWS ONLY
[2026-09-07 14:06:04] [INF] Fetched 10 top contributors from page 94590 with total 100000
[2026-09-07 14:06:04] [INF] HTTP GET /api/employees/top-contributors responded 200 in 1377.5276 ms
[2026-09-07 14:06:04] [INF] Query executed :
    SELECT
        e.Id,
        e.EmployeeCode,
        e.Name,
        d.Name AS Department,
        et.Name AS EmploymentType,
        l.Name AS Location,
        e.Attendance,
        e.Performance,
        e.ActiveProjects,
        e.ExperienceYears,
        e.Salary,
        e.JoiningYear,
        e.IsActive,
        e.DepartmentId,
        e.EmploymentTypeId,
        e.LocationId
    FROM Employees e
    INNER JOIN Departments d ON e.DepartmentId = d.Id
    INNER JOIN Locations l ON e.LocationId = l.Id
    INNER JOIN EmploymentTypes et ON e.EmploymentTypeId = et.Id
    WHERE (@DepartmentId IS NULL OR e.DepartmentId = @DepartmentId)
      AND (@EmploymentTypeId IS NULL OR e.EmploymentTypeId = @EmploymentTypeId)
      AND (@LocationId IS NULL OR e.LocationId = @LocationId)
    ORDER BY e.ActiveProjects DESC, e.Id
    OFFSET @offset ROWS FETCH NEXT @size ROWS ONLY
[2026-09-07 14:06:04] [INF] Fetched 10 top contributors from page 94290 with total 100000
[2026-09-07 14:06:04] [INF] HTTP GET /api/employees/top-contributors responded 200 in 1362.4155 ms
[2026-09-07 14:06:04] [INF] Query executed :
    SELECT
        e.Id,
        e.EmployeeCode,
        e.Name,
        d.Name AS Department,
        et.Name AS EmploymentType,
        l.Name AS Location,
        e.Attendance,
        e.Performance,
        e.ActiveProjects,
        e.ExperienceYears,
        e.Salary,
        e.JoiningYear,
        e.IsActive,
        e.DepartmentId,
        e.EmploymentTypeId,
        e.LocationId
    FROM Employees e
    INNER JOIN Departments d ON e.DepartmentId = d.Id
    INNER JOIN Locations l ON e.LocationId = l.Id
    INNER JOIN EmploymentTypes et ON e.EmploymentTypeId = et.Id
    WHERE (@DepartmentId IS NULL OR e.DepartmentId = @DepartmentId)
      AND (@EmploymentTypeId IS NULL OR e.EmploymentTypeId = @EmploymentTypeId)
      AND (@LocationId IS NULL OR e.LocationId = @LocationId)
    ORDER BY e.ActiveProjects DESC, e.Id
    OFFSET @offset ROWS FETCH NEXT @size ROWS ONLY
[2026-09-07 14:06:04] [INF] Fetched 10 top contributors from page 94890 with total 100000
[2026-09-07 14:06:04] [INF] HTTP GET /api/employees/top-contributors responded 200 in 2999.2940 ms
[2026-09-07 14:06:04] [INF] Query executed :
    SELECT
        e.Id,
        e.EmployeeCode,
        e.Name,
        d.Name AS Department,
        et.Name AS EmploymentType,
        l.Name AS Location,
        e.Attendance,
        e.Performance,
        e.ActiveProjects,
        e.ExperienceYears,
        e.Salary,
        e.JoiningYear,
        e.IsActive,
        e.DepartmentId,
        e.EmploymentTypeId,
        e.LocationId
    FROM Employees e
    INNER JOIN Departments d ON e.DepartmentId = d.Id
    INNER JOIN Locations l ON e.LocationId = l.Id
    INNER JOIN EmploymentTypes et ON e.EmploymentTypeId = et.Id
    WHERE (@DepartmentId IS NULL OR e.DepartmentId = @DepartmentId)
      AND (@EmploymentTypeId IS NULL OR e.EmploymentTypeId = @EmploymentTypeId)
      AND (@LocationId IS NULL OR e.LocationId = @LocationId)
    ORDER BY e.ActiveProjects DESC, e.Id
    OFFSET @offset ROWS FETCH NEXT @size ROWS ONLY
[2026-09-07 14:06:05] [INF] Fetched 10 top contributors from page 94690 with total 100000
[2026-09-07 14:06:05] [INF] HTTP GET /api/employees/top-contributors responded 200 in 2533.1342 ms
[2026-09-07 14:06:05] [INF] Query executed :
    SELECT
        e.Id,
        e.EmployeeCode,
        e.Name,
        d.Name AS Department,
        et.Name AS EmploymentType,
        l.Name AS Location,
        e.Attendance,
        e.Performance,
        e.ActiveProjects,
        e.ExperienceYears,
        e.Salary,
        e.JoiningYear,
        e.IsActive,
        e.DepartmentId,
        e.EmploymentTypeId,
        e.LocationId
    FROM Employees e
    INNER JOIN Departments d ON e.DepartmentId = d.Id
    INNER JOIN Locations l ON e.LocationId = l.Id
    INNER JOIN EmploymentTypes et ON e.EmploymentTypeId = et.Id
    WHERE (@DepartmentId IS NULL OR e.DepartmentId = @DepartmentId)
      AND (@EmploymentTypeId IS NULL OR e.EmploymentTypeId = @EmploymentTypeId)
      AND (@LocationId IS NULL OR e.LocationId = @LocationId)
    ORDER BY e.ActiveProjects DESC, e.Id
    OFFSET @offset ROWS FETCH NEXT @size ROWS ONLY
[2026-09-07 14:06:05] [INF] Fetched 10 top contributors from page 94190 with total 100000
[2026-09-07 14:06:05] [INF] HTTP GET /api/employees/top-contributors responded 200 in 1398.5670 ms
[2026-09-07 14:06:05] [INF] Query executed :
    SELECT
        e.Id,
        e.EmployeeCode,
        e.Name,
        d.Name AS Department,
        et.Name AS EmploymentType,
        l.Name AS Location,
        e.Attendance,
        e.Performance,
        e.ActiveProjects,
        e.ExperienceYears,
        e.Salary,
        e.JoiningYear,
        e.IsActive,
        e.DepartmentId,
        e.EmploymentTypeId,
        e.LocationId
    FROM Employees e
    INNER JOIN Departments d ON e.DepartmentId = d.Id
    INNER JOIN Locations l ON e.LocationId = l.Id
    INNER JOIN EmploymentTypes et ON e.EmploymentTypeId = et.Id
    WHERE (@DepartmentId IS NULL OR e.DepartmentId = @DepartmentId)
      AND (@EmploymentTypeId IS NULL OR e.EmploymentTypeId = @EmploymentTypeId)
      AND (@LocationId IS NULL OR e.LocationId = @LocationId)
    ORDER BY e.ActiveProjects DESC, e.Id
    OFFSET @offset ROWS FETCH NEXT @size ROWS ONLY
[2026-09-07 14:06:06] [INF] Fetched 10 top contributors from page 94390 with total 100000
[2026-09-07 14:06:06] [INF] HTTP GET /api/employees/top-contributors responded 200 in 2802.9004 ms
[2026-09-07 14:06:06] [INF] Query executed :
    SELECT
        e.Id,
        e.EmployeeCode,
        e.Name,
        d.Name AS Department,
        et.Name AS EmploymentType,
        l.Name AS Location,
        e.Attendance,
        e.Performance,
        e.ActiveProjects,
        e.ExperienceYears,
        e.Salary,
        e.JoiningYear,
        e.IsActive,
        e.DepartmentId,
        e.EmploymentTypeId,
        e.LocationId
    FROM Employees e
    INNER JOIN Departments d ON e.DepartmentId = d.Id
    INNER JOIN Locations l ON e.LocationId = l.Id
    INNER JOIN EmploymentTypes et ON e.EmploymentTypeId = et.Id
    WHERE (@DepartmentId IS NULL OR e.DepartmentId = @DepartmentId)
      AND (@EmploymentTypeId IS NULL OR e.EmploymentTypeId = @EmploymentTypeId)
      AND (@LocationId IS NULL OR e.LocationId = @LocationId)
    ORDER BY e.ActiveProjects DESC, e.Id
    OFFSET @offset ROWS FETCH NEXT @size ROWS ONLY
[2026-09-07 14:06:06] [INF] Fetched 10 top contributors from page 94090 with total 100000
[2026-09-07 14:06:06] [INF] HTTP GET /api/employees/top-contributors responded 200 in 1362.1358 ms
[2026-09-07 14:06:06] [INF] Query executed :
    SELECT
        e.Id,
        e.EmployeeCode,
        e.Name,
        d.Name AS Department,
        et.Name AS EmploymentType,
        l.Name AS Location,
        e.Attendance,
        e.Performance,
        e.ActiveProjects,
        e.ExperienceYears,
        e.Salary,
        e.JoiningYear,
        e.IsActive,
        e.DepartmentId,
        e.EmploymentTypeId,
        e.LocationId
    FROM Employees e
    INNER JOIN Departments d ON e.DepartmentId = d.Id
    INNER JOIN Locations l ON e.LocationId = l.Id
    INNER JOIN EmploymentTypes et ON e.EmploymentTypeId = et.Id
    WHERE (@DepartmentId IS NULL OR e.DepartmentId = @DepartmentId)
      AND (@EmploymentTypeId IS NULL OR e.EmploymentTypeId = @EmploymentTypeId)
      AND (@LocationId IS NULL OR e.LocationId = @LocationId)
    ORDER BY e.ActiveProjects DESC, e.Id
    OFFSET @offset ROWS FETCH NEXT @size ROWS ONLY
[2026-09-07 14:06:06] [INF] Fetched 10 top contributors from page 94490 with total 100000
[2026-09-07 14:06:06] [INF] HTTP GET /api/employees/top-contributors responded 200 in 3240.6077 ms
[2026-09-07 14:06:06] [INF] Query executed :
    SELECT
        e.Id,
        e.EmployeeCode,
        e.Name,
        d.Name AS Department,
        et.Name AS EmploymentType,
        l.Name AS Location,
        e.Attendance,
        e.Performance,
        e.ActiveProjects,
        e.ExperienceYears,
        e.Salary,
        e.JoiningYear,
        e.IsActive,
        e.DepartmentId,
        e.EmploymentTypeId,
        e.LocationId
    FROM Employees e
    INNER JOIN Departments d ON e.DepartmentId = d.Id
    INNER JOIN Locations l ON e.LocationId = l.Id
    INNER JOIN EmploymentTypes et ON e.EmploymentTypeId = et.Id
    WHERE (@DepartmentId IS NULL OR e.DepartmentId = @DepartmentId)
      AND (@EmploymentTypeId IS NULL OR e.EmploymentTypeId = @EmploymentTypeId)
      AND (@LocationId IS NULL OR e.LocationId = @LocationId)
    ORDER BY e.ActiveProjects DESC, e.Id
    OFFSET @offset ROWS FETCH NEXT @size ROWS ONLY
[2026-09-07 14:06:07] [INF] Fetched 10 top contributors from page 93790 with total 100000
[2026-09-07 14:06:07] [INF] HTTP GET /api/employees/top-contributors responded 200 in 1358.2357 ms
[2026-09-07 14:06:07] [INF] Executing dashboard summary query. Filters: DepartmentId=ALL, EmploymentTypeId=ALL, LocationId=ALL. Query: 
        SELECT
            COUNT(*) AS TotalEmployees,
            COALESCE(SUM(CASE WHEN IsActive = 1 THEN 1 ELSE 0 END), 0) AS ActiveEmployees,
            COALESCE(AVG(CAST(Attendance AS DECIMAL(10, 2))), 0) AS AverageAttendance,
            COALESCE(AVG(CAST(Performance AS DECIMAL(10, 2))), 0) AS AveragePerformance
        FROM Employees
        WHERE (@DepartmentId IS NULL OR DepartmentId = @DepartmentId)
          AND (@EmploymentTypeId IS NULL OR EmploymentTypeId = @EmploymentTypeId)
          AND (@LocationId IS NULL OR LocationId = @LocationId)
[2026-09-07 14:06:07] [INF] Dashboard summary query executed. Filters: DepartmentId=ALL, EmploymentTypeId=ALL, LocationId=ALL. Result: TotalEmployees=100000, ActiveEmployees=93334
[2026-09-07 14:06:07] [INF] HTTP GET /api/dashboard/summary responded 200 in 207.2656 ms
[2026-09-07 14:06:07] [INF] GetFilters started
[2026-09-07 14:06:07] [INF] Loaded 5 departments, 4 locations, 4 employment types, 11 skills
[2026-09-07 14:06:07] [INF] GetFilters ended in 24.66 ms
[2026-09-07 14:06:07] [INF] HTTP GET /api/filters responded 200 in 26.8723 ms
[2026-09-07 14:06:07] [INF] Fetched 10 top contributors from page 93590 with total 100000
[2026-09-07 14:06:07] [INF] HTTP GET /api/employees/top-contributors responded 200 in 1361.7163 ms
[2026-09-07 14:06:07] [INF] Fetched 10 top contributors from page 93890 with total 100000
[2026-09-07 14:06:07] [INF] HTTP GET /api/employees/top-contributors responded 200 in 2468.0219 ms
[2026-09-07 14:06:07] [INF] Fetched 10 top contributors from page 93990 with total 100000
[2026-09-07 14:06:07] [INF] HTTP GET /api/employees/top-contributors responded 200 in 2993.6903 ms
[2026-09-07 14:06:08] [INF] Fetched 10 top contributors from page 93490 with total 100000
[2026-09-07 14:06:08] [INF] HTTP GET /api/employees/top-contributors responded 200 in 1857.1456 ms
[2026-09-07 14:06:08] [INF] Fetched 10 top contributors from page 93690 with total 100000
[2026-09-07 14:06:08] [INF] HTTP GET /api/employees/top-contributors responded 200 in 2136.6641 ms
[2026-09-07 14:06:10] [INF] Executing dashboard summary query. Filters: DepartmentId=ALL, EmploymentTypeId=1, LocationId=ALL. Query: 
        SELECT
            COUNT(*) AS TotalEmployees,
            COALESCE(SUM(CASE WHEN IsActive = 1 THEN 1 ELSE 0 END), 0) AS ActiveEmployees,
            COALESCE(AVG(CAST(Attendance AS DECIMAL(10, 2))), 0) AS AverageAttendance,
            COALESCE(AVG(CAST(Performance AS DECIMAL(10, 2))), 0) AS AveragePerformance
        FROM Employees
        WHERE (@DepartmentId IS NULL OR DepartmentId = @DepartmentId)
          AND (@EmploymentTypeId IS NULL OR EmploymentTypeId = @EmploymentTypeId)
          AND (@LocationId IS NULL OR LocationId = @LocationId)
[2026-09-07 14:06:10] [INF] Dashboard summary query executed. Filters: DepartmentId=ALL, EmploymentTypeId=1, LocationId=ALL. Result: TotalEmployees=70000, ActiveEmployees=65001
[2026-09-07 14:06:10] [INF] HTTP GET /api/dashboard/summary responded 200 in 116.8161 ms
[2026-09-07 14:06:12] [INF] Query executed :
        SELECT
            COALESCE(AVG(CAST(e.Attendance AS DECIMAL(10, 2))), 0) AS AverageAttendance,
            COALESCE(MAX(e.Attendance), 0) AS HighestAttendance,
            COALESCE(SUM(CASE WHEN e.Attendance >= 95 THEN 1 ELSE 0 END), 0) AS ExcellentCount,
            COALESCE(SUM(CASE WHEN e.Attendance < 85 THEN 1 ELSE 0 END), 0) AS LowCount
        FROM Employees e
        WHERE (@DepartmentId IS NULL OR e.DepartmentId = @DepartmentId)
          AND (@EmploymentTypeId IS NULL OR e.EmploymentTypeId = @EmploymentTypeId)
          AND (@LocationId IS NULL OR e.LocationId = @LocationId);

        SELECT
            d.Name AS Department,
            COALESCE(AVG(CAST(e.Attendance AS DECIMAL(10, 2))), 0) AS Attendance
        FROM Employees e
        INNER JOIN Departments d ON e.DepartmentId = d.Id
        WHERE (@DepartmentId IS NULL OR e.DepartmentId = @DepartmentId)
          AND (@EmploymentTypeId IS NULL OR e.EmploymentTypeId = @EmploymentTypeId)
          AND (@LocationId IS NULL OR e.LocationId = @LocationId)
        GROUP BY d.Name
[2026-09-07 14:06:12] [INF] Query Executed 
    SELECT
        e.Id,
        e.EmployeeCode,
        e.Name,
        d.Name AS Department,
        et.Name AS EmploymentType,
        l.Name AS Location,
        e.Attendance,
        e.Performance,
        e.ActiveProjects,
        e.ExperienceYears,
        e.Salary,
        e.JoiningYear,
        e.IsActive,
        e.DepartmentId,
        e.EmploymentTypeId,
        e.LocationId
    FROM Employees e
    INNER JOIN Departments d
        ON e.DepartmentId = d.Id
    INNER JOIN Locations l
        ON e.LocationId = l.Id
    INNER JOIN EmploymentTypes et
        ON e.EmploymentTypeId = et.Id
    WHERE (@DepartmentId IS NULL OR e.DepartmentId = @DepartmentId)
      AND (@EmploymentTypeId IS NULL OR e.EmploymentTypeId = @EmploymentTypeId)
      AND (@LocationId IS NULL OR e.LocationId = @LocationId)
        order by e.Id
        OFFSET @offset rows
        FETCH NEXT  @size rows only
        
[2026-09-07 14:06:12] [INF] Fetched 10 employees from page 0 with total 70000
[2026-09-07 14:06:12] [INF] HTTP GET /api/employees/paginated responded 200 in 90.7979 ms
[2026-09-07 14:06:12] [INF] HTTP GET /api/dashboard/attendance-summary responded 200 in 316.6511 ms
[2026-09-07 14:06:13] [INF] Query executed :
    SELECT
        e.Id,
        e.EmployeeCode,
        e.Name,
        d.Name AS Department,
        et.Name AS EmploymentType,
        l.Name AS Location,
        e.Attendance,
        e.Performance,
        e.ActiveProjects,
        e.ExperienceYears,
        e.Salary,
        e.JoiningYear,
        e.IsActive,
        e.DepartmentId,
        e.EmploymentTypeId,
        e.LocationId
    FROM Employees e
    INNER JOIN Departments d ON e.DepartmentId = d.Id
    INNER JOIN Locations l ON e.LocationId = l.Id
    INNER JOIN EmploymentTypes et ON e.EmploymentTypeId = et.Id
    WHERE (@DepartmentId IS NULL OR e.DepartmentId = @DepartmentId)
      AND (@EmploymentTypeId IS NULL OR e.EmploymentTypeId = @EmploymentTypeId)
      AND (@LocationId IS NULL OR e.LocationId = @LocationId)
    ORDER BY e.ActiveProjects DESC, e.Id
    OFFSET @offset ROWS FETCH NEXT @size ROWS ONLY
[2026-09-07 14:06:13] [INF] Query executed :
        SELECT
            COALESCE(SUM(e.ActiveProjects), 0) AS TotalProjects,
            COALESCE(AVG(CAST(e.ActiveProjects AS DECIMAL(10, 2))), 0) AS AverageProjects,
            COALESCE(SUM(CASE WHEN e.IsActive = 1 THEN 1 ELSE 0 END), 0) AS ActiveEmployees,
            COALESCE(MAX(e.ActiveProjects), 0) AS HighestProjects
        FROM Employees e
        WHERE (@DepartmentId IS NULL OR e.DepartmentId = @DepartmentId)
          AND (@EmploymentTypeId IS NULL OR e.EmploymentTypeId = @EmploymentTypeId)
          AND (@LocationId IS NULL OR e.LocationId = @LocationId);

        SELECT
            d.Name AS Department,
            COALESCE(SUM(e.ActiveProjects), 0) AS Projects
        FROM Employees e
        INNER JOIN Departments d ON e.DepartmentId = d.Id
        WHERE (@DepartmentId IS NULL OR e.DepartmentId = @DepartmentId)
          AND (@EmploymentTypeId IS NULL OR e.EmploymentTypeId = @EmploymentTypeId)
          AND (@LocationId IS NULL OR e.LocationId = @LocationId)
        GROUP BY d.Name
[2026-09-07 14:06:13] [INF] HTTP GET /api/dashboard/projects-summary responded 200 in 246.8396 ms
[2026-09-07 14:06:13] [INF] Fetched 10 top contributors from page 0 with total 70000
[2026-09-07 14:06:13] [INF] HTTP GET /api/employees/top-contributors responded 200 in 289.2886 ms
[2026-09-07 14:06:18] [INF] Query executed :
    SELECT
        e.Id,
        e.EmployeeCode,
        e.Name,
        d.Name AS Department,
        et.Name AS EmploymentType,
        l.Name AS Location,
        e.Attendance,
        e.Performance,
        e.ActiveProjects,
        e.ExperienceYears,
        e.Salary,
        e.JoiningYear,
        e.IsActive,
        e.DepartmentId,
        e.EmploymentTypeId,
        e.LocationId
    FROM Employees e
    INNER JOIN Departments d ON e.DepartmentId = d.Id
    INNER JOIN Locations l ON e.LocationId = l.Id
    INNER JOIN EmploymentTypes et ON e.EmploymentTypeId = et.Id
    WHERE (@DepartmentId IS NULL OR e.DepartmentId = @DepartmentId)
      AND (@EmploymentTypeId IS NULL OR e.EmploymentTypeId = @EmploymentTypeId)
      AND (@LocationId IS NULL OR e.LocationId = @LocationId)
    ORDER BY e.ActiveProjects DESC, e.Id
    OFFSET @offset ROWS FETCH NEXT @size ROWS ONLY
[2026-09-07 14:06:18] [INF] Fetched 10 top contributors from page 90 with total 70000
[2026-09-07 14:06:18] [INF] HTTP GET /api/employees/top-contributors responded 200 in 256.1922 ms
[2026-09-07 14:06:20] [INF] Query executed :
    SELECT
        e.Id,
        e.EmployeeCode,
        e.Name,
        d.Name AS Department,
        et.Name AS EmploymentType,
        l.Name AS Location,
        e.Attendance,
        e.Performance,
        e.ActiveProjects,
        e.ExperienceYears,
        e.Salary,
        e.JoiningYear,
        e.IsActive,
        e.DepartmentId,
        e.EmploymentTypeId,
        e.LocationId
    FROM Employees e
    INNER JOIN Departments d ON e.DepartmentId = d.Id
    INNER JOIN Locations l ON e.LocationId = l.Id
    INNER JOIN EmploymentTypes et ON e.EmploymentTypeId = et.Id
    WHERE (@DepartmentId IS NULL OR e.DepartmentId = @DepartmentId)
      AND (@EmploymentTypeId IS NULL OR e.EmploymentTypeId = @EmploymentTypeId)
      AND (@LocationId IS NULL OR e.LocationId = @LocationId)
    ORDER BY e.ActiveProjects DESC, e.Id
    OFFSET @offset ROWS FETCH NEXT @size ROWS ONLY
[2026-09-07 14:06:21] [INF] Fetched 10 top contributors from page 69990 with total 70000
[2026-09-07 14:06:21] [INF] HTTP GET /api/employees/top-contributors responded 200 in 856.4771 ms
[2026-09-07 14:06:23] [INF] Query executed :
    SELECT
        e.Id,
        e.EmployeeCode,
        e.Name,
        d.Name AS Department,
        et.Name AS EmploymentType,
        l.Name AS Location,
        e.Attendance,
        e.Performance,
        e.ActiveProjects,
        e.ExperienceYears,
        e.Salary,
        e.JoiningYear,
        e.IsActive,
        e.DepartmentId,
        e.EmploymentTypeId,
        e.LocationId
    FROM Employees e
    INNER JOIN Departments d ON e.DepartmentId = d.Id
    INNER JOIN Locations l ON e.LocationId = l.Id
    INNER JOIN EmploymentTypes et ON e.EmploymentTypeId = et.Id
    WHERE (@DepartmentId IS NULL OR e.DepartmentId = @DepartmentId)
      AND (@EmploymentTypeId IS NULL OR e.EmploymentTypeId = @EmploymentTypeId)
      AND (@LocationId IS NULL OR e.LocationId = @LocationId)
    ORDER BY e.ActiveProjects DESC, e.Id
    OFFSET @offset ROWS FETCH NEXT @size ROWS ONLY
[2026-09-07 14:06:24] [INF] Query executed :
    SELECT
        e.Id,
        e.EmployeeCode,
        e.Name,
        d.Name AS Department,
        et.Name AS EmploymentType,
        l.Name AS Location,
        e.Attendance,
        e.Performance,
        e.ActiveProjects,
        e.ExperienceYears,
        e.Salary,
        e.JoiningYear,
        e.IsActive,
        e.DepartmentId,
        e.EmploymentTypeId,
        e.LocationId
    FROM Employees e
    INNER JOIN Departments d ON e.DepartmentId = d.Id
    INNER JOIN Locations l ON e.LocationId = l.Id
    INNER JOIN EmploymentTypes et ON e.EmploymentTypeId = et.Id
    WHERE (@DepartmentId IS NULL OR e.DepartmentId = @DepartmentId)
      AND (@EmploymentTypeId IS NULL OR e.EmploymentTypeId = @EmploymentTypeId)
      AND (@LocationId IS NULL OR e.LocationId = @LocationId)
    ORDER BY e.ActiveProjects DESC, e.Id
    OFFSET @offset ROWS FETCH NEXT @size ROWS ONLY
[2026-09-07 14:06:24] [INF] Query executed :
    SELECT
        e.Id,
        e.EmployeeCode,
        e.Name,
        d.Name AS Department,
        et.Name AS EmploymentType,
        l.Name AS Location,
        e.Attendance,
        e.Performance,
        e.ActiveProjects,
        e.ExperienceYears,
        e.Salary,
        e.JoiningYear,
        e.IsActive,
        e.DepartmentId,
        e.EmploymentTypeId,
        e.LocationId
    FROM Employees e
    INNER JOIN Departments d ON e.DepartmentId = d.Id
    INNER JOIN Locations l ON e.LocationId = l.Id
    INNER JOIN EmploymentTypes et ON e.EmploymentTypeId = et.Id
    WHERE (@DepartmentId IS NULL OR e.DepartmentId = @DepartmentId)
      AND (@EmploymentTypeId IS NULL OR e.EmploymentTypeId = @EmploymentTypeId)
      AND (@LocationId IS NULL OR e.LocationId = @LocationId)
    ORDER BY e.ActiveProjects DESC, e.Id
    OFFSET @offset ROWS FETCH NEXT @size ROWS ONLY
[2026-09-07 14:06:25] [INF] Query executed :
    SELECT
        e.Id,
        e.EmployeeCode,
        e.Name,
        d.Name AS Department,
        et.Name AS EmploymentType,
        l.Name AS Location,
        e.Attendance,
        e.Performance,
        e.ActiveProjects,
        e.ExperienceYears,
        e.Salary,
        e.JoiningYear,
        e.IsActive,
        e.DepartmentId,
        e.EmploymentTypeId,
        e.LocationId
    FROM Employees e
    INNER JOIN Departments d ON e.DepartmentId = d.Id
    INNER JOIN Locations l ON e.LocationId = l.Id
    INNER JOIN EmploymentTypes et ON e.EmploymentTypeId = et.Id
    WHERE (@DepartmentId IS NULL OR e.DepartmentId = @DepartmentId)
      AND (@EmploymentTypeId IS NULL OR e.EmploymentTypeId = @EmploymentTypeId)
      AND (@LocationId IS NULL OR e.LocationId = @LocationId)
    ORDER BY e.ActiveProjects DESC, e.Id
    OFFSET @offset ROWS FETCH NEXT @size ROWS ONLY
[2026-09-07 14:06:25] [INF] Query executed :
    SELECT
        e.Id,
        e.EmployeeCode,
        e.Name,
        d.Name AS Department,
        et.Name AS EmploymentType,
        l.Name AS Location,
        e.Attendance,
        e.Performance,
        e.ActiveProjects,
        e.ExperienceYears,
        e.Salary,
        e.JoiningYear,
        e.IsActive,
        e.DepartmentId,
        e.EmploymentTypeId,
        e.LocationId
    FROM Employees e
    INNER JOIN Departments d ON e.DepartmentId = d.Id
    INNER JOIN Locations l ON e.LocationId = l.Id
    INNER JOIN EmploymentTypes et ON e.EmploymentTypeId = et.Id
    WHERE (@DepartmentId IS NULL OR e.DepartmentId = @DepartmentId)
      AND (@EmploymentTypeId IS NULL OR e.EmploymentTypeId = @EmploymentTypeId)
      AND (@LocationId IS NULL OR e.LocationId = @LocationId)
    ORDER BY e.ActiveProjects DESC, e.Id
    OFFSET @offset ROWS FETCH NEXT @size ROWS ONLY
[2026-09-07 14:06:25] [INF] Query executed :
    SELECT
        e.Id,
        e.EmployeeCode,
        e.Name,
        d.Name AS Department,
        et.Name AS EmploymentType,
        l.Name AS Location,
        e.Attendance,
        e.Performance,
        e.ActiveProjects,
        e.ExperienceYears,
        e.Salary,
        e.JoiningYear,
        e.IsActive,
        e.DepartmentId,
        e.EmploymentTypeId,
        e.LocationId
    FROM Employees e
    INNER JOIN Departments d ON e.DepartmentId = d.Id
    INNER JOIN Locations l ON e.LocationId = l.Id
    INNER JOIN EmploymentTypes et ON e.EmploymentTypeId = et.Id
    WHERE (@DepartmentId IS NULL OR e.DepartmentId = @DepartmentId)
      AND (@EmploymentTypeId IS NULL OR e.EmploymentTypeId = @EmploymentTypeId)
      AND (@LocationId IS NULL OR e.LocationId = @LocationId)
    ORDER BY e.ActiveProjects DESC, e.Id
    OFFSET @offset ROWS FETCH NEXT @size ROWS ONLY
[2026-09-07 14:06:27] [INF] Fetched 10 top contributors from page 69490 with total 70000
[2026-09-07 14:06:27] [INF] HTTP GET /api/employees/top-contributors responded 200 in 2045.3860 ms
[2026-09-07 14:06:27] [INF] Fetched 10 top contributors from page 69390 with total 70000
[2026-09-07 14:06:27] [INF] HTTP GET /api/employees/top-contributors responded 200 in 1863.8620 ms
[2026-09-07 14:06:27] [INF] Query executed :
    SELECT
        e.Id,
        e.EmployeeCode,
        e.Name,
        d.Name AS Department,
        et.Name AS EmploymentType,
        l.Name AS Location,
        e.Attendance,
        e.Performance,
        e.ActiveProjects,
        e.ExperienceYears,
        e.Salary,
        e.JoiningYear,
        e.IsActive,
        e.DepartmentId,
        e.EmploymentTypeId,
        e.LocationId
    FROM Employees e
    INNER JOIN Departments d ON e.DepartmentId = d.Id
    INNER JOIN Locations l ON e.LocationId = l.Id
    INNER JOIN EmploymentTypes et ON e.EmploymentTypeId = et.Id
    WHERE (@DepartmentId IS NULL OR e.DepartmentId = @DepartmentId)
      AND (@EmploymentTypeId IS NULL OR e.EmploymentTypeId = @EmploymentTypeId)
      AND (@LocationId IS NULL OR e.LocationId = @LocationId)
    ORDER BY e.ActiveProjects DESC, e.Id
    OFFSET @offset ROWS FETCH NEXT @size ROWS ONLY
[2026-09-07 14:06:27] [INF] Query executed :
    SELECT
        e.Id,
        e.EmployeeCode,
        e.Name,
        d.Name AS Department,
        et.Name AS EmploymentType,
        l.Name AS Location,
        e.Attendance,
        e.Performance,
        e.ActiveProjects,
        e.ExperienceYears,
        e.Salary,
        e.JoiningYear,
        e.IsActive,
        e.DepartmentId,
        e.EmploymentTypeId,
        e.LocationId
    FROM Employees e
    INNER JOIN Departments d ON e.DepartmentId = d.Id
    INNER JOIN Locations l ON e.LocationId = l.Id
    INNER JOIN EmploymentTypes et ON e.EmploymentTypeId = et.Id
    WHERE (@DepartmentId IS NULL OR e.DepartmentId = @DepartmentId)
      AND (@EmploymentTypeId IS NULL OR e.EmploymentTypeId = @EmploymentTypeId)
      AND (@LocationId IS NULL OR e.LocationId = @LocationId)
    ORDER BY e.ActiveProjects DESC, e.Id
    OFFSET @offset ROWS FETCH NEXT @size ROWS ONLY
[2026-09-07 14:06:28] [INF] Fetched 10 top contributors from page 69190 with total 70000
[2026-09-07 14:06:28] [INF] HTTP GET /api/employees/top-contributors responded 200 in 712.1633 ms
[2026-09-07 14:06:28] [INF] Fetched 10 top contributors from page 69290 with total 70000
[2026-09-07 14:06:28] [INF] HTTP GET /api/employees/top-contributors responded 200 in 722.4706 ms
[2026-09-07 14:06:28] [INF] Fetched 10 top contributors from page 69690 with total 70000
[2026-09-07 14:06:28] [INF] HTTP GET /api/employees/top-contributors responded 200 in 3163.9786 ms
[2026-09-07 14:06:28] [INF] Fetched 10 top contributors from page 69590 with total 70000
[2026-09-07 14:06:28] [INF] HTTP GET /api/employees/top-contributors responded 200 in 2992.3431 ms
[2026-09-07 14:06:28] [INF] Fetched 10 top contributors from page 69890 with total 70000
[2026-09-07 14:06:28] [INF] HTTP GET /api/employees/top-contributors responded 200 in 4656.8991 ms
[2026-09-07 14:06:28] [INF] Fetched 10 top contributors from page 69790 with total 70000
[2026-09-07 14:06:28] [INF] HTTP GET /api/employees/top-contributors responded 200 in 3436.4946 ms
[2026-09-07 14:06:34] [INF] Query executed :
    SELECT
        e.Id,
        e.EmployeeCode,
        e.Name,
        d.Name AS Department,
        et.Name AS EmploymentType,
        l.Name AS Location,
        e.Attendance,
        e.Performance,
        e.ActiveProjects,
        e.ExperienceYears,
        e.Salary,
        e.JoiningYear,
        e.IsActive,
        e.DepartmentId,
        e.EmploymentTypeId,
        e.LocationId
    FROM Employees e
    INNER JOIN Departments d ON e.DepartmentId = d.Id
    INNER JOIN Locations l ON e.LocationId = l.Id
    INNER JOIN EmploymentTypes et ON e.EmploymentTypeId = et.Id
    WHERE (@DepartmentId IS NULL OR e.DepartmentId = @DepartmentId)
      AND (@EmploymentTypeId IS NULL OR e.EmploymentTypeId = @EmploymentTypeId)
      AND (@LocationId IS NULL OR e.LocationId = @LocationId)
    ORDER BY e.ActiveProjects DESC, e.Id
    OFFSET @offset ROWS FETCH NEXT @size ROWS ONLY
[2026-09-07 14:06:35] [INF] Fetched 10 top contributors from page 69100 with total 70000
[2026-09-07 14:06:35] [INF] HTTP GET /api/employees/top-contributors responded 200 in 666.1966 ms
[2026-09-07 14:06:36] [INF] Query executed :
    SELECT
        e.Id,
        e.EmployeeCode,
        e.Name,
        d.Name AS Department,
        et.Name AS EmploymentType,
        l.Name AS Location,
        e.Attendance,
        e.Performance,
        e.ActiveProjects,
        e.ExperienceYears,
        e.Salary,
        e.JoiningYear,
        e.IsActive,
        e.DepartmentId,
        e.EmploymentTypeId,
        e.LocationId
    FROM Employees e
    INNER JOIN Departments d ON e.DepartmentId = d.Id
    INNER JOIN Locations l ON e.LocationId = l.Id
    INNER JOIN EmploymentTypes et ON e.EmploymentTypeId = et.Id
    WHERE (@DepartmentId IS NULL OR e.DepartmentId = @DepartmentId)
      AND (@EmploymentTypeId IS NULL OR e.EmploymentTypeId = @EmploymentTypeId)
      AND (@LocationId IS NULL OR e.LocationId = @LocationId)
    ORDER BY e.ActiveProjects DESC, e.Id
    OFFSET @offset ROWS FETCH NEXT @size ROWS ONLY
[2026-09-07 14:06:36] [INF] Fetched 10 top contributors from page 0 with total 70000
[2026-09-07 14:06:36] [INF] HTTP GET /api/employees/top-contributors responded 200 in 622.8363 ms
[2026-09-07 14:06:37] [INF] Query executed :
    SELECT
        e.Id,
        e.EmployeeCode,
        e.Name,
        d.Name AS Department,
        et.Name AS EmploymentType,
        l.Name AS Location,
        e.Attendance,
        e.Performance,
        e.ActiveProjects,
        e.ExperienceYears,
        e.Salary,
        e.JoiningYear,
        e.IsActive,
        e.DepartmentId,
        e.EmploymentTypeId,
        e.LocationId
    FROM Employees e
    INNER JOIN Departments d ON e.DepartmentId = d.Id
    INNER JOIN Locations l ON e.LocationId = l.Id
    INNER JOIN EmploymentTypes et ON e.EmploymentTypeId = et.Id
    WHERE (@DepartmentId IS NULL OR e.DepartmentId = @DepartmentId)
      AND (@EmploymentTypeId IS NULL OR e.EmploymentTypeId = @EmploymentTypeId)
      AND (@LocationId IS NULL OR e.LocationId = @LocationId)
    ORDER BY e.ActiveProjects DESC, e.Id
    OFFSET @offset ROWS FETCH NEXT @size ROWS ONLY
[2026-09-07 14:06:38] [INF] Fetched 10 top contributors from page 100 with total 70000
[2026-09-07 14:06:38] [INF] HTTP GET /api/employees/top-contributors responded 200 in 617.6156 ms
[2026-09-07 14:06:39] [INF] Query executed :
    SELECT
        e.Id,
        e.EmployeeCode,
        e.Name,
        d.Name AS Department,
        et.Name AS EmploymentType,
        l.Name AS Location,
        e.Attendance,
        e.Performance,
        e.ActiveProjects,
        e.ExperienceYears,
        e.Salary,
        e.JoiningYear,
        e.IsActive,
        e.DepartmentId,
        e.EmploymentTypeId,
        e.LocationId
    FROM Employees e
    INNER JOIN Departments d ON e.DepartmentId = d.Id
    INNER JOIN Locations l ON e.LocationId = l.Id
    INNER JOIN EmploymentTypes et ON e.EmploymentTypeId = et.Id
    WHERE (@DepartmentId IS NULL OR e.DepartmentId = @DepartmentId)
      AND (@EmploymentTypeId IS NULL OR e.EmploymentTypeId = @EmploymentTypeId)
      AND (@LocationId IS NULL OR e.LocationId = @LocationId)
    ORDER BY e.ActiveProjects DESC, e.Id
    OFFSET @offset ROWS FETCH NEXT @size ROWS ONLY
[2026-09-07 14:06:39] [INF] Fetched 10 top contributors from page 200 with total 70000
[2026-09-07 14:06:39] [INF] HTTP GET /api/employees/top-contributors responded 200 in 616.2576 ms
[2026-09-07 14:06:40] [INF] Query executed :
    SELECT
        e.Id,
        e.EmployeeCode,
        e.Name,
        d.Name AS Department,
        et.Name AS EmploymentType,
        l.Name AS Location,
        e.Attendance,
        e.Performance,
        e.ActiveProjects,
        e.ExperienceYears,
        e.Salary,
        e.JoiningYear,
        e.IsActive,
        e.DepartmentId,
        e.EmploymentTypeId,
        e.LocationId
    FROM Employees e
    INNER JOIN Departments d ON e.DepartmentId = d.Id
    INNER JOIN Locations l ON e.LocationId = l.Id
    INNER JOIN EmploymentTypes et ON e.EmploymentTypeId = et.Id
    WHERE (@DepartmentId IS NULL OR e.DepartmentId = @DepartmentId)
      AND (@EmploymentTypeId IS NULL OR e.EmploymentTypeId = @EmploymentTypeId)
      AND (@LocationId IS NULL OR e.LocationId = @LocationId)
    ORDER BY e.ActiveProjects DESC, e.Id
    OFFSET @offset ROWS FETCH NEXT @size ROWS ONLY
[2026-09-07 14:06:41] [INF] Fetched 10 top contributors from page 300 with total 70000
[2026-09-07 14:06:41] [INF] HTTP GET /api/employees/top-contributors responded 200 in 876.8080 ms
[2026-09-07 14:06:41] [INF] Query executed :
    SELECT
        e.Id,
        e.EmployeeCode,
        e.Name,
        d.Name AS Department,
        et.Name AS EmploymentType,
        l.Name AS Location,
        e.Attendance,
        e.Performance,
        e.ActiveProjects,
        e.ExperienceYears,
        e.Salary,
        e.JoiningYear,
        e.IsActive,
        e.DepartmentId,
        e.EmploymentTypeId,
        e.LocationId
    FROM Employees e
    INNER JOIN Departments d ON e.DepartmentId = d.Id
    INNER JOIN Locations l ON e.LocationId = l.Id
    INNER JOIN EmploymentTypes et ON e.EmploymentTypeId = et.Id
    WHERE (@DepartmentId IS NULL OR e.DepartmentId = @DepartmentId)
      AND (@EmploymentTypeId IS NULL OR e.EmploymentTypeId = @EmploymentTypeId)
      AND (@LocationId IS NULL OR e.LocationId = @LocationId)
    ORDER BY e.ActiveProjects DESC, e.Id
    OFFSET @offset ROWS FETCH NEXT @size ROWS ONLY
[2026-09-07 14:06:42] [INF] Fetched 10 top contributors from page 400 with total 70000
[2026-09-07 14:06:42] [INF] HTTP GET /api/employees/top-contributors responded 200 in 680.4827 ms
[2026-09-07 14:06:43] [INF] Query executed :
    SELECT
        e.Id,
        e.EmployeeCode,
        e.Name,
        d.Name AS Department,
        et.Name AS EmploymentType,
        l.Name AS Location,
        e.Attendance,
        e.Performance,
        e.ActiveProjects,
        e.ExperienceYears,
        e.Salary,
        e.JoiningYear,
        e.IsActive,
        e.DepartmentId,
        e.EmploymentTypeId,
        e.LocationId
    FROM Employees e
    INNER JOIN Departments d ON e.DepartmentId = d.Id
    INNER JOIN Locations l ON e.LocationId = l.Id
    INNER JOIN EmploymentTypes et ON e.EmploymentTypeId = et.Id
    WHERE (@DepartmentId IS NULL OR e.DepartmentId = @DepartmentId)
      AND (@EmploymentTypeId IS NULL OR e.EmploymentTypeId = @EmploymentTypeId)
      AND (@LocationId IS NULL OR e.LocationId = @LocationId)
    ORDER BY e.ActiveProjects DESC, e.Id
    OFFSET @offset ROWS FETCH NEXT @size ROWS ONLY
[2026-09-07 14:06:44] [INF] Fetched 10 top contributors from page 500 with total 70000
[2026-09-07 14:06:44] [INF] HTTP GET /api/employees/top-contributors responded 200 in 612.7083 ms
[2026-09-07 14:06:44] [INF] Query executed :
    SELECT
        e.Id,
        e.EmployeeCode,
        e.Name,
        d.Name AS Department,
        et.Name AS EmploymentType,
        l.Name AS Location,
        e.Attendance,
        e.Performance,
        e.ActiveProjects,
        e.ExperienceYears,
        e.Salary,
        e.JoiningYear,
        e.IsActive,
        e.DepartmentId,
        e.EmploymentTypeId,
        e.LocationId
    FROM Employees e
    INNER JOIN Departments d ON e.DepartmentId = d.Id
    INNER JOIN Locations l ON e.LocationId = l.Id
    INNER JOIN EmploymentTypes et ON e.EmploymentTypeId = et.Id
    WHERE (@DepartmentId IS NULL OR e.DepartmentId = @DepartmentId)
      AND (@EmploymentTypeId IS NULL OR e.EmploymentTypeId = @EmploymentTypeId)
      AND (@LocationId IS NULL OR e.LocationId = @LocationId)
    ORDER BY e.ActiveProjects DESC, e.Id
    OFFSET @offset ROWS FETCH NEXT @size ROWS ONLY
[2026-09-07 14:06:45] [INF] Fetched 10 top contributors from page 600 with total 70000
[2026-09-07 14:06:45] [INF] HTTP GET /api/employees/top-contributors responded 200 in 614.5893 ms
[2026-09-07 14:06:46] [INF] Query executed :
    SELECT
        e.Id,
        e.EmployeeCode,
        e.Name,
        d.Name AS Department,
        et.Name AS EmploymentType,
        l.Name AS Location,
        e.Attendance,
        e.Performance,
        e.ActiveProjects,
        e.ExperienceYears,
        e.Salary,
        e.JoiningYear,
        e.IsActive,
        e.DepartmentId,
        e.EmploymentTypeId,
        e.LocationId
    FROM Employees e
    INNER JOIN Departments d ON e.DepartmentId = d.Id
    INNER JOIN Locations l ON e.LocationId = l.Id
    INNER JOIN EmploymentTypes et ON e.EmploymentTypeId = et.Id
    WHERE (@DepartmentId IS NULL OR e.DepartmentId = @DepartmentId)
      AND (@EmploymentTypeId IS NULL OR e.EmploymentTypeId = @EmploymentTypeId)
      AND (@LocationId IS NULL OR e.LocationId = @LocationId)
    ORDER BY e.ActiveProjects DESC, e.Id
    OFFSET @offset ROWS FETCH NEXT @size ROWS ONLY
[2026-09-07 14:06:46] [INF] Fetched 10 top contributors from page 700 with total 70000
[2026-09-07 14:06:46] [INF] HTTP GET /api/employees/top-contributors responded 200 in 656.2219 ms
[2026-09-07 14:06:47] [INF] Query executed :
    SELECT
        e.Id,
        e.EmployeeCode,
        e.Name,
        d.Name AS Department,
        et.Name AS EmploymentType,
        l.Name AS Location,
        e.Attendance,
        e.Performance,
        e.ActiveProjects,
        e.ExperienceYears,
        e.Salary,
        e.JoiningYear,
        e.IsActive,
        e.DepartmentId,
        e.EmploymentTypeId,
        e.LocationId
    FROM Employees e
    INNER JOIN Departments d ON e.DepartmentId = d.Id
    INNER JOIN Locations l ON e.LocationId = l.Id
    INNER JOIN EmploymentTypes et ON e.EmploymentTypeId = et.Id
    WHERE (@DepartmentId IS NULL OR e.DepartmentId = @DepartmentId)
      AND (@EmploymentTypeId IS NULL OR e.EmploymentTypeId = @EmploymentTypeId)
      AND (@LocationId IS NULL OR e.LocationId = @LocationId)
    ORDER BY e.ActiveProjects DESC, e.Id
    OFFSET @offset ROWS FETCH NEXT @size ROWS ONLY
[2026-09-07 14:06:47] [INF] Query executed :
    SELECT
        e.Id,
        e.EmployeeCode,
        e.Name,
        d.Name AS Department,
        et.Name AS EmploymentType,
        l.Name AS Location,
        e.Attendance,
        e.Performance,
        e.ActiveProjects,
        e.ExperienceYears,
        e.Salary,
        e.JoiningYear,
        e.IsActive,
        e.DepartmentId,
        e.EmploymentTypeId,
        e.LocationId
    FROM Employees e
    INNER JOIN Departments d ON e.DepartmentId = d.Id
    INNER JOIN Locations l ON e.LocationId = l.Id
    INNER JOIN EmploymentTypes et ON e.EmploymentTypeId = et.Id
    WHERE (@DepartmentId IS NULL OR e.DepartmentId = @DepartmentId)
      AND (@EmploymentTypeId IS NULL OR e.EmploymentTypeId = @EmploymentTypeId)
      AND (@LocationId IS NULL OR e.LocationId = @LocationId)
    ORDER BY e.ActiveProjects DESC, e.Id
    OFFSET @offset ROWS FETCH NEXT @size ROWS ONLY
[2026-09-07 14:06:48] [INF] Query executed :
    SELECT
        e.Id,
        e.EmployeeCode,
        e.Name,
        d.Name AS Department,
        et.Name AS EmploymentType,
        l.Name AS Location,
        e.Attendance,
        e.Performance,
        e.ActiveProjects,
        e.ExperienceYears,
        e.Salary,
        e.JoiningYear,
        e.IsActive,
        e.DepartmentId,
        e.EmploymentTypeId,
        e.LocationId
    FROM Employees e
    INNER JOIN Departments d ON e.DepartmentId = d.Id
    INNER JOIN Locations l ON e.LocationId = l.Id
    INNER JOIN EmploymentTypes et ON e.EmploymentTypeId = et.Id
    WHERE (@DepartmentId IS NULL OR e.DepartmentId = @DepartmentId)
      AND (@EmploymentTypeId IS NULL OR e.EmploymentTypeId = @EmploymentTypeId)
      AND (@LocationId IS NULL OR e.LocationId = @LocationId)
    ORDER BY e.ActiveProjects DESC, e.Id
    OFFSET @offset ROWS FETCH NEXT @size ROWS ONLY
[2026-09-07 14:06:48] [INF] Fetched 10 top contributors from page 800 with total 70000
[2026-09-07 14:06:48] [INF] HTTP GET /api/employees/top-contributors responded 200 in 650.6774 ms
[2026-09-07 14:06:48] [INF] Query executed :
    SELECT
        e.Id,
        e.EmployeeCode,
        e.Name,
        d.Name AS Department,
        et.Name AS EmploymentType,
        l.Name AS Location,
        e.Attendance,
        e.Performance,
        e.ActiveProjects,
        e.ExperienceYears,
        e.Salary,
        e.JoiningYear,
        e.IsActive,
        e.DepartmentId,
        e.EmploymentTypeId,
        e.LocationId
    FROM Employees e
    INNER JOIN Departments d ON e.DepartmentId = d.Id
    INNER JOIN Locations l ON e.LocationId = l.Id
    INNER JOIN EmploymentTypes et ON e.EmploymentTypeId = et.Id
    WHERE (@DepartmentId IS NULL OR e.DepartmentId = @DepartmentId)
      AND (@EmploymentTypeId IS NULL OR e.EmploymentTypeId = @EmploymentTypeId)
      AND (@LocationId IS NULL OR e.LocationId = @LocationId)
    ORDER BY e.ActiveProjects DESC, e.Id
    OFFSET @offset ROWS FETCH NEXT @size ROWS ONLY
[2026-09-07 14:06:48] [INF] Fetched 10 top contributors from page 900 with total 70000
[2026-09-07 14:06:48] [INF] HTTP GET /api/employees/top-contributors responded 200 in 735.5019 ms
[2026-09-07 14:06:48] [INF] Fetched 10 top contributors from page 1000 with total 70000
[2026-09-07 14:06:48] [INF] HTTP GET /api/employees/top-contributors responded 200 in 773.4823 ms
[2026-09-07 14:06:49] [INF] Fetched 10 top contributors from page 1080 with total 70000
[2026-09-07 14:06:49] [INF] HTTP GET /api/employees/top-contributors responded 200 in 756.1346 ms
[2026-09-07 14:06:49] [INF] Query executed :
    SELECT
        e.Id,
        e.EmployeeCode,
        e.Name,
        d.Name AS Department,
        et.Name AS EmploymentType,
        l.Name AS Location,
        e.Attendance,
        e.Performance,
        e.ActiveProjects,
        e.ExperienceYears,
        e.Salary,
        e.JoiningYear,
        e.IsActive,
        e.DepartmentId,
        e.EmploymentTypeId,
        e.LocationId
    FROM Employees e
    INNER JOIN Departments d ON e.DepartmentId = d.Id
    INNER JOIN Locations l ON e.LocationId = l.Id
    INNER JOIN EmploymentTypes et ON e.EmploymentTypeId = et.Id
    WHERE (@DepartmentId IS NULL OR e.DepartmentId = @DepartmentId)
      AND (@EmploymentTypeId IS NULL OR e.EmploymentTypeId = @EmploymentTypeId)
      AND (@LocationId IS NULL OR e.LocationId = @LocationId)
    ORDER BY e.ActiveProjects DESC, e.Id
    OFFSET @offset ROWS FETCH NEXT @size ROWS ONLY
[2026-09-07 14:06:49] [INF] Query executed :
    SELECT
        e.Id,
        e.EmployeeCode,
        e.Name,
        d.Name AS Department,
        et.Name AS EmploymentType,
        l.Name AS Location,
        e.Attendance,
        e.Performance,
        e.ActiveProjects,
        e.ExperienceYears,
        e.Salary,
        e.JoiningYear,
        e.IsActive,
        e.DepartmentId,
        e.EmploymentTypeId,
        e.LocationId
    FROM Employees e
    INNER JOIN Departments d ON e.DepartmentId = d.Id
    INNER JOIN Locations l ON e.LocationId = l.Id
    INNER JOIN EmploymentTypes et ON e.EmploymentTypeId = et.Id
    WHERE (@DepartmentId IS NULL OR e.DepartmentId = @DepartmentId)
      AND (@EmploymentTypeId IS NULL OR e.EmploymentTypeId = @EmploymentTypeId)
      AND (@LocationId IS NULL OR e.LocationId = @LocationId)
    ORDER BY e.ActiveProjects DESC, e.Id
    OFFSET @offset ROWS FETCH NEXT @size ROWS ONLY
[2026-09-07 14:06:49] [INF] Query executed :
    SELECT
        e.Id,
        e.EmployeeCode,
        e.Name,
        d.Name AS Department,
        et.Name AS EmploymentType,
        l.Name AS Location,
        e.Attendance,
        e.Performance,
        e.ActiveProjects,
        e.ExperienceYears,
        e.Salary,
        e.JoiningYear,
        e.IsActive,
        e.DepartmentId,
        e.EmploymentTypeId,
        e.LocationId
    FROM Employees e
    INNER JOIN Departments d ON e.DepartmentId = d.Id
    INNER JOIN Locations l ON e.LocationId = l.Id
    INNER JOIN EmploymentTypes et ON e.EmploymentTypeId = et.Id
    WHERE (@DepartmentId IS NULL OR e.DepartmentId = @DepartmentId)
      AND (@EmploymentTypeId IS NULL OR e.EmploymentTypeId = @EmploymentTypeId)
      AND (@LocationId IS NULL OR e.LocationId = @LocationId)
    ORDER BY e.ActiveProjects DESC, e.Id
    OFFSET @offset ROWS FETCH NEXT @size ROWS ONLY
[2026-09-07 14:06:49] [INF] Fetched 10 top contributors from page 1080 with total 70000
[2026-09-07 14:06:49] [INF] HTTP GET /api/employees/top-contributors responded 200 in 632.3956 ms
[2026-09-07 14:06:49] [INF] Query executed :
    SELECT
        e.Id,
        e.EmployeeCode,
        e.Name,
        d.Name AS Department,
        et.Name AS EmploymentType,
        l.Name AS Location,
        e.Attendance,
        e.Performance,
        e.ActiveProjects,
        e.ExperienceYears,
        e.Salary,
        e.JoiningYear,
        e.IsActive,
        e.DepartmentId,
        e.EmploymentTypeId,
        e.LocationId
    FROM Employees e
    INNER JOIN Departments d ON e.DepartmentId = d.Id
    INNER JOIN Locations l ON e.LocationId = l.Id
    INNER JOIN EmploymentTypes et ON e.EmploymentTypeId = et.Id
    WHERE (@DepartmentId IS NULL OR e.DepartmentId = @DepartmentId)
      AND (@EmploymentTypeId IS NULL OR e.EmploymentTypeId = @EmploymentTypeId)
      AND (@LocationId IS NULL OR e.LocationId = @LocationId)
    ORDER BY e.ActiveProjects DESC, e.Id
    OFFSET @offset ROWS FETCH NEXT @size ROWS ONLY
[2026-09-07 14:06:49] [INF] Query executed :
    SELECT
        e.Id,
        e.EmployeeCode,
        e.Name,
        d.Name AS Department,
        et.Name AS EmploymentType,
        l.Name AS Location,
        e.Attendance,
        e.Performance,
        e.ActiveProjects,
        e.ExperienceYears,
        e.Salary,
        e.JoiningYear,
        e.IsActive,
        e.DepartmentId,
        e.EmploymentTypeId,
        e.LocationId
    FROM Employees e
    INNER JOIN Departments d ON e.DepartmentId = d.Id
    INNER JOIN Locations l ON e.LocationId = l.Id
    INNER JOIN EmploymentTypes et ON e.EmploymentTypeId = et.Id
    WHERE (@DepartmentId IS NULL OR e.DepartmentId = @DepartmentId)
      AND (@EmploymentTypeId IS NULL OR e.EmploymentTypeId = @EmploymentTypeId)
      AND (@LocationId IS NULL OR e.LocationId = @LocationId)
    ORDER BY e.ActiveProjects DESC, e.Id
    OFFSET @offset ROWS FETCH NEXT @size ROWS ONLY
[2026-09-07 14:06:50] [INF] Fetched 10 top contributors from page 1100 with total 70000
[2026-09-07 14:06:50] [INF] HTTP GET /api/employees/top-contributors responded 200 in 630.6795 ms
[2026-09-07 14:06:50] [INF] Query executed :
    SELECT
        e.Id,
        e.EmployeeCode,
        e.Name,
        d.Name AS Department,
        et.Name AS EmploymentType,
        l.Name AS Location,
        e.Attendance,
        e.Performance,
        e.ActiveProjects,
        e.ExperienceYears,
        e.Salary,
        e.JoiningYear,
        e.IsActive,
        e.DepartmentId,
        e.EmploymentTypeId,
        e.LocationId
    FROM Employees e
    INNER JOIN Departments d ON e.DepartmentId = d.Id
    INNER JOIN Locations l ON e.LocationId = l.Id
    INNER JOIN EmploymentTypes et ON e.EmploymentTypeId = et.Id
    WHERE (@DepartmentId IS NULL OR e.DepartmentId = @DepartmentId)
      AND (@EmploymentTypeId IS NULL OR e.EmploymentTypeId = @EmploymentTypeId)
      AND (@LocationId IS NULL OR e.LocationId = @LocationId)
    ORDER BY e.ActiveProjects DESC, e.Id
    OFFSET @offset ROWS FETCH NEXT @size ROWS ONLY
[2026-09-07 14:06:50] [INF] Fetched 10 top contributors from page 1200 with total 70000
[2026-09-07 14:06:50] [INF] HTTP GET /api/employees/top-contributors responded 200 in 666.2920 ms
[2026-09-07 14:06:50] [INF] Query executed :
    SELECT
        e.Id,
        e.EmployeeCode,
        e.Name,
        d.Name AS Department,
        et.Name AS EmploymentType,
        l.Name AS Location,
        e.Attendance,
        e.Performance,
        e.ActiveProjects,
        e.ExperienceYears,
        e.Salary,
        e.JoiningYear,
        e.IsActive,
        e.DepartmentId,
        e.EmploymentTypeId,
        e.LocationId
    FROM Employees e
    INNER JOIN Departments d ON e.DepartmentId = d.Id
    INNER JOIN Locations l ON e.LocationId = l.Id
    INNER JOIN EmploymentTypes et ON e.EmploymentTypeId = et.Id
    WHERE (@DepartmentId IS NULL OR e.DepartmentId = @DepartmentId)
      AND (@EmploymentTypeId IS NULL OR e.EmploymentTypeId = @EmploymentTypeId)
      AND (@LocationId IS NULL OR e.LocationId = @LocationId)
    ORDER BY e.ActiveProjects DESC, e.Id
    OFFSET @offset ROWS FETCH NEXT @size ROWS ONLY
[2026-09-07 14:06:50] [INF] Fetched 10 top contributors from page 1300 with total 70000
[2026-09-07 14:06:50] [INF] HTTP GET /api/employees/top-contributors responded 200 in 630.8844 ms
[2026-09-07 14:06:50] [INF] Query executed :
    SELECT
        e.Id,
        e.EmployeeCode,
        e.Name,
        d.Name AS Department,
        et.Name AS EmploymentType,
        l.Name AS Location,
        e.Attendance,
        e.Performance,
        e.ActiveProjects,
        e.ExperienceYears,
        e.Salary,
        e.JoiningYear,
        e.IsActive,
        e.DepartmentId,
        e.EmploymentTypeId,
        e.LocationId
    FROM Employees e
    INNER JOIN Departments d ON e.DepartmentId = d.Id
    INNER JOIN Locations l ON e.LocationId = l.Id
    INNER JOIN EmploymentTypes et ON e.EmploymentTypeId = et.Id
    WHERE (@DepartmentId IS NULL OR e.DepartmentId = @DepartmentId)
      AND (@EmploymentTypeId IS NULL OR e.EmploymentTypeId = @EmploymentTypeId)
      AND (@LocationId IS NULL OR e.LocationId = @LocationId)
    ORDER BY e.ActiveProjects DESC, e.Id
    OFFSET @offset ROWS FETCH NEXT @size ROWS ONLY
[2026-09-07 14:06:50] [INF] Fetched 10 top contributors from page 1400 with total 70000
[2026-09-07 14:06:50] [INF] HTTP GET /api/employees/top-contributors responded 200 in 658.4409 ms
[2026-09-07 14:06:50] [INF] Query executed :
    SELECT
        e.Id,
        e.EmployeeCode,
        e.Name,
        d.Name AS Department,
        et.Name AS EmploymentType,
        l.Name AS Location,
        e.Attendance,
        e.Performance,
        e.ActiveProjects,
        e.ExperienceYears,
        e.Salary,
        e.JoiningYear,
        e.IsActive,
        e.DepartmentId,
        e.EmploymentTypeId,
        e.LocationId
    FROM Employees e
    INNER JOIN Departments d ON e.DepartmentId = d.Id
    INNER JOIN Locations l ON e.LocationId = l.Id
    INNER JOIN EmploymentTypes et ON e.EmploymentTypeId = et.Id
    WHERE (@DepartmentId IS NULL OR e.DepartmentId = @DepartmentId)
      AND (@EmploymentTypeId IS NULL OR e.EmploymentTypeId = @EmploymentTypeId)
      AND (@LocationId IS NULL OR e.LocationId = @LocationId)
    ORDER BY e.ActiveProjects DESC, e.Id
    OFFSET @offset ROWS FETCH NEXT @size ROWS ONLY
[2026-09-07 14:06:50] [INF] Fetched 10 top contributors from page 1500 with total 70000
[2026-09-07 14:06:50] [INF] HTTP GET /api/employees/top-contributors responded 200 in 638.7156 ms
[2026-09-07 14:06:50] [INF] Query executed :
    SELECT
        e.Id,
        e.EmployeeCode,
        e.Name,
        d.Name AS Department,
        et.Name AS EmploymentType,
        l.Name AS Location,
        e.Attendance,
        e.Performance,
        e.ActiveProjects,
        e.ExperienceYears,
        e.Salary,
        e.JoiningYear,
        e.IsActive,
        e.DepartmentId,
        e.EmploymentTypeId,
        e.LocationId
    FROM Employees e
    INNER JOIN Departments d ON e.DepartmentId = d.Id
    INNER JOIN Locations l ON e.LocationId = l.Id
    INNER JOIN EmploymentTypes et ON e.EmploymentTypeId = et.Id
    WHERE (@DepartmentId IS NULL OR e.DepartmentId = @DepartmentId)
      AND (@EmploymentTypeId IS NULL OR e.EmploymentTypeId = @EmploymentTypeId)
      AND (@LocationId IS NULL OR e.LocationId = @LocationId)
    ORDER BY e.ActiveProjects DESC, e.Id
    OFFSET @offset ROWS FETCH NEXT @size ROWS ONLY
[2026-09-07 14:06:51] [INF] Fetched 10 top contributors from page 1600 with total 70000
[2026-09-07 14:06:51] [INF] HTTP GET /api/employees/top-contributors responded 200 in 688.5320 ms
[2026-09-07 14:06:51] [INF] Query executed :
    SELECT
        e.Id,
        e.EmployeeCode,
        e.Name,
        d.Name AS Department,
        et.Name AS EmploymentType,
        l.Name AS Location,
        e.Attendance,
        e.Performance,
        e.ActiveProjects,
        e.ExperienceYears,
        e.Salary,
        e.JoiningYear,
        e.IsActive,
        e.DepartmentId,
        e.EmploymentTypeId,
        e.LocationId
    FROM Employees e
    INNER JOIN Departments d ON e.DepartmentId = d.Id
    INNER JOIN Locations l ON e.LocationId = l.Id
    INNER JOIN EmploymentTypes et ON e.EmploymentTypeId = et.Id
    WHERE (@DepartmentId IS NULL OR e.DepartmentId = @DepartmentId)
      AND (@EmploymentTypeId IS NULL OR e.EmploymentTypeId = @EmploymentTypeId)
      AND (@LocationId IS NULL OR e.LocationId = @LocationId)
    ORDER BY e.ActiveProjects DESC, e.Id
    OFFSET @offset ROWS FETCH NEXT @size ROWS ONLY
[2026-09-07 14:06:51] [INF] Fetched 10 top contributors from page 1700 with total 70000
[2026-09-07 14:06:51] [INF] HTTP GET /api/employees/top-contributors responded 200 in 660.5249 ms
[2026-09-07 14:06:51] [INF] Query executed :
    SELECT
        e.Id,
        e.EmployeeCode,
        e.Name,
        d.Name AS Department,
        et.Name AS EmploymentType,
        l.Name AS Location,
        e.Attendance,
        e.Performance,
        e.ActiveProjects,
        e.ExperienceYears,
        e.Salary,
        e.JoiningYear,
        e.IsActive,
        e.DepartmentId,
        e.EmploymentTypeId,
        e.LocationId
    FROM Employees e
    INNER JOIN Departments d ON e.DepartmentId = d.Id
    INNER JOIN Locations l ON e.LocationId = l.Id
    INNER JOIN EmploymentTypes et ON e.EmploymentTypeId = et.Id
    WHERE (@DepartmentId IS NULL OR e.DepartmentId = @DepartmentId)
      AND (@EmploymentTypeId IS NULL OR e.EmploymentTypeId = @EmploymentTypeId)
      AND (@LocationId IS NULL OR e.LocationId = @LocationId)
    ORDER BY e.ActiveProjects DESC, e.Id
    OFFSET @offset ROWS FETCH NEXT @size ROWS ONLY
[2026-09-07 14:06:51] [INF] Fetched 10 top contributors from page 1800 with total 70000
[2026-09-07 14:06:51] [INF] HTTP GET /api/employees/top-contributors responded 200 in 661.3777 ms
[2026-09-07 14:06:51] [INF] Query executed :
    SELECT
        e.Id,
        e.EmployeeCode,
        e.Name,
        d.Name AS Department,
        et.Name AS EmploymentType,
        l.Name AS Location,
        e.Attendance,
        e.Performance,
        e.ActiveProjects,
        e.ExperienceYears,
        e.Salary,
        e.JoiningYear,
        e.IsActive,
        e.DepartmentId,
        e.EmploymentTypeId,
        e.LocationId
    FROM Employees e
    INNER JOIN Departments d ON e.DepartmentId = d.Id
    INNER JOIN Locations l ON e.LocationId = l.Id
    INNER JOIN EmploymentTypes et ON e.EmploymentTypeId = et.Id
    WHERE (@DepartmentId IS NULL OR e.DepartmentId = @DepartmentId)
      AND (@EmploymentTypeId IS NULL OR e.EmploymentTypeId = @EmploymentTypeId)
      AND (@LocationId IS NULL OR e.LocationId = @LocationId)
    ORDER BY e.ActiveProjects DESC, e.Id
    OFFSET @offset ROWS FETCH NEXT @size ROWS ONLY
[2026-09-07 14:06:51] [INF] Fetched 10 top contributors from page 1900 with total 70000
[2026-09-07 14:06:51] [INF] HTTP GET /api/employees/top-contributors responded 200 in 643.1433 ms
[2026-09-07 14:06:51] [INF] Fetched 10 top contributors from page 2000 with total 70000
[2026-09-07 14:06:51] [INF] HTTP GET /api/employees/top-contributors responded 200 in 656.1001 ms
[2026-09-07 14:06:51] [INF] Query executed :
    SELECT
        e.Id,
        e.EmployeeCode,
        e.Name,
        d.Name AS Department,
        et.Name AS EmploymentType,
        l.Name AS Location,
        e.Attendance,
        e.Performance,
        e.ActiveProjects,
        e.ExperienceYears,
        e.Salary,
        e.JoiningYear,
        e.IsActive,
        e.DepartmentId,
        e.EmploymentTypeId,
        e.LocationId
    FROM Employees e
    INNER JOIN Departments d ON e.DepartmentId = d.Id
    INNER JOIN Locations l ON e.LocationId = l.Id
    INNER JOIN EmploymentTypes et ON e.EmploymentTypeId = et.Id
    WHERE (@DepartmentId IS NULL OR e.DepartmentId = @DepartmentId)
      AND (@EmploymentTypeId IS NULL OR e.EmploymentTypeId = @EmploymentTypeId)
      AND (@LocationId IS NULL OR e.LocationId = @LocationId)
    ORDER BY e.ActiveProjects DESC, e.Id
    OFFSET @offset ROWS FETCH NEXT @size ROWS ONLY
[2026-09-07 14:06:52] [INF] Fetched 10 top contributors from page 2100 with total 70000
[2026-09-07 14:06:52] [INF] HTTP GET /api/employees/top-contributors responded 200 in 667.3432 ms
[2026-09-07 14:06:52] [INF] Query executed :
    SELECT
        e.Id,
        e.EmployeeCode,
        e.Name,
        d.Name AS Department,
        et.Name AS EmploymentType,
        l.Name AS Location,
        e.Attendance,
        e.Performance,
        e.ActiveProjects,
        e.ExperienceYears,
        e.Salary,
        e.JoiningYear,
        e.IsActive,
        e.DepartmentId,
        e.EmploymentTypeId,
        e.LocationId
    FROM Employees e
    INNER JOIN Departments d ON e.DepartmentId = d.Id
    INNER JOIN Locations l ON e.LocationId = l.Id
    INNER JOIN EmploymentTypes et ON e.EmploymentTypeId = et.Id
    WHERE (@DepartmentId IS NULL OR e.DepartmentId = @DepartmentId)
      AND (@EmploymentTypeId IS NULL OR e.EmploymentTypeId = @EmploymentTypeId)
      AND (@LocationId IS NULL OR e.LocationId = @LocationId)
    ORDER BY e.ActiveProjects DESC, e.Id
    OFFSET @offset ROWS FETCH NEXT @size ROWS ONLY
[2026-09-07 14:06:52] [INF] Fetched 10 top contributors from page 2200 with total 70000
[2026-09-07 14:06:52] [INF] HTTP GET /api/employees/top-contributors responded 200 in 646.2420 ms
[2026-09-07 14:06:52] [INF] Query executed :
    SELECT
        e.Id,
        e.EmployeeCode,
        e.Name,
        d.Name AS Department,
        et.Name AS EmploymentType,
        l.Name AS Location,
        e.Attendance,
        e.Performance,
        e.ActiveProjects,
        e.ExperienceYears,
        e.Salary,
        e.JoiningYear,
        e.IsActive,
        e.DepartmentId,
        e.EmploymentTypeId,
        e.LocationId
    FROM Employees e
    INNER JOIN Departments d ON e.DepartmentId = d.Id
    INNER JOIN Locations l ON e.LocationId = l.Id
    INNER JOIN EmploymentTypes et ON e.EmploymentTypeId = et.Id
    WHERE (@DepartmentId IS NULL OR e.DepartmentId = @DepartmentId)
      AND (@EmploymentTypeId IS NULL OR e.EmploymentTypeId = @EmploymentTypeId)
      AND (@LocationId IS NULL OR e.LocationId = @LocationId)
    ORDER BY e.ActiveProjects DESC, e.Id
    OFFSET @offset ROWS FETCH NEXT @size ROWS ONLY
[2026-09-07 14:06:52] [INF] Fetched 10 top contributors from page 2300 with total 70000
[2026-09-07 14:06:52] [INF] HTTP GET /api/employees/top-contributors responded 200 in 653.6599 ms
[2026-09-07 14:06:52] [INF] Query executed :
    SELECT
        e.Id,
        e.EmployeeCode,
        e.Name,
        d.Name AS Department,
        et.Name AS EmploymentType,
        l.Name AS Location,
        e.Attendance,
        e.Performance,
        e.ActiveProjects,
        e.ExperienceYears,
        e.Salary,
        e.JoiningYear,
        e.IsActive,
        e.DepartmentId,
        e.EmploymentTypeId,
        e.LocationId
    FROM Employees e
    INNER JOIN Departments d ON e.DepartmentId = d.Id
    INNER JOIN Locations l ON e.LocationId = l.Id
    INNER JOIN EmploymentTypes et ON e.EmploymentTypeId = et.Id
    WHERE (@DepartmentId IS NULL OR e.DepartmentId = @DepartmentId)
      AND (@EmploymentTypeId IS NULL OR e.EmploymentTypeId = @EmploymentTypeId)
      AND (@LocationId IS NULL OR e.LocationId = @LocationId)
    ORDER BY e.ActiveProjects DESC, e.Id
    OFFSET @offset ROWS FETCH NEXT @size ROWS ONLY
[2026-09-07 14:06:52] [INF] Fetched 10 top contributors from page 2400 with total 70000
[2026-09-07 14:06:52] [INF] HTTP GET /api/employees/top-contributors responded 200 in 667.6561 ms
[2026-09-07 14:06:52] [INF] Query executed :
    SELECT
        e.Id,
        e.EmployeeCode,
        e.Name,
        d.Name AS Department,
        et.Name AS EmploymentType,
        l.Name AS Location,
        e.Attendance,
        e.Performance,
        e.ActiveProjects,
        e.ExperienceYears,
        e.Salary,
        e.JoiningYear,
        e.IsActive,
        e.DepartmentId,
        e.EmploymentTypeId,
        e.LocationId
    FROM Employees e
    INNER JOIN Departments d ON e.DepartmentId = d.Id
    INNER JOIN Locations l ON e.LocationId = l.Id
    INNER JOIN EmploymentTypes et ON e.EmploymentTypeId = et.Id
    WHERE (@DepartmentId IS NULL OR e.DepartmentId = @DepartmentId)
      AND (@EmploymentTypeId IS NULL OR e.EmploymentTypeId = @EmploymentTypeId)
      AND (@LocationId IS NULL OR e.LocationId = @LocationId)
    ORDER BY e.ActiveProjects DESC, e.Id
    OFFSET @offset ROWS FETCH NEXT @size ROWS ONLY
[2026-09-07 14:06:53] [INF] Fetched 10 top contributors from page 2500 with total 70000
[2026-09-07 14:06:53] [INF] HTTP GET /api/employees/top-contributors responded 200 in 642.4161 ms
[2026-09-07 14:06:53] [INF] Query executed :
    SELECT
        e.Id,
        e.EmployeeCode,
        e.Name,
        d.Name AS Department,
        et.Name AS EmploymentType,
        l.Name AS Location,
        e.Attendance,
        e.Performance,
        e.ActiveProjects,
        e.ExperienceYears,
        e.Salary,
        e.JoiningYear,
        e.IsActive,
        e.DepartmentId,
        e.EmploymentTypeId,
        e.LocationId
    FROM Employees e
    INNER JOIN Departments d ON e.DepartmentId = d.Id
    INNER JOIN Locations l ON e.LocationId = l.Id
    INNER JOIN EmploymentTypes et ON e.EmploymentTypeId = et.Id
    WHERE (@DepartmentId IS NULL OR e.DepartmentId = @DepartmentId)
      AND (@EmploymentTypeId IS NULL OR e.EmploymentTypeId = @EmploymentTypeId)
      AND (@LocationId IS NULL OR e.LocationId = @LocationId)
    ORDER BY e.ActiveProjects DESC, e.Id
    OFFSET @offset ROWS FETCH NEXT @size ROWS ONLY
[2026-09-07 14:06:53] [INF] Fetched 10 top contributors from page 2600 with total 70000
[2026-09-07 14:06:53] [INF] HTTP GET /api/employees/top-contributors responded 200 in 673.4915 ms
[2026-09-07 14:06:53] [INF] Query executed :
    SELECT
        e.Id,
        e.EmployeeCode,
        e.Name,
        d.Name AS Department,
        et.Name AS EmploymentType,
        l.Name AS Location,
        e.Attendance,
        e.Performance,
        e.ActiveProjects,
        e.ExperienceYears,
        e.Salary,
        e.JoiningYear,
        e.IsActive,
        e.DepartmentId,
        e.EmploymentTypeId,
        e.LocationId
    FROM Employees e
    INNER JOIN Departments d ON e.DepartmentId = d.Id
    INNER JOIN Locations l ON e.LocationId = l.Id
    INNER JOIN EmploymentTypes et ON e.EmploymentTypeId = et.Id
    WHERE (@DepartmentId IS NULL OR e.DepartmentId = @DepartmentId)
      AND (@EmploymentTypeId IS NULL OR e.EmploymentTypeId = @EmploymentTypeId)
      AND (@LocationId IS NULL OR e.LocationId = @LocationId)
    ORDER BY e.ActiveProjects DESC, e.Id
    OFFSET @offset ROWS FETCH NEXT @size ROWS ONLY
[2026-09-07 14:06:53] [INF] Query executed :
    SELECT
        e.Id,
        e.EmployeeCode,
        e.Name,
        d.Name AS Department,
        et.Name AS EmploymentType,
        l.Name AS Location,
        e.Attendance,
        e.Performance,
        e.ActiveProjects,
        e.ExperienceYears,
        e.Salary,
        e.JoiningYear,
        e.IsActive,
        e.DepartmentId,
        e.EmploymentTypeId,
        e.LocationId
    FROM Employees e
    INNER JOIN Departments d ON e.DepartmentId = d.Id
    INNER JOIN Locations l ON e.LocationId = l.Id
    INNER JOIN EmploymentTypes et ON e.EmploymentTypeId = et.Id
    WHERE (@DepartmentId IS NULL OR e.DepartmentId = @DepartmentId)
      AND (@EmploymentTypeId IS NULL OR e.EmploymentTypeId = @EmploymentTypeId)
      AND (@LocationId IS NULL OR e.LocationId = @LocationId)
    ORDER BY e.ActiveProjects DESC, e.Id
    OFFSET @offset ROWS FETCH NEXT @size ROWS ONLY
[2026-09-07 14:06:53] [INF] Fetched 10 top contributors from page 2700 with total 70000
[2026-09-07 14:06:53] [INF] HTTP GET /api/employees/top-contributors responded 200 in 690.1609 ms
[2026-09-07 14:06:53] [INF] Query executed :
    SELECT
        e.Id,
        e.EmployeeCode,
        e.Name,
        d.Name AS Department,
        et.Name AS EmploymentType,
        l.Name AS Location,
        e.Attendance,
        e.Performance,
        e.ActiveProjects,
        e.ExperienceYears,
        e.Salary,
        e.JoiningYear,
        e.IsActive,
        e.DepartmentId,
        e.EmploymentTypeId,
        e.LocationId
    FROM Employees e
    INNER JOIN Departments d ON e.DepartmentId = d.Id
    INNER JOIN Locations l ON e.LocationId = l.Id
    INNER JOIN EmploymentTypes et ON e.EmploymentTypeId = et.Id
    WHERE (@DepartmentId IS NULL OR e.DepartmentId = @DepartmentId)
      AND (@EmploymentTypeId IS NULL OR e.EmploymentTypeId = @EmploymentTypeId)
      AND (@LocationId IS NULL OR e.LocationId = @LocationId)
    ORDER BY e.ActiveProjects DESC, e.Id
    OFFSET @offset ROWS FETCH NEXT @size ROWS ONLY
[2026-09-07 14:06:53] [INF] Fetched 10 top contributors from page 2800 with total 70000
[2026-09-07 14:06:53] [INF] HTTP GET /api/employees/top-contributors responded 200 in 691.2576 ms
[2026-09-07 14:06:53] [INF] Fetched 10 top contributors from page 2900 with total 70000
[2026-09-07 14:06:53] [INF] HTTP GET /api/employees/top-contributors responded 200 in 681.0416 ms
[2026-09-07 14:06:53] [INF] Query executed :
    SELECT
        e.Id,
        e.EmployeeCode,
        e.Name,
        d.Name AS Department,
        et.Name AS EmploymentType,
        l.Name AS Location,
        e.Attendance,
        e.Performance,
        e.ActiveProjects,
        e.ExperienceYears,
        e.Salary,
        e.JoiningYear,
        e.IsActive,
        e.DepartmentId,
        e.EmploymentTypeId,
        e.LocationId
    FROM Employees e
    INNER JOIN Departments d ON e.DepartmentId = d.Id
    INNER JOIN Locations l ON e.LocationId = l.Id
    INNER JOIN EmploymentTypes et ON e.EmploymentTypeId = et.Id
    WHERE (@DepartmentId IS NULL OR e.DepartmentId = @DepartmentId)
      AND (@EmploymentTypeId IS NULL OR e.EmploymentTypeId = @EmploymentTypeId)
      AND (@LocationId IS NULL OR e.LocationId = @LocationId)
    ORDER BY e.ActiveProjects DESC, e.Id
    OFFSET @offset ROWS FETCH NEXT @size ROWS ONLY
[2026-09-07 14:06:54] [INF] Fetched 10 top contributors from page 3000 with total 70000
[2026-09-07 14:06:54] [INF] HTTP GET /api/employees/top-contributors responded 200 in 657.0294 ms
[2026-09-07 14:06:54] [INF] Query executed :
    SELECT
        e.Id,
        e.EmployeeCode,
        e.Name,
        d.Name AS Department,
        et.Name AS EmploymentType,
        l.Name AS Location,
        e.Attendance,
        e.Performance,
        e.ActiveProjects,
        e.ExperienceYears,
        e.Salary,
        e.JoiningYear,
        e.IsActive,
        e.DepartmentId,
        e.EmploymentTypeId,
        e.LocationId
    FROM Employees e
    INNER JOIN Departments d ON e.DepartmentId = d.Id
    INNER JOIN Locations l ON e.LocationId = l.Id
    INNER JOIN EmploymentTypes et ON e.EmploymentTypeId = et.Id
    WHERE (@DepartmentId IS NULL OR e.DepartmentId = @DepartmentId)
      AND (@EmploymentTypeId IS NULL OR e.EmploymentTypeId = @EmploymentTypeId)
      AND (@LocationId IS NULL OR e.LocationId = @LocationId)
    ORDER BY e.ActiveProjects DESC, e.Id
    OFFSET @offset ROWS FETCH NEXT @size ROWS ONLY
[2026-09-07 14:06:54] [INF] Fetched 10 top contributors from page 3100 with total 70000
[2026-09-07 14:06:54] [INF] HTTP GET /api/employees/top-contributors responded 200 in 614.2604 ms
[2026-09-07 14:06:54] [INF] Query executed :
    SELECT
        e.Id,
        e.EmployeeCode,
        e.Name,
        d.Name AS Department,
        et.Name AS EmploymentType,
        l.Name AS Location,
        e.Attendance,
        e.Performance,
        e.ActiveProjects,
        e.ExperienceYears,
        e.Salary,
        e.JoiningYear,
        e.IsActive,
        e.DepartmentId,
        e.EmploymentTypeId,
        e.LocationId
    FROM Employees e
    INNER JOIN Departments d ON e.DepartmentId = d.Id
    INNER JOIN Locations l ON e.LocationId = l.Id
    INNER JOIN EmploymentTypes et ON e.EmploymentTypeId = et.Id
    WHERE (@DepartmentId IS NULL OR e.DepartmentId = @DepartmentId)
      AND (@EmploymentTypeId IS NULL OR e.EmploymentTypeId = @EmploymentTypeId)
      AND (@LocationId IS NULL OR e.LocationId = @LocationId)
    ORDER BY e.ActiveProjects DESC, e.Id
    OFFSET @offset ROWS FETCH NEXT @size ROWS ONLY
[2026-09-07 14:06:54] [INF] Fetched 10 top contributors from page 3200 with total 70000
[2026-09-07 14:06:54] [INF] HTTP GET /api/employees/top-contributors responded 200 in 575.7532 ms
[2026-09-07 14:06:54] [INF] Query executed :
    SELECT
        e.Id,
        e.EmployeeCode,
        e.Name,
        d.Name AS Department,
        et.Name AS EmploymentType,
        l.Name AS Location,
        e.Attendance,
        e.Performance,
        e.ActiveProjects,
        e.ExperienceYears,
        e.Salary,
        e.JoiningYear,
        e.IsActive,
        e.DepartmentId,
        e.EmploymentTypeId,
        e.LocationId
    FROM Employees e
    INNER JOIN Departments d ON e.DepartmentId = d.Id
    INNER JOIN Locations l ON e.LocationId = l.Id
    INNER JOIN EmploymentTypes et ON e.EmploymentTypeId = et.Id
    WHERE (@DepartmentId IS NULL OR e.DepartmentId = @DepartmentId)
      AND (@EmploymentTypeId IS NULL OR e.EmploymentTypeId = @EmploymentTypeId)
      AND (@LocationId IS NULL OR e.LocationId = @LocationId)
    ORDER BY e.ActiveProjects DESC, e.Id
    OFFSET @offset ROWS FETCH NEXT @size ROWS ONLY
[2026-09-07 14:06:54] [INF] Fetched 10 top contributors from page 3300 with total 70000
[2026-09-07 14:06:54] [INF] HTTP GET /api/employees/top-contributors responded 200 in 613.4114 ms
[2026-09-07 14:06:54] [INF] Query executed :
    SELECT
        e.Id,
        e.EmployeeCode,
        e.Name,
        d.Name AS Department,
        et.Name AS EmploymentType,
        l.Name AS Location,
        e.Attendance,
        e.Performance,
        e.ActiveProjects,
        e.ExperienceYears,
        e.Salary,
        e.JoiningYear,
        e.IsActive,
        e.DepartmentId,
        e.EmploymentTypeId,
        e.LocationId
    FROM Employees e
    INNER JOIN Departments d ON e.DepartmentId = d.Id
    INNER JOIN Locations l ON e.LocationId = l.Id
    INNER JOIN EmploymentTypes et ON e.EmploymentTypeId = et.Id
    WHERE (@DepartmentId IS NULL OR e.DepartmentId = @DepartmentId)
      AND (@EmploymentTypeId IS NULL OR e.EmploymentTypeId = @EmploymentTypeId)
      AND (@LocationId IS NULL OR e.LocationId = @LocationId)
    ORDER BY e.ActiveProjects DESC, e.Id
    OFFSET @offset ROWS FETCH NEXT @size ROWS ONLY
[2026-09-07 14:06:55] [INF] Fetched 10 top contributors from page 3400 with total 70000
[2026-09-07 14:06:55] [INF] HTTP GET /api/employees/top-contributors responded 200 in 632.4901 ms
[2026-09-07 14:06:55] [INF] Query executed :
    SELECT
        e.Id,
        e.EmployeeCode,
        e.Name,
        d.Name AS Department,
        et.Name AS EmploymentType,
        l.Name AS Location,
        e.Attendance,
        e.Performance,
        e.ActiveProjects,
        e.ExperienceYears,
        e.Salary,
        e.JoiningYear,
        e.IsActive,
        e.DepartmentId,
        e.EmploymentTypeId,
        e.LocationId
    FROM Employees e
    INNER JOIN Departments d ON e.DepartmentId = d.Id
    INNER JOIN Locations l ON e.LocationId = l.Id
    INNER JOIN EmploymentTypes et ON e.EmploymentTypeId = et.Id
    WHERE (@DepartmentId IS NULL OR e.DepartmentId = @DepartmentId)
      AND (@EmploymentTypeId IS NULL OR e.EmploymentTypeId = @EmploymentTypeId)
      AND (@LocationId IS NULL OR e.LocationId = @LocationId)
    ORDER BY e.ActiveProjects DESC, e.Id
    OFFSET @offset ROWS FETCH NEXT @size ROWS ONLY
[2026-09-07 14:06:55] [INF] Fetched 10 top contributors from page 3500 with total 70000
[2026-09-07 14:06:55] [INF] HTTP GET /api/employees/top-contributors responded 200 in 649.8406 ms
[2026-09-07 14:06:55] [INF] Query executed :
    SELECT
        e.Id,
        e.EmployeeCode,
        e.Name,
        d.Name AS Department,
        et.Name AS EmploymentType,
        l.Name AS Location,
        e.Attendance,
        e.Performance,
        e.ActiveProjects,
        e.ExperienceYears,
        e.Salary,
        e.JoiningYear,
        e.IsActive,
        e.DepartmentId,
        e.EmploymentTypeId,
        e.LocationId
    FROM Employees e
    INNER JOIN Departments d ON e.DepartmentId = d.Id
    INNER JOIN Locations l ON e.LocationId = l.Id
    INNER JOIN EmploymentTypes et ON e.EmploymentTypeId = et.Id
    WHERE (@DepartmentId IS NULL OR e.DepartmentId = @DepartmentId)
      AND (@EmploymentTypeId IS NULL OR e.EmploymentTypeId = @EmploymentTypeId)
      AND (@LocationId IS NULL OR e.LocationId = @LocationId)
    ORDER BY e.ActiveProjects DESC, e.Id
    OFFSET @offset ROWS FETCH NEXT @size ROWS ONLY
[2026-09-07 14:06:55] [INF] Fetched 10 top contributors from page 3600 with total 70000
[2026-09-07 14:06:55] [INF] HTTP GET /api/employees/top-contributors responded 200 in 638.3370 ms
[2026-09-07 14:06:55] [INF] Query executed :
    SELECT
        e.Id,
        e.EmployeeCode,
        e.Name,
        d.Name AS Department,
        et.Name AS EmploymentType,
        l.Name AS Location,
        e.Attendance,
        e.Performance,
        e.ActiveProjects,
        e.ExperienceYears,
        e.Salary,
        e.JoiningYear,
        e.IsActive,
        e.DepartmentId,
        e.EmploymentTypeId,
        e.LocationId
    FROM Employees e
    INNER JOIN Departments d ON e.DepartmentId = d.Id
    INNER JOIN Locations l ON e.LocationId = l.Id
    INNER JOIN EmploymentTypes et ON e.EmploymentTypeId = et.Id
    WHERE (@DepartmentId IS NULL OR e.DepartmentId = @DepartmentId)
      AND (@EmploymentTypeId IS NULL OR e.EmploymentTypeId = @EmploymentTypeId)
      AND (@LocationId IS NULL OR e.LocationId = @LocationId)
    ORDER BY e.ActiveProjects DESC, e.Id
    OFFSET @offset ROWS FETCH NEXT @size ROWS ONLY
[2026-09-07 14:06:55] [INF] Fetched 10 top contributors from page 3700 with total 70000
[2026-09-07 14:06:55] [INF] HTTP GET /api/employees/top-contributors responded 200 in 648.9628 ms
[2026-09-07 14:06:55] [INF] Query executed :
    SELECT
        e.Id,
        e.EmployeeCode,
        e.Name,
        d.Name AS Department,
        et.Name AS EmploymentType,
        l.Name AS Location,
        e.Attendance,
        e.Performance,
        e.ActiveProjects,
        e.ExperienceYears,
        e.Salary,
        e.JoiningYear,
        e.IsActive,
        e.DepartmentId,
        e.EmploymentTypeId,
        e.LocationId
    FROM Employees e
    INNER JOIN Departments d ON e.DepartmentId = d.Id
    INNER JOIN Locations l ON e.LocationId = l.Id
    INNER JOIN EmploymentTypes et ON e.EmploymentTypeId = et.Id
    WHERE (@DepartmentId IS NULL OR e.DepartmentId = @DepartmentId)
      AND (@EmploymentTypeId IS NULL OR e.EmploymentTypeId = @EmploymentTypeId)
      AND (@LocationId IS NULL OR e.LocationId = @LocationId)
    ORDER BY e.ActiveProjects DESC, e.Id
    OFFSET @offset ROWS FETCH NEXT @size ROWS ONLY
[2026-09-07 14:06:55] [INF] Fetched 10 top contributors from page 3800 with total 70000
[2026-09-07 14:06:55] [INF] HTTP GET /api/employees/top-contributors responded 200 in 664.2982 ms
[2026-09-07 14:06:56] [INF] Fetched 10 top contributors from page 3900 with total 70000
[2026-09-07 14:06:56] [INF] HTTP GET /api/employees/top-contributors responded 200 in 689.8362 ms
[2026-09-07 14:06:56] [INF] Fetched 10 top contributors from page 4000 with total 70000
[2026-09-07 14:06:56] [INF] HTTP GET /api/employees/top-contributors responded 200 in 664.3836 ms
[2026-09-07 14:06:58] [INF] Query executed :
    SELECT
        e.Id,
        e.EmployeeCode,
        e.Name,
        d.Name AS Department,
        et.Name AS EmploymentType,
        l.Name AS Location,
        e.Attendance,
        e.Performance,
        e.ActiveProjects,
        e.ExperienceYears,
        e.Salary,
        e.JoiningYear,
        e.IsActive,
        e.DepartmentId,
        e.EmploymentTypeId,
        e.LocationId
    FROM Employees e
    INNER JOIN Departments d ON e.DepartmentId = d.Id
    INNER JOIN Locations l ON e.LocationId = l.Id
    INNER JOIN EmploymentTypes et ON e.EmploymentTypeId = et.Id
    WHERE (@DepartmentId IS NULL OR e.DepartmentId = @DepartmentId)
      AND (@EmploymentTypeId IS NULL OR e.EmploymentTypeId = @EmploymentTypeId)
      AND (@LocationId IS NULL OR e.LocationId = @LocationId)
    ORDER BY e.ActiveProjects DESC, e.Id
    OFFSET @offset ROWS FETCH NEXT @size ROWS ONLY
[2026-09-07 14:06:59] [INF] Query executed :
    SELECT
        e.Id,
        e.EmployeeCode,
        e.Name,
        d.Name AS Department,
        et.Name AS EmploymentType,
        l.Name AS Location,
        e.Attendance,
        e.Performance,
        e.ActiveProjects,
        e.ExperienceYears,
        e.Salary,
        e.JoiningYear,
        e.IsActive,
        e.DepartmentId,
        e.EmploymentTypeId,
        e.LocationId
    FROM Employees e
    INNER JOIN Departments d ON e.DepartmentId = d.Id
    INNER JOIN Locations l ON e.LocationId = l.Id
    INNER JOIN EmploymentTypes et ON e.EmploymentTypeId = et.Id
    WHERE (@DepartmentId IS NULL OR e.DepartmentId = @DepartmentId)
      AND (@EmploymentTypeId IS NULL OR e.EmploymentTypeId = @EmploymentTypeId)
      AND (@LocationId IS NULL OR e.LocationId = @LocationId)
    ORDER BY e.ActiveProjects DESC, e.Id
    OFFSET @offset ROWS FETCH NEXT @size ROWS ONLY
[2026-09-07 14:06:59] [INF] Fetched 10 top contributors from page 4100 with total 70000
[2026-09-07 14:06:59] [INF] HTTP GET /api/employees/top-contributors responded 200 in 621.7044 ms
[2026-09-07 14:06:59] [INF] Query executed :
    SELECT
        e.Id,
        e.EmployeeCode,
        e.Name,
        d.Name AS Department,
        et.Name AS EmploymentType,
        l.Name AS Location,
        e.Attendance,
        e.Performance,
        e.ActiveProjects,
        e.ExperienceYears,
        e.Salary,
        e.JoiningYear,
        e.IsActive,
        e.DepartmentId,
        e.EmploymentTypeId,
        e.LocationId
    FROM Employees e
    INNER JOIN Departments d ON e.DepartmentId = d.Id
    INNER JOIN Locations l ON e.LocationId = l.Id
    INNER JOIN EmploymentTypes et ON e.EmploymentTypeId = et.Id
    WHERE (@DepartmentId IS NULL OR e.DepartmentId = @DepartmentId)
      AND (@EmploymentTypeId IS NULL OR e.EmploymentTypeId = @EmploymentTypeId)
      AND (@LocationId IS NULL OR e.LocationId = @LocationId)
    ORDER BY e.ActiveProjects DESC, e.Id
    OFFSET @offset ROWS FETCH NEXT @size ROWS ONLY
[2026-09-07 14:06:59] [INF] Query executed :
    SELECT
        e.Id,
        e.EmployeeCode,
        e.Name,
        d.Name AS Department,
        et.Name AS EmploymentType,
        l.Name AS Location,
        e.Attendance,
        e.Performance,
        e.ActiveProjects,
        e.ExperienceYears,
        e.Salary,
        e.JoiningYear,
        e.IsActive,
        e.DepartmentId,
        e.EmploymentTypeId,
        e.LocationId
    FROM Employees e
    INNER JOIN Departments d ON e.DepartmentId = d.Id
    INNER JOIN Locations l ON e.LocationId = l.Id
    INNER JOIN EmploymentTypes et ON e.EmploymentTypeId = et.Id
    WHERE (@DepartmentId IS NULL OR e.DepartmentId = @DepartmentId)
      AND (@EmploymentTypeId IS NULL OR e.EmploymentTypeId = @EmploymentTypeId)
      AND (@LocationId IS NULL OR e.LocationId = @LocationId)
    ORDER BY e.ActiveProjects DESC, e.Id
    OFFSET @offset ROWS FETCH NEXT @size ROWS ONLY
[2026-09-07 14:06:59] [INF] Query executed :
    SELECT
        e.Id,
        e.EmployeeCode,
        e.Name,
        d.Name AS Department,
        et.Name AS EmploymentType,
        l.Name AS Location,
        e.Attendance,
        e.Performance,
        e.ActiveProjects,
        e.ExperienceYears,
        e.Salary,
        e.JoiningYear,
        e.IsActive,
        e.DepartmentId,
        e.EmploymentTypeId,
        e.LocationId
    FROM Employees e
    INNER JOIN Departments d ON e.DepartmentId = d.Id
    INNER JOIN Locations l ON e.LocationId = l.Id
    INNER JOIN EmploymentTypes et ON e.EmploymentTypeId = et.Id
    WHERE (@DepartmentId IS NULL OR e.DepartmentId = @DepartmentId)
      AND (@EmploymentTypeId IS NULL OR e.EmploymentTypeId = @EmploymentTypeId)
      AND (@LocationId IS NULL OR e.LocationId = @LocationId)
    ORDER BY e.ActiveProjects DESC, e.Id
    OFFSET @offset ROWS FETCH NEXT @size ROWS ONLY
[2026-09-07 14:06:59] [INF] Fetched 10 top contributors from page 4200 with total 70000
[2026-09-07 14:06:59] [INF] HTTP GET /api/employees/top-contributors responded 200 in 684.6889 ms
[2026-09-07 14:07:00] [INF] Fetched 10 top contributors from page 4300 with total 70000
[2026-09-07 14:07:00] [INF] HTTP GET /api/employees/top-contributors responded 200 in 649.0558 ms
[2026-09-07 14:07:00] [INF] Query executed :
    SELECT
        e.Id,
        e.EmployeeCode,
        e.Name,
        d.Name AS Department,
        et.Name AS EmploymentType,
        l.Name AS Location,
        e.Attendance,
        e.Performance,
        e.ActiveProjects,
        e.ExperienceYears,
        e.Salary,
        e.JoiningYear,
        e.IsActive,
        e.DepartmentId,
        e.EmploymentTypeId,
        e.LocationId
    FROM Employees e
    INNER JOIN Departments d ON e.DepartmentId = d.Id
    INNER JOIN Locations l ON e.LocationId = l.Id
    INNER JOIN EmploymentTypes et ON e.EmploymentTypeId = et.Id
    WHERE (@DepartmentId IS NULL OR e.DepartmentId = @DepartmentId)
      AND (@EmploymentTypeId IS NULL OR e.EmploymentTypeId = @EmploymentTypeId)
      AND (@LocationId IS NULL OR e.LocationId = @LocationId)
    ORDER BY e.ActiveProjects DESC, e.Id
    OFFSET @offset ROWS FETCH NEXT @size ROWS ONLY
[2026-09-07 14:07:00] [INF] Fetched 10 top contributors from page 4400 with total 70000
[2026-09-07 14:07:00] [INF] HTTP GET /api/employees/top-contributors responded 200 in 640.9809 ms
[2026-09-07 14:07:00] [INF] Query executed :
    SELECT
        e.Id,
        e.EmployeeCode,
        e.Name,
        d.Name AS Department,
        et.Name AS EmploymentType,
        l.Name AS Location,
        e.Attendance,
        e.Performance,
        e.ActiveProjects,
        e.ExperienceYears,
        e.Salary,
        e.JoiningYear,
        e.IsActive,
        e.DepartmentId,
        e.EmploymentTypeId,
        e.LocationId
    FROM Employees e
    INNER JOIN Departments d ON e.DepartmentId = d.Id
    INNER JOIN Locations l ON e.LocationId = l.Id
    INNER JOIN EmploymentTypes et ON e.EmploymentTypeId = et.Id
    WHERE (@DepartmentId IS NULL OR e.DepartmentId = @DepartmentId)
      AND (@EmploymentTypeId IS NULL OR e.EmploymentTypeId = @EmploymentTypeId)
      AND (@LocationId IS NULL OR e.LocationId = @LocationId)
    ORDER BY e.ActiveProjects DESC, e.Id
    OFFSET @offset ROWS FETCH NEXT @size ROWS ONLY
[2026-09-07 14:07:00] [INF] Fetched 10 top contributors from page 4500 with total 70000
[2026-09-07 14:07:00] [INF] HTTP GET /api/employees/top-contributors responded 200 in 634.0745 ms
[2026-09-07 14:07:00] [INF] Query executed :
    SELECT
        e.Id,
        e.EmployeeCode,
        e.Name,
        d.Name AS Department,
        et.Name AS EmploymentType,
        l.Name AS Location,
        e.Attendance,
        e.Performance,
        e.ActiveProjects,
        e.ExperienceYears,
        e.Salary,
        e.JoiningYear,
        e.IsActive,
        e.DepartmentId,
        e.EmploymentTypeId,
        e.LocationId
    FROM Employees e
    INNER JOIN Departments d ON e.DepartmentId = d.Id
    INNER JOIN Locations l ON e.LocationId = l.Id
    INNER JOIN EmploymentTypes et ON e.EmploymentTypeId = et.Id
    WHERE (@DepartmentId IS NULL OR e.DepartmentId = @DepartmentId)
      AND (@EmploymentTypeId IS NULL OR e.EmploymentTypeId = @EmploymentTypeId)
      AND (@LocationId IS NULL OR e.LocationId = @LocationId)
    ORDER BY e.ActiveProjects DESC, e.Id
    OFFSET @offset ROWS FETCH NEXT @size ROWS ONLY
[2026-09-07 14:07:00] [INF] Query executed :
    SELECT
        e.Id,
        e.EmployeeCode,
        e.Name,
        d.Name AS Department,
        et.Name AS EmploymentType,
        l.Name AS Location,
        e.Attendance,
        e.Performance,
        e.ActiveProjects,
        e.ExperienceYears,
        e.Salary,
        e.JoiningYear,
        e.IsActive,
        e.DepartmentId,
        e.EmploymentTypeId,
        e.LocationId
    FROM Employees e
    INNER JOIN Departments d ON e.DepartmentId = d.Id
    INNER JOIN Locations l ON e.LocationId = l.Id
    INNER JOIN EmploymentTypes et ON e.EmploymentTypeId = et.Id
    WHERE (@DepartmentId IS NULL OR e.DepartmentId = @DepartmentId)
      AND (@EmploymentTypeId IS NULL OR e.EmploymentTypeId = @EmploymentTypeId)
      AND (@LocationId IS NULL OR e.LocationId = @LocationId)
    ORDER BY e.ActiveProjects DESC, e.Id
    OFFSET @offset ROWS FETCH NEXT @size ROWS ONLY
[2026-09-07 14:07:00] [INF] Fetched 10 top contributors from page 4600 with total 70000
[2026-09-07 14:07:00] [INF] HTTP GET /api/employees/top-contributors responded 200 in 645.2121 ms
[2026-09-07 14:07:00] [INF] Fetched 10 top contributors from page 4700 with total 70000
[2026-09-07 14:07:00] [INF] HTTP GET /api/employees/top-contributors responded 200 in 654.3293 ms
[2026-09-07 14:07:01] [INF] Query executed :
    SELECT
        e.Id,
        e.EmployeeCode,
        e.Name,
        d.Name AS Department,
        et.Name AS EmploymentType,
        l.Name AS Location,
        e.Attendance,
        e.Performance,
        e.ActiveProjects,
        e.ExperienceYears,
        e.Salary,
        e.JoiningYear,
        e.IsActive,
        e.DepartmentId,
        e.EmploymentTypeId,
        e.LocationId
    FROM Employees e
    INNER JOIN Departments d ON e.DepartmentId = d.Id
    INNER JOIN Locations l ON e.LocationId = l.Id
    INNER JOIN EmploymentTypes et ON e.EmploymentTypeId = et.Id
    WHERE (@DepartmentId IS NULL OR e.DepartmentId = @DepartmentId)
      AND (@EmploymentTypeId IS NULL OR e.EmploymentTypeId = @EmploymentTypeId)
      AND (@LocationId IS NULL OR e.LocationId = @LocationId)
    ORDER BY e.ActiveProjects DESC, e.Id
    OFFSET @offset ROWS FETCH NEXT @size ROWS ONLY
[2026-09-07 14:07:01] [INF] Fetched 10 top contributors from page 4800 with total 70000
[2026-09-07 14:07:01] [INF] HTTP GET /api/employees/top-contributors responded 200 in 643.0087 ms
[2026-09-07 14:07:01] [INF] Fetched 10 top contributors from page 4900 with total 70000
[2026-09-07 14:07:01] [INF] HTTP GET /api/employees/top-contributors responded 200 in 650.7022 ms
[2026-09-07 14:07:01] [INF] Query executed :
    SELECT
        e.Id,
        e.EmployeeCode,
        e.Name,
        d.Name AS Department,
        et.Name AS EmploymentType,
        l.Name AS Location,
        e.Attendance,
        e.Performance,
        e.ActiveProjects,
        e.ExperienceYears,
        e.Salary,
        e.JoiningYear,
        e.IsActive,
        e.DepartmentId,
        e.EmploymentTypeId,
        e.LocationId
    FROM Employees e
    INNER JOIN Departments d ON e.DepartmentId = d.Id
    INNER JOIN Locations l ON e.LocationId = l.Id
    INNER JOIN EmploymentTypes et ON e.EmploymentTypeId = et.Id
    WHERE (@DepartmentId IS NULL OR e.DepartmentId = @DepartmentId)
      AND (@EmploymentTypeId IS NULL OR e.EmploymentTypeId = @EmploymentTypeId)
      AND (@LocationId IS NULL OR e.LocationId = @LocationId)
    ORDER BY e.ActiveProjects DESC, e.Id
    OFFSET @offset ROWS FETCH NEXT @size ROWS ONLY
[2026-09-07 14:07:01] [INF] Query executed :
    SELECT
        e.Id,
        e.EmployeeCode,
        e.Name,
        d.Name AS Department,
        et.Name AS EmploymentType,
        l.Name AS Location,
        e.Attendance,
        e.Performance,
        e.ActiveProjects,
        e.ExperienceYears,
        e.Salary,
        e.JoiningYear,
        e.IsActive,
        e.DepartmentId,
        e.EmploymentTypeId,
        e.LocationId
    FROM Employees e
    INNER JOIN Departments d ON e.DepartmentId = d.Id
    INNER JOIN Locations l ON e.LocationId = l.Id
    INNER JOIN EmploymentTypes et ON e.EmploymentTypeId = et.Id
    WHERE (@DepartmentId IS NULL OR e.DepartmentId = @DepartmentId)
      AND (@EmploymentTypeId IS NULL OR e.EmploymentTypeId = @EmploymentTypeId)
      AND (@LocationId IS NULL OR e.LocationId = @LocationId)
    ORDER BY e.ActiveProjects DESC, e.Id
    OFFSET @offset ROWS FETCH NEXT @size ROWS ONLY
[2026-09-07 14:07:01] [INF] Fetched 10 top contributors from page 5000 with total 70000
[2026-09-07 14:07:01] [INF] HTTP GET /api/employees/top-contributors responded 200 in 631.5990 ms
[2026-09-07 14:07:01] [INF] Query executed :
    SELECT
        e.Id,
        e.EmployeeCode,
        e.Name,
        d.Name AS Department,
        et.Name AS EmploymentType,
        l.Name AS Location,
        e.Attendance,
        e.Performance,
        e.ActiveProjects,
        e.ExperienceYears,
        e.Salary,
        e.JoiningYear,
        e.IsActive,
        e.DepartmentId,
        e.EmploymentTypeId,
        e.LocationId
    FROM Employees e
    INNER JOIN Departments d ON e.DepartmentId = d.Id
    INNER JOIN Locations l ON e.LocationId = l.Id
    INNER JOIN EmploymentTypes et ON e.EmploymentTypeId = et.Id
    WHERE (@DepartmentId IS NULL OR e.DepartmentId = @DepartmentId)
      AND (@EmploymentTypeId IS NULL OR e.EmploymentTypeId = @EmploymentTypeId)
      AND (@LocationId IS NULL OR e.LocationId = @LocationId)
    ORDER BY e.ActiveProjects DESC, e.Id
    OFFSET @offset ROWS FETCH NEXT @size ROWS ONLY
[2026-09-07 14:07:01] [INF] Fetched 10 top contributors from page 5100 with total 70000
[2026-09-07 14:07:01] [INF] HTTP GET /api/employees/top-contributors responded 200 in 653.4659 ms
[2026-09-07 14:07:01] [INF] Query executed :
    SELECT
        e.Id,
        e.EmployeeCode,
        e.Name,
        d.Name AS Department,
        et.Name AS EmploymentType,
        l.Name AS Location,
        e.Attendance,
        e.Performance,
        e.ActiveProjects,
        e.ExperienceYears,
        e.Salary,
        e.JoiningYear,
        e.IsActive,
        e.DepartmentId,
        e.EmploymentTypeId,
        e.LocationId
    FROM Employees e
    INNER JOIN Departments d ON e.DepartmentId = d.Id
    INNER JOIN Locations l ON e.LocationId = l.Id
    INNER JOIN EmploymentTypes et ON e.EmploymentTypeId = et.Id
    WHERE (@DepartmentId IS NULL OR e.DepartmentId = @DepartmentId)
      AND (@EmploymentTypeId IS NULL OR e.EmploymentTypeId = @EmploymentTypeId)
      AND (@LocationId IS NULL OR e.LocationId = @LocationId)
    ORDER BY e.ActiveProjects DESC, e.Id
    OFFSET @offset ROWS FETCH NEXT @size ROWS ONLY
[2026-09-07 14:07:02] [INF] Fetched 10 top contributors from page 5200 with total 70000
[2026-09-07 14:07:02] [INF] HTTP GET /api/employees/top-contributors responded 200 in 641.0578 ms
[2026-09-07 14:07:02] [INF] Query executed :
    SELECT
        e.Id,
        e.EmployeeCode,
        e.Name,
        d.Name AS Department,
        et.Name AS EmploymentType,
        l.Name AS Location,
        e.Attendance,
        e.Performance,
        e.ActiveProjects,
        e.ExperienceYears,
        e.Salary,
        e.JoiningYear,
        e.IsActive,
        e.DepartmentId,
        e.EmploymentTypeId,
        e.LocationId
    FROM Employees e
    INNER JOIN Departments d ON e.DepartmentId = d.Id
    INNER JOIN Locations l ON e.LocationId = l.Id
    INNER JOIN EmploymentTypes et ON e.EmploymentTypeId = et.Id
    WHERE (@DepartmentId IS NULL OR e.DepartmentId = @DepartmentId)
      AND (@EmploymentTypeId IS NULL OR e.EmploymentTypeId = @EmploymentTypeId)
      AND (@LocationId IS NULL OR e.LocationId = @LocationId)
    ORDER BY e.ActiveProjects DESC, e.Id
    OFFSET @offset ROWS FETCH NEXT @size ROWS ONLY
[2026-09-07 14:07:02] [INF] Fetched 10 top contributors from page 5300 with total 70000
[2026-09-07 14:07:02] [INF] HTTP GET /api/employees/top-contributors responded 200 in 657.1264 ms
[2026-09-07 14:07:02] [INF] Query executed :
    SELECT
        e.Id,
        e.EmployeeCode,
        e.Name,
        d.Name AS Department,
        et.Name AS EmploymentType,
        l.Name AS Location,
        e.Attendance,
        e.Performance,
        e.ActiveProjects,
        e.ExperienceYears,
        e.Salary,
        e.JoiningYear,
        e.IsActive,
        e.DepartmentId,
        e.EmploymentTypeId,
        e.LocationId
    FROM Employees e
    INNER JOIN Departments d ON e.DepartmentId = d.Id
    INNER JOIN Locations l ON e.LocationId = l.Id
    INNER JOIN EmploymentTypes et ON e.EmploymentTypeId = et.Id
    WHERE (@DepartmentId IS NULL OR e.DepartmentId = @DepartmentId)
      AND (@EmploymentTypeId IS NULL OR e.EmploymentTypeId = @EmploymentTypeId)
      AND (@LocationId IS NULL OR e.LocationId = @LocationId)
    ORDER BY e.ActiveProjects DESC, e.Id
    OFFSET @offset ROWS FETCH NEXT @size ROWS ONLY
[2026-09-07 14:07:02] [INF] Fetched 10 top contributors from page 5400 with total 70000
[2026-09-07 14:07:02] [INF] HTTP GET /api/employees/top-contributors responded 200 in 665.7640 ms
[2026-09-07 14:07:02] [INF] Query executed :
    SELECT
        e.Id,
        e.EmployeeCode,
        e.Name,
        d.Name AS Department,
        et.Name AS EmploymentType,
        l.Name AS Location,
        e.Attendance,
        e.Performance,
        e.ActiveProjects,
        e.ExperienceYears,
        e.Salary,
        e.JoiningYear,
        e.IsActive,
        e.DepartmentId,
        e.EmploymentTypeId,
        e.LocationId
    FROM Employees e
    INNER JOIN Departments d ON e.DepartmentId = d.Id
    INNER JOIN Locations l ON e.LocationId = l.Id
    INNER JOIN EmploymentTypes et ON e.EmploymentTypeId = et.Id
    WHERE (@DepartmentId IS NULL OR e.DepartmentId = @DepartmentId)
      AND (@EmploymentTypeId IS NULL OR e.EmploymentTypeId = @EmploymentTypeId)
      AND (@LocationId IS NULL OR e.LocationId = @LocationId)
    ORDER BY e.ActiveProjects DESC, e.Id
    OFFSET @offset ROWS FETCH NEXT @size ROWS ONLY
[2026-09-07 14:07:02] [INF] Fetched 10 top contributors from page 5500 with total 70000
[2026-09-07 14:07:02] [INF] HTTP GET /api/employees/top-contributors responded 200 in 631.6989 ms
[2026-09-07 14:07:02] [INF] Query executed :
    SELECT
        e.Id,
        e.EmployeeCode,
        e.Name,
        d.Name AS Department,
        et.Name AS EmploymentType,
        l.Name AS Location,
        e.Attendance,
        e.Performance,
        e.ActiveProjects,
        e.ExperienceYears,
        e.Salary,
        e.JoiningYear,
        e.IsActive,
        e.DepartmentId,
        e.EmploymentTypeId,
        e.LocationId
    FROM Employees e
    INNER JOIN Departments d ON e.DepartmentId = d.Id
    INNER JOIN Locations l ON e.LocationId = l.Id
    INNER JOIN EmploymentTypes et ON e.EmploymentTypeId = et.Id
    WHERE (@DepartmentId IS NULL OR e.DepartmentId = @DepartmentId)
      AND (@EmploymentTypeId IS NULL OR e.EmploymentTypeId = @EmploymentTypeId)
      AND (@LocationId IS NULL OR e.LocationId = @LocationId)
    ORDER BY e.ActiveProjects DESC, e.Id
    OFFSET @offset ROWS FETCH NEXT @size ROWS ONLY
[2026-09-07 14:07:03] [INF] Fetched 10 top contributors from page 5600 with total 70000
[2026-09-07 14:07:03] [INF] HTTP GET /api/employees/top-contributors responded 200 in 648.1698 ms
[2026-09-07 14:07:03] [INF] Query executed :
    SELECT
        e.Id,
        e.EmployeeCode,
        e.Name,
        d.Name AS Department,
        et.Name AS EmploymentType,
        l.Name AS Location,
        e.Attendance,
        e.Performance,
        e.ActiveProjects,
        e.ExperienceYears,
        e.Salary,
        e.JoiningYear,
        e.IsActive,
        e.DepartmentId,
        e.EmploymentTypeId,
        e.LocationId
    FROM Employees e
    INNER JOIN Departments d ON e.DepartmentId = d.Id
    INNER JOIN Locations l ON e.LocationId = l.Id
    INNER JOIN EmploymentTypes et ON e.EmploymentTypeId = et.Id
    WHERE (@DepartmentId IS NULL OR e.DepartmentId = @DepartmentId)
      AND (@EmploymentTypeId IS NULL OR e.EmploymentTypeId = @EmploymentTypeId)
      AND (@LocationId IS NULL OR e.LocationId = @LocationId)
    ORDER BY e.ActiveProjects DESC, e.Id
    OFFSET @offset ROWS FETCH NEXT @size ROWS ONLY
[2026-09-07 14:07:03] [INF] Fetched 10 top contributors from page 5700 with total 70000
[2026-09-07 14:07:03] [INF] HTTP GET /api/employees/top-contributors responded 200 in 643.4675 ms
[2026-09-07 14:07:03] [INF] Query executed :
    SELECT
        e.Id,
        e.EmployeeCode,
        e.Name,
        d.Name AS Department,
        et.Name AS EmploymentType,
        l.Name AS Location,
        e.Attendance,
        e.Performance,
        e.ActiveProjects,
        e.ExperienceYears,
        e.Salary,
        e.JoiningYear,
        e.IsActive,
        e.DepartmentId,
        e.EmploymentTypeId,
        e.LocationId
    FROM Employees e
    INNER JOIN Departments d ON e.DepartmentId = d.Id
    INNER JOIN Locations l ON e.LocationId = l.Id
    INNER JOIN EmploymentTypes et ON e.EmploymentTypeId = et.Id
    WHERE (@DepartmentId IS NULL OR e.DepartmentId = @DepartmentId)
      AND (@EmploymentTypeId IS NULL OR e.EmploymentTypeId = @EmploymentTypeId)
      AND (@LocationId IS NULL OR e.LocationId = @LocationId)
    ORDER BY e.ActiveProjects DESC, e.Id
    OFFSET @offset ROWS FETCH NEXT @size ROWS ONLY
[2026-09-07 14:07:03] [INF] Fetched 10 top contributors from page 5800 with total 70000
[2026-09-07 14:07:03] [INF] HTTP GET /api/employees/top-contributors responded 200 in 661.8739 ms
[2026-09-07 14:07:03] [INF] Query executed :
    SELECT
        e.Id,
        e.EmployeeCode,
        e.Name,
        d.Name AS Department,
        et.Name AS EmploymentType,
        l.Name AS Location,
        e.Attendance,
        e.Performance,
        e.ActiveProjects,
        e.ExperienceYears,
        e.Salary,
        e.JoiningYear,
        e.IsActive,
        e.DepartmentId,
        e.EmploymentTypeId,
        e.LocationId
    FROM Employees e
    INNER JOIN Departments d ON e.DepartmentId = d.Id
    INNER JOIN Locations l ON e.LocationId = l.Id
    INNER JOIN EmploymentTypes et ON e.EmploymentTypeId = et.Id
    WHERE (@DepartmentId IS NULL OR e.DepartmentId = @DepartmentId)
      AND (@EmploymentTypeId IS NULL OR e.EmploymentTypeId = @EmploymentTypeId)
      AND (@LocationId IS NULL OR e.LocationId = @LocationId)
    ORDER BY e.ActiveProjects DESC, e.Id
    OFFSET @offset ROWS FETCH NEXT @size ROWS ONLY
[2026-09-07 14:07:03] [INF] Fetched 10 top contributors from page 5900 with total 70000
[2026-09-07 14:07:03] [INF] HTTP GET /api/employees/top-contributors responded 200 in 675.1421 ms
[2026-09-07 14:07:04] [INF] Fetched 10 top contributors from page 6000 with total 70000
[2026-09-07 14:07:04] [INF] HTTP GET /api/employees/top-contributors responded 200 in 661.5676 ms
[2026-09-07 14:07:04] [INF] Query executed :
    SELECT
        e.Id,
        e.EmployeeCode,
        e.Name,
        d.Name AS Department,
        et.Name AS EmploymentType,
        l.Name AS Location,
        e.Attendance,
        e.Performance,
        e.ActiveProjects,
        e.ExperienceYears,
        e.Salary,
        e.JoiningYear,
        e.IsActive,
        e.DepartmentId,
        e.EmploymentTypeId,
        e.LocationId
    FROM Employees e
    INNER JOIN Departments d ON e.DepartmentId = d.Id
    INNER JOIN Locations l ON e.LocationId = l.Id
    INNER JOIN EmploymentTypes et ON e.EmploymentTypeId = et.Id
    WHERE (@DepartmentId IS NULL OR e.DepartmentId = @DepartmentId)
      AND (@EmploymentTypeId IS NULL OR e.EmploymentTypeId = @EmploymentTypeId)
      AND (@LocationId IS NULL OR e.LocationId = @LocationId)
    ORDER BY e.ActiveProjects DESC, e.Id
    OFFSET @offset ROWS FETCH NEXT @size ROWS ONLY
[2026-09-07 14:07:04] [INF] Fetched 10 top contributors from page 6100 with total 70000
[2026-09-07 14:07:04] [INF] HTTP GET /api/employees/top-contributors responded 200 in 652.1065 ms
[2026-09-07 14:07:04] [INF] Fetched 10 top contributors from page 6200 with total 70000
[2026-09-07 14:07:04] [INF] HTTP GET /api/employees/top-contributors responded 200 in 731.7196 ms
[2026-09-07 14:07:12] [INF] Executing dashboard summary query. Filters: DepartmentId=ALL, EmploymentTypeId=1, LocationId=ALL. Query: 
        SELECT
            COUNT(*) AS TotalEmployees,
            COALESCE(SUM(CASE WHEN IsActive = 1 THEN 1 ELSE 0 END), 0) AS ActiveEmployees,
            COALESCE(AVG(CAST(Attendance AS DECIMAL(10, 2))), 0) AS AverageAttendance,
            COALESCE(AVG(CAST(Performance AS DECIMAL(10, 2))), 0) AS AveragePerformance
        FROM Employees
        WHERE (@DepartmentId IS NULL OR DepartmentId = @DepartmentId)
          AND (@EmploymentTypeId IS NULL OR EmploymentTypeId = @EmploymentTypeId)
          AND (@LocationId IS NULL OR LocationId = @LocationId)
[2026-09-07 14:07:12] [INF] Dashboard summary query executed. Filters: DepartmentId=ALL, EmploymentTypeId=1, LocationId=ALL. Result: TotalEmployees=70000, ActiveEmployees=65001
[2026-09-07 14:07:12] [INF] HTTP GET /api/dashboard/summary responded 200 in 156.5108 ms
[2026-09-07 14:07:15] [INF] Query Executed 
    SELECT
        e.Id,
        e.EmployeeCode,
        e.Name,
        d.Name AS Department,
        et.Name AS EmploymentType,
        l.Name AS Location,
        e.Attendance,
        e.Performance,
        e.ActiveProjects,
        e.ExperienceYears,
        e.Salary,
        e.JoiningYear,
        e.IsActive,
        e.DepartmentId,
        e.EmploymentTypeId,
        e.LocationId
    FROM Employees e
    INNER JOIN Departments d
        ON e.DepartmentId = d.Id
    INNER JOIN Locations l
        ON e.LocationId = l.Id
    INNER JOIN EmploymentTypes et
        ON e.EmploymentTypeId = et.Id
    WHERE (@DepartmentId IS NULL OR e.DepartmentId = @DepartmentId)
      AND (@EmploymentTypeId IS NULL OR e.EmploymentTypeId = @EmploymentTypeId)
      AND (@LocationId IS NULL OR e.LocationId = @LocationId)
        order by e.Id
        OFFSET @offset rows
        FETCH NEXT  @size rows only
        
[2026-09-07 14:07:15] [INF] Fetched 10 employees from page 0 with total 100000
[2026-09-07 14:07:15] [INF] HTTP GET /api/employees/paginated responded 200 in 72.4173 ms
[2026-09-07 14:07:15] [INF] GetEmployees started
[2026-09-07 14:07:15] [INF] Query executed :
    SELECT
        e.Id,
        e.EmployeeCode,
        e.Name,
        d.Name AS Department,
        et.Name AS EmploymentType,
        l.Name AS Location,
        e.Attendance,
        e.Performance,
        e.ActiveProjects,
        e.ExperienceYears,
        e.Salary,
        e.JoiningYear,
        e.IsActive,
        e.DepartmentId,
        e.EmploymentTypeId,
        e.LocationId
    FROM Employees e
    INNER JOIN Departments d
        ON e.DepartmentId = d.Id
    INNER JOIN Locations l
        ON e.LocationId = l.Id
    INNER JOIN EmploymentTypes et
        ON e.EmploymentTypeId = et.Id
[2026-09-07 14:07:16] [INF] Query executed :
        SELECT
            COALESCE(SUM(e.ActiveProjects), 0) AS TotalProjects,
            COALESCE(AVG(CAST(e.ActiveProjects AS DECIMAL(10, 2))), 0) AS AverageProjects,
            COALESCE(SUM(CASE WHEN e.IsActive = 1 THEN 1 ELSE 0 END), 0) AS ActiveEmployees,
            COALESCE(MAX(e.ActiveProjects), 0) AS HighestProjects
        FROM Employees e
        WHERE (@DepartmentId IS NULL OR e.DepartmentId = @DepartmentId)
          AND (@EmploymentTypeId IS NULL OR e.EmploymentTypeId = @EmploymentTypeId)
          AND (@LocationId IS NULL OR e.LocationId = @LocationId);

        SELECT
            d.Name AS Department,
            COALESCE(SUM(e.ActiveProjects), 0) AS Projects
        FROM Employees e
        INNER JOIN Departments d ON e.DepartmentId = d.Id
        WHERE (@DepartmentId IS NULL OR e.DepartmentId = @DepartmentId)
          AND (@EmploymentTypeId IS NULL OR e.EmploymentTypeId = @EmploymentTypeId)
          AND (@LocationId IS NULL OR e.LocationId = @LocationId)
        GROUP BY d.Name
[2026-09-07 14:07:16] [INF] Query executed :
    SELECT
        e.Id,
        e.EmployeeCode,
        e.Name,
        d.Name AS Department,
        et.Name AS EmploymentType,
        l.Name AS Location,
        e.Attendance,
        e.Performance,
        e.ActiveProjects,
        e.ExperienceYears,
        e.Salary,
        e.JoiningYear,
        e.IsActive,
        e.DepartmentId,
        e.EmploymentTypeId,
        e.LocationId
    FROM Employees e
    INNER JOIN Departments d ON e.DepartmentId = d.Id
    INNER JOIN Locations l ON e.LocationId = l.Id
    INNER JOIN EmploymentTypes et ON e.EmploymentTypeId = et.Id
    WHERE (@DepartmentId IS NULL OR e.DepartmentId = @DepartmentId)
      AND (@EmploymentTypeId IS NULL OR e.EmploymentTypeId = @EmploymentTypeId)
      AND (@LocationId IS NULL OR e.LocationId = @LocationId)
    ORDER BY e.ActiveProjects DESC, e.Id
    OFFSET @offset ROWS FETCH NEXT @size ROWS ONLY
[2026-09-07 14:07:16] [INF] Fetched 100000 employees
[2026-09-07 14:07:16] [INF] GetEmployees ended in 735.48 ms
[2026-09-07 14:07:16] [INF] HTTP GET /api/dashboard/projects-summary responded 200 in 187.6066 ms
[2026-09-07 14:07:17] [INF] HTTP GET /api/employees responded 200 in 1135.5098 ms
[2026-09-07 14:07:17] [INF] Fetched 10 top contributors from page 0 with total 70000
[2026-09-07 14:07:17] [INF] HTTP GET /api/employees/top-contributors responded 200 in 467.8413 ms
[2026-09-07 14:08:10] [INF] Query executed :
    SELECT
        e.Id,
        e.EmployeeCode,
        e.Name,
        d.Name AS Department,
        et.Name AS EmploymentType,
        l.Name AS Location,
        e.Attendance,
        e.Performance,
        e.ActiveProjects,
        e.ExperienceYears,
        e.Salary,
        e.JoiningYear,
        e.IsActive,
        e.DepartmentId,
        e.EmploymentTypeId,
        e.LocationId
    FROM Employees e
    INNER JOIN Departments d ON e.DepartmentId = d.Id
    INNER JOIN Locations l ON e.LocationId = l.Id
    INNER JOIN EmploymentTypes et ON e.EmploymentTypeId = et.Id
    WHERE (@DepartmentId IS NULL OR e.DepartmentId = @DepartmentId)
      AND (@EmploymentTypeId IS NULL OR e.EmploymentTypeId = @EmploymentTypeId)
      AND (@LocationId IS NULL OR e.LocationId = @LocationId)
    ORDER BY e.ActiveProjects DESC, e.Id
    OFFSET @offset ROWS FETCH NEXT @size ROWS ONLY
[2026-09-07 14:08:10] [INF] Fetched 10 top contributors from page 69990 with total 70000
[2026-09-07 14:08:10] [INF] HTTP GET /api/employees/top-contributors responded 200 in 839.3481 ms
[2026-09-07 14:08:31] [INF] Query executed :
    SELECT
        e.Id,
        e.EmployeeCode,
        e.Name,
        d.Name AS Department,
        et.Name AS EmploymentType,
        l.Name AS Location,
        e.Attendance,
        e.Performance,
        e.ActiveProjects,
        e.ExperienceYears,
        e.Salary,
        e.JoiningYear,
        e.IsActive,
        e.DepartmentId,
        e.EmploymentTypeId,
        e.LocationId
    FROM Employees e
    INNER JOIN Departments d ON e.DepartmentId = d.Id
    INNER JOIN Locations l ON e.LocationId = l.Id
    INNER JOIN EmploymentTypes et ON e.EmploymentTypeId = et.Id
    WHERE (@DepartmentId IS NULL OR e.DepartmentId = @DepartmentId)
      AND (@EmploymentTypeId IS NULL OR e.EmploymentTypeId = @EmploymentTypeId)
      AND (@LocationId IS NULL OR e.LocationId = @LocationId)
    ORDER BY e.ActiveProjects DESC, e.Id
    OFFSET @offset ROWS FETCH NEXT @size ROWS ONLY
[2026-09-07 14:08:32] [INF] Fetched 10 top contributors from page 0 with total 70000
[2026-09-07 14:08:32] [INF] HTTP GET /api/employees/top-contributors responded 200 in 660.2608 ms
[2026-09-07 14:08:34] [INF] Query Executed 
    SELECT
        e.Id,
        e.EmployeeCode,
        e.Name,
        d.Name AS Department,
        et.Name AS EmploymentType,
        l.Name AS Location,
        e.Attendance,
        e.Performance,
        e.ActiveProjects,
        e.ExperienceYears,
        e.Salary,
        e.JoiningYear,
        e.IsActive,
        e.DepartmentId,
        e.EmploymentTypeId,
        e.LocationId
    FROM Employees e
    INNER JOIN Departments d
        ON e.DepartmentId = d.Id
    INNER JOIN Locations l
        ON e.LocationId = l.Id
    INNER JOIN EmploymentTypes et
        ON e.EmploymentTypeId = et.Id
    WHERE (@DepartmentId IS NULL OR e.DepartmentId = @DepartmentId)
      AND (@EmploymentTypeId IS NULL OR e.EmploymentTypeId = @EmploymentTypeId)
      AND (@LocationId IS NULL OR e.LocationId = @LocationId)
        order by e.Id
        OFFSET @offset rows
        FETCH NEXT  @size rows only
        
[2026-09-07 14:08:34] [INF] Query executed :
        SELECT
            COALESCE(AVG(CAST(e.Attendance AS DECIMAL(10, 2))), 0) AS AverageAttendance,
            COALESCE(MAX(e.Attendance), 0) AS HighestAttendance,
            COALESCE(SUM(CASE WHEN e.Attendance >= 95 THEN 1 ELSE 0 END), 0) AS ExcellentCount,
            COALESCE(SUM(CASE WHEN e.Attendance < 85 THEN 1 ELSE 0 END), 0) AS LowCount
        FROM Employees e
        WHERE (@DepartmentId IS NULL OR e.DepartmentId = @DepartmentId)
          AND (@EmploymentTypeId IS NULL OR e.EmploymentTypeId = @EmploymentTypeId)
          AND (@LocationId IS NULL OR e.LocationId = @LocationId);

        SELECT
            d.Name AS Department,
            COALESCE(AVG(CAST(e.Attendance AS DECIMAL(10, 2))), 0) AS Attendance
        FROM Employees e
        INNER JOIN Departments d ON e.DepartmentId = d.Id
        WHERE (@DepartmentId IS NULL OR e.DepartmentId = @DepartmentId)
          AND (@EmploymentTypeId IS NULL OR e.EmploymentTypeId = @EmploymentTypeId)
          AND (@LocationId IS NULL OR e.LocationId = @LocationId)
        GROUP BY d.Name
[2026-09-07 14:08:34] [INF] Fetched 10 employees from page 0 with total 70000
[2026-09-07 14:08:34] [INF] HTTP GET /api/employees/paginated responded 200 in 226.4385 ms
[2026-09-07 14:08:35] [INF] HTTP GET /api/dashboard/attendance-summary responded 200 in 446.4122 ms
[2026-09-07 14:08:55] [INF] Query executed :
        SELECT
            COALESCE(AVG(CAST(e.Attendance AS DECIMAL(10, 2))), 0) AS AverageAttendance,
            COALESCE(MAX(e.Attendance), 0) AS HighestAttendance,
            COALESCE(SUM(CASE WHEN e.Attendance >= 95 THEN 1 ELSE 0 END), 0) AS ExcellentCount,
            COALESCE(SUM(CASE WHEN e.Attendance < 85 THEN 1 ELSE 0 END), 0) AS LowCount
        FROM Employees e
        WHERE (@DepartmentId IS NULL OR e.DepartmentId = @DepartmentId)
          AND (@EmploymentTypeId IS NULL OR e.EmploymentTypeId = @EmploymentTypeId)
          AND (@LocationId IS NULL OR e.LocationId = @LocationId);

        SELECT
            d.Name AS Department,
            COALESCE(AVG(CAST(e.Attendance AS DECIMAL(10, 2))), 0) AS Attendance
        FROM Employees e
        INNER JOIN Departments d ON e.DepartmentId = d.Id
        WHERE (@DepartmentId IS NULL OR e.DepartmentId = @DepartmentId)
          AND (@EmploymentTypeId IS NULL OR e.EmploymentTypeId = @EmploymentTypeId)
          AND (@LocationId IS NULL OR e.LocationId = @LocationId)
        GROUP BY d.Name
[2026-09-07 14:08:55] [INF] Query Executed 
    SELECT
        e.Id,
        e.EmployeeCode,
        e.Name,
        d.Name AS Department,
        et.Name AS EmploymentType,
        l.Name AS Location,
        e.Attendance,
        e.Performance,
        e.ActiveProjects,
        e.ExperienceYears,
        e.Salary,
        e.JoiningYear,
        e.IsActive,
        e.DepartmentId,
        e.EmploymentTypeId,
        e.LocationId
    FROM Employees e
    INNER JOIN Departments d
        ON e.DepartmentId = d.Id
    INNER JOIN Locations l
        ON e.LocationId = l.Id
    INNER JOIN EmploymentTypes et
        ON e.EmploymentTypeId = et.Id
    WHERE (@DepartmentId IS NULL OR e.DepartmentId = @DepartmentId)
      AND (@EmploymentTypeId IS NULL OR e.EmploymentTypeId = @EmploymentTypeId)
      AND (@LocationId IS NULL OR e.LocationId = @LocationId)
        order by e.Id
        OFFSET @offset rows
        FETCH NEXT  @size rows only
        
[2026-09-07 14:08:55] [INF] Fetched 10 employees from page 0 with total 70000
[2026-09-07 14:08:55] [INF] HTTP GET /api/employees/paginated responded 200 in 112.7764 ms
[2026-09-07 14:08:55] [INF] HTTP GET /api/dashboard/attendance-summary responded 200 in 324.1386 ms
[2026-09-07 14:09:11] [INF] Query executed :
        SELECT
            COALESCE(AVG(CAST(e.Attendance AS DECIMAL(10, 2))), 0) AS AverageAttendance,
            COALESCE(MAX(e.Attendance), 0) AS HighestAttendance,
            COALESCE(SUM(CASE WHEN e.Attendance >= 95 THEN 1 ELSE 0 END), 0) AS ExcellentCount,
            COALESCE(SUM(CASE WHEN e.Attendance < 85 THEN 1 ELSE 0 END), 0) AS LowCount
        FROM Employees e
        WHERE (@DepartmentId IS NULL OR e.DepartmentId = @DepartmentId)
          AND (@EmploymentTypeId IS NULL OR e.EmploymentTypeId = @EmploymentTypeId)
          AND (@LocationId IS NULL OR e.LocationId = @LocationId);

        SELECT
            d.Name AS Department,
            COALESCE(AVG(CAST(e.Attendance AS DECIMAL(10, 2))), 0) AS Attendance
        FROM Employees e
        INNER JOIN Departments d ON e.DepartmentId = d.Id
        WHERE (@DepartmentId IS NULL OR e.DepartmentId = @DepartmentId)
          AND (@EmploymentTypeId IS NULL OR e.EmploymentTypeId = @EmploymentTypeId)
          AND (@LocationId IS NULL OR e.LocationId = @LocationId)
        GROUP BY d.Name
[2026-09-07 14:09:11] [INF] Query Executed 
    SELECT
        e.Id,
        e.EmployeeCode,
        e.Name,
        d.Name AS Department,
        et.Name AS EmploymentType,
        l.Name AS Location,
        e.Attendance,
        e.Performance,
        e.ActiveProjects,
        e.ExperienceYears,
        e.Salary,
        e.JoiningYear,
        e.IsActive,
        e.DepartmentId,
        e.EmploymentTypeId,
        e.LocationId
    FROM Employees e
    INNER JOIN Departments d
        ON e.DepartmentId = d.Id
    INNER JOIN Locations l
        ON e.LocationId = l.Id
    INNER JOIN EmploymentTypes et
        ON e.EmploymentTypeId = et.Id
    WHERE (@DepartmentId IS NULL OR e.DepartmentId = @DepartmentId)
      AND (@EmploymentTypeId IS NULL OR e.EmploymentTypeId = @EmploymentTypeId)
      AND (@LocationId IS NULL OR e.LocationId = @LocationId)
        order by e.Id
        OFFSET @offset rows
        FETCH NEXT  @size rows only
        
[2026-09-07 14:09:11] [INF] Fetched 10 employees from page 0 with total 70000
[2026-09-07 14:09:11] [INF] HTTP GET /api/employees/paginated responded 200 in 51.7258 ms
[2026-09-07 14:09:11] [INF] HTTP GET /api/dashboard/attendance-summary responded 200 in 219.6304 ms
[2026-09-07 14:09:25] [INF] Query executed :
        SELECT
            COALESCE(AVG(CAST(e.Attendance AS DECIMAL(10, 2))), 0) AS AverageAttendance,
            COALESCE(MAX(e.Attendance), 0) AS HighestAttendance,
            COALESCE(SUM(CASE WHEN e.Attendance >= 95 THEN 1 ELSE 0 END), 0) AS ExcellentCount,
            COALESCE(SUM(CASE WHEN e.Attendance < 85 THEN 1 ELSE 0 END), 0) AS LowCount
        FROM Employees e
        WHERE (@DepartmentId IS NULL OR e.DepartmentId = @DepartmentId)
          AND (@EmploymentTypeId IS NULL OR e.EmploymentTypeId = @EmploymentTypeId)
          AND (@LocationId IS NULL OR e.LocationId = @LocationId);

        SELECT
            d.Name AS Department,
            COALESCE(AVG(CAST(e.Attendance AS DECIMAL(10, 2))), 0) AS Attendance
        FROM Employees e
        INNER JOIN Departments d ON e.DepartmentId = d.Id
        WHERE (@DepartmentId IS NULL OR e.DepartmentId = @DepartmentId)
          AND (@EmploymentTypeId IS NULL OR e.EmploymentTypeId = @EmploymentTypeId)
          AND (@LocationId IS NULL OR e.LocationId = @LocationId)
        GROUP BY d.Name
[2026-09-07 14:09:25] [INF] Query Executed 
    SELECT
        e.Id,
        e.EmployeeCode,
        e.Name,
        d.Name AS Department,
        et.Name AS EmploymentType,
        l.Name AS Location,
        e.Attendance,
        e.Performance,
        e.ActiveProjects,
        e.ExperienceYears,
        e.Salary,
        e.JoiningYear,
        e.IsActive,
        e.DepartmentId,
        e.EmploymentTypeId,
        e.LocationId
    FROM Employees e
    INNER JOIN Departments d
        ON e.DepartmentId = d.Id
    INNER JOIN Locations l
        ON e.LocationId = l.Id
    INNER JOIN EmploymentTypes et
        ON e.EmploymentTypeId = et.Id
    WHERE (@DepartmentId IS NULL OR e.DepartmentId = @DepartmentId)
      AND (@EmploymentTypeId IS NULL OR e.EmploymentTypeId = @EmploymentTypeId)
      AND (@LocationId IS NULL OR e.LocationId = @LocationId)
        order by e.Id
        OFFSET @offset rows
        FETCH NEXT  @size rows only
        
[2026-09-07 14:09:25] [INF] Fetched 10 employees from page 0 with total 70000
[2026-09-07 14:09:25] [INF] HTTP GET /api/employees/paginated responded 200 in 42.4795 ms
[2026-09-07 14:09:25] [INF] HTTP GET /api/dashboard/attendance-summary responded 200 in 217.3746 ms
[2026-09-07 14:10:03] [INF] Query executed :
        SELECT
            COALESCE(AVG(CAST(e.Attendance AS DECIMAL(10, 2))), 0) AS AverageAttendance,
            COALESCE(MAX(e.Attendance), 0) AS HighestAttendance,
            COALESCE(SUM(CASE WHEN e.Attendance >= 95 THEN 1 ELSE 0 END), 0) AS ExcellentCount,
            COALESCE(SUM(CASE WHEN e.Attendance < 85 THEN 1 ELSE 0 END), 0) AS LowCount
        FROM Employees e
        WHERE (@DepartmentId IS NULL OR e.DepartmentId = @DepartmentId)
          AND (@EmploymentTypeId IS NULL OR e.EmploymentTypeId = @EmploymentTypeId)
          AND (@LocationId IS NULL OR e.LocationId = @LocationId);

        SELECT
            d.Name AS Department,
            COALESCE(AVG(CAST(e.Attendance AS DECIMAL(10, 2))), 0) AS Attendance
        FROM Employees e
        INNER JOIN Departments d ON e.DepartmentId = d.Id
        WHERE (@DepartmentId IS NULL OR e.DepartmentId = @DepartmentId)
          AND (@EmploymentTypeId IS NULL OR e.EmploymentTypeId = @EmploymentTypeId)
          AND (@LocationId IS NULL OR e.LocationId = @LocationId)
        GROUP BY d.Name
[2026-09-07 14:10:03] [INF] Query Executed 
    SELECT
        e.Id,
        e.EmployeeCode,
        e.Name,
        d.Name AS Department,
        et.Name AS EmploymentType,
        l.Name AS Location,
        e.Attendance,
        e.Performance,
        e.ActiveProjects,
        e.ExperienceYears,
        e.Salary,
        e.JoiningYear,
        e.IsActive,
        e.DepartmentId,
        e.EmploymentTypeId,
        e.LocationId
    FROM Employees e
    INNER JOIN Departments d
        ON e.DepartmentId = d.Id
    INNER JOIN Locations l
        ON e.LocationId = l.Id
    INNER JOIN EmploymentTypes et
        ON e.EmploymentTypeId = et.Id
    WHERE (@DepartmentId IS NULL OR e.DepartmentId = @DepartmentId)
      AND (@EmploymentTypeId IS NULL OR e.EmploymentTypeId = @EmploymentTypeId)
      AND (@LocationId IS NULL OR e.LocationId = @LocationId)
        order by e.Id
        OFFSET @offset rows
        FETCH NEXT  @size rows only
        
[2026-09-07 14:10:03] [INF] Fetched 10 employees from page 0 with total 70000
[2026-09-07 14:10:03] [INF] HTTP GET /api/employees/paginated responded 200 in 81.4034 ms
[2026-09-07 14:10:03] [INF] HTTP GET /api/dashboard/attendance-summary responded 200 in 275.8595 ms
[2026-09-07 14:10:04] [INF] Query executed :
        SELECT
            COALESCE(AVG(CAST(e.Attendance AS DECIMAL(10, 2))), 0) AS AverageAttendance,
            COALESCE(MAX(e.Attendance), 0) AS HighestAttendance,
            COALESCE(SUM(CASE WHEN e.Attendance >= 95 THEN 1 ELSE 0 END), 0) AS ExcellentCount,
            COALESCE(SUM(CASE WHEN e.Attendance < 85 THEN 1 ELSE 0 END), 0) AS LowCount
        FROM Employees e
        WHERE (@DepartmentId IS NULL OR e.DepartmentId = @DepartmentId)
          AND (@EmploymentTypeId IS NULL OR e.EmploymentTypeId = @EmploymentTypeId)
          AND (@LocationId IS NULL OR e.LocationId = @LocationId);

        SELECT
            d.Name AS Department,
            COALESCE(AVG(CAST(e.Attendance AS DECIMAL(10, 2))), 0) AS Attendance
        FROM Employees e
        INNER JOIN Departments d ON e.DepartmentId = d.Id
        WHERE (@DepartmentId IS NULL OR e.DepartmentId = @DepartmentId)
          AND (@EmploymentTypeId IS NULL OR e.EmploymentTypeId = @EmploymentTypeId)
          AND (@LocationId IS NULL OR e.LocationId = @LocationId)
        GROUP BY d.Name
[2026-09-07 14:10:04] [INF] Query Executed 
    SELECT
        e.Id,
        e.EmployeeCode,
        e.Name,
        d.Name AS Department,
        et.Name AS EmploymentType,
        l.Name AS Location,
        e.Attendance,
        e.Performance,
        e.ActiveProjects,
        e.ExperienceYears,
        e.Salary,
        e.JoiningYear,
        e.IsActive,
        e.DepartmentId,
        e.EmploymentTypeId,
        e.LocationId
    FROM Employees e
    INNER JOIN Departments d
        ON e.DepartmentId = d.Id
    INNER JOIN Locations l
        ON e.LocationId = l.Id
    INNER JOIN EmploymentTypes et
        ON e.EmploymentTypeId = et.Id
    WHERE (@DepartmentId IS NULL OR e.DepartmentId = @DepartmentId)
      AND (@EmploymentTypeId IS NULL OR e.EmploymentTypeId = @EmploymentTypeId)
      AND (@LocationId IS NULL OR e.LocationId = @LocationId)
        order by e.Id
        OFFSET @offset rows
        FETCH NEXT  @size rows only
        
[2026-09-07 14:10:04] [INF] Fetched 10 employees from page 0 with total 70000
[2026-09-07 14:10:04] [INF] HTTP GET /api/employees/paginated responded 200 in 51.9014 ms
[2026-09-07 14:10:04] [INF] HTTP GET /api/dashboard/attendance-summary responded 200 in 224.8809 ms
[2026-09-07 14:10:18] [INF] Query executed :
        SELECT
            COALESCE(AVG(CAST(e.Attendance AS DECIMAL(10, 2))), 0) AS AverageAttendance,
            COALESCE(MAX(e.Attendance), 0) AS HighestAttendance,
            COALESCE(SUM(CASE WHEN e.Attendance >= 95 THEN 1 ELSE 0 END), 0) AS ExcellentCount,
            COALESCE(SUM(CASE WHEN e.Attendance < 85 THEN 1 ELSE 0 END), 0) AS LowCount
        FROM Employees e
        WHERE (@DepartmentId IS NULL OR e.DepartmentId = @DepartmentId)
          AND (@EmploymentTypeId IS NULL OR e.EmploymentTypeId = @EmploymentTypeId)
          AND (@LocationId IS NULL OR e.LocationId = @LocationId);

        SELECT
            d.Name AS Department,
            COALESCE(AVG(CAST(e.Attendance AS DECIMAL(10, 2))), 0) AS Attendance
        FROM Employees e
        INNER JOIN Departments d ON e.DepartmentId = d.Id
        WHERE (@DepartmentId IS NULL OR e.DepartmentId = @DepartmentId)
          AND (@EmploymentTypeId IS NULL OR e.EmploymentTypeId = @EmploymentTypeId)
          AND (@LocationId IS NULL OR e.LocationId = @LocationId)
        GROUP BY d.Name
[2026-09-07 14:10:18] [INF] Query Executed 
    SELECT
        e.Id,
        e.EmployeeCode,
        e.Name,
        d.Name AS Department,
        et.Name AS EmploymentType,
        l.Name AS Location,
        e.Attendance,
        e.Performance,
        e.ActiveProjects,
        e.ExperienceYears,
        e.Salary,
        e.JoiningYear,
        e.IsActive,
        e.DepartmentId,
        e.EmploymentTypeId,
        e.LocationId
    FROM Employees e
    INNER JOIN Departments d
        ON e.DepartmentId = d.Id
    INNER JOIN Locations l
        ON e.LocationId = l.Id
    INNER JOIN EmploymentTypes et
        ON e.EmploymentTypeId = et.Id
    WHERE (@DepartmentId IS NULL OR e.DepartmentId = @DepartmentId)
      AND (@EmploymentTypeId IS NULL OR e.EmploymentTypeId = @EmploymentTypeId)
      AND (@LocationId IS NULL OR e.LocationId = @LocationId)
        order by e.Id
        OFFSET @offset rows
        FETCH NEXT  @size rows only
        
[2026-09-07 14:10:18] [INF] Fetched 10 employees from page 0 with total 70000
[2026-09-07 14:10:18] [INF] HTTP GET /api/employees/paginated responded 200 in 57.9662 ms
[2026-09-07 14:10:18] [INF] HTTP GET /api/dashboard/attendance-summary responded 200 in 250.1521 ms
[2026-09-07 14:10:21] [INF] Query executed :
        SELECT
            COALESCE(AVG(CAST(e.Attendance AS DECIMAL(10, 2))), 0) AS AverageAttendance,
            COALESCE(MAX(e.Attendance), 0) AS HighestAttendance,
            COALESCE(SUM(CASE WHEN e.Attendance >= 95 THEN 1 ELSE 0 END), 0) AS ExcellentCount,
            COALESCE(SUM(CASE WHEN e.Attendance < 85 THEN 1 ELSE 0 END), 0) AS LowCount
        FROM Employees e
        WHERE (@DepartmentId IS NULL OR e.DepartmentId = @DepartmentId)
          AND (@EmploymentTypeId IS NULL OR e.EmploymentTypeId = @EmploymentTypeId)
          AND (@LocationId IS NULL OR e.LocationId = @LocationId);

        SELECT
            d.Name AS Department,
            COALESCE(AVG(CAST(e.Attendance AS DECIMAL(10, 2))), 0) AS Attendance
        FROM Employees e
        INNER JOIN Departments d ON e.DepartmentId = d.Id
        WHERE (@DepartmentId IS NULL OR e.DepartmentId = @DepartmentId)
          AND (@EmploymentTypeId IS NULL OR e.EmploymentTypeId = @EmploymentTypeId)
          AND (@LocationId IS NULL OR e.LocationId = @LocationId)
        GROUP BY d.Name
[2026-09-07 14:10:21] [INF] Query Executed 
    SELECT
        e.Id,
        e.EmployeeCode,
        e.Name,
        d.Name AS Department,
        et.Name AS EmploymentType,
        l.Name AS Location,
        e.Attendance,
        e.Performance,
        e.ActiveProjects,
        e.ExperienceYears,
        e.Salary,
        e.JoiningYear,
        e.IsActive,
        e.DepartmentId,
        e.EmploymentTypeId,
        e.LocationId
    FROM Employees e
    INNER JOIN Departments d
        ON e.DepartmentId = d.Id
    INNER JOIN Locations l
        ON e.LocationId = l.Id
    INNER JOIN EmploymentTypes et
        ON e.EmploymentTypeId = et.Id
    WHERE (@DepartmentId IS NULL OR e.DepartmentId = @DepartmentId)
      AND (@EmploymentTypeId IS NULL OR e.EmploymentTypeId = @EmploymentTypeId)
      AND (@LocationId IS NULL OR e.LocationId = @LocationId)
        order by e.Id
        OFFSET @offset rows
        FETCH NEXT  @size rows only
        
[2026-09-07 14:10:21] [INF] Fetched 10 employees from page 0 with total 70000
[2026-09-07 14:10:21] [INF] HTTP GET /api/employees/paginated responded 200 in 51.5132 ms
[2026-09-07 14:10:21] [INF] HTTP GET /api/dashboard/attendance-summary responded 200 in 215.0424 ms
[2026-09-07 14:11:04] [INF] Query executed :
        SELECT
            COALESCE(AVG(CAST(e.Attendance AS DECIMAL(10, 2))), 0) AS AverageAttendance,
            COALESCE(MAX(e.Attendance), 0) AS HighestAttendance,
            COALESCE(SUM(CASE WHEN e.Attendance >= 95 THEN 1 ELSE 0 END), 0) AS ExcellentCount,
            COALESCE(SUM(CASE WHEN e.Attendance < 85 THEN 1 ELSE 0 END), 0) AS LowCount
        FROM Employees e
        WHERE (@DepartmentId IS NULL OR e.DepartmentId = @DepartmentId)
          AND (@EmploymentTypeId IS NULL OR e.EmploymentTypeId = @EmploymentTypeId)
          AND (@LocationId IS NULL OR e.LocationId = @LocationId);

        SELECT
            d.Name AS Department,
            COALESCE(AVG(CAST(e.Attendance AS DECIMAL(10, 2))), 0) AS Attendance
        FROM Employees e
        INNER JOIN Departments d ON e.DepartmentId = d.Id
        WHERE (@DepartmentId IS NULL OR e.DepartmentId = @DepartmentId)
          AND (@EmploymentTypeId IS NULL OR e.EmploymentTypeId = @EmploymentTypeId)
          AND (@LocationId IS NULL OR e.LocationId = @LocationId)
        GROUP BY d.Name
[2026-09-07 14:11:04] [INF] Query Executed 
    SELECT
        e.Id,
        e.EmployeeCode,
        e.Name,
        d.Name AS Department,
        et.Name AS EmploymentType,
        l.Name AS Location,
        e.Attendance,
        e.Performance,
        e.ActiveProjects,
        e.ExperienceYears,
        e.Salary,
        e.JoiningYear,
        e.IsActive,
        e.DepartmentId,
        e.EmploymentTypeId,
        e.LocationId
    FROM Employees e
    INNER JOIN Departments d
        ON e.DepartmentId = d.Id
    INNER JOIN Locations l
        ON e.LocationId = l.Id
    INNER JOIN EmploymentTypes et
        ON e.EmploymentTypeId = et.Id
    WHERE (@DepartmentId IS NULL OR e.DepartmentId = @DepartmentId)
      AND (@EmploymentTypeId IS NULL OR e.EmploymentTypeId = @EmploymentTypeId)
      AND (@LocationId IS NULL OR e.LocationId = @LocationId)
        order by e.Id
        OFFSET @offset rows
        FETCH NEXT  @size rows only
        
[2026-09-07 14:11:04] [INF] Fetched 10 employees from page 0 with total 70000
[2026-09-07 14:11:04] [INF] HTTP GET /api/employees/paginated responded 200 in 111.7342 ms
[2026-09-07 14:11:04] [INF] HTTP GET /api/dashboard/attendance-summary responded 200 in 311.0553 ms
[2026-09-07 14:11:21] [INF] Query executed :
        SELECT
            COALESCE(SUM(e.ActiveProjects), 0) AS TotalProjects,
            COALESCE(AVG(CAST(e.ActiveProjects AS DECIMAL(10, 2))), 0) AS AverageProjects,
            COALESCE(SUM(CASE WHEN e.IsActive = 1 THEN 1 ELSE 0 END), 0) AS ActiveEmployees,
            COALESCE(MAX(e.ActiveProjects), 0) AS HighestProjects
        FROM Employees e
        WHERE (@DepartmentId IS NULL OR e.DepartmentId = @DepartmentId)
          AND (@EmploymentTypeId IS NULL OR e.EmploymentTypeId = @EmploymentTypeId)
          AND (@LocationId IS NULL OR e.LocationId = @LocationId);

        SELECT
            d.Name AS Department,
            COALESCE(SUM(e.ActiveProjects), 0) AS Projects
        FROM Employees e
        INNER JOIN Departments d ON e.DepartmentId = d.Id
        WHERE (@DepartmentId IS NULL OR e.DepartmentId = @DepartmentId)
          AND (@EmploymentTypeId IS NULL OR e.EmploymentTypeId = @EmploymentTypeId)
          AND (@LocationId IS NULL OR e.LocationId = @LocationId)
        GROUP BY d.Name
[2026-09-07 14:11:21] [INF] Query executed :
    SELECT
        e.Id,
        e.EmployeeCode,
        e.Name,
        d.Name AS Department,
        et.Name AS EmploymentType,
        l.Name AS Location,
        e.Attendance,
        e.Performance,
        e.ActiveProjects,
        e.ExperienceYears,
        e.Salary,
        e.JoiningYear,
        e.IsActive,
        e.DepartmentId,
        e.EmploymentTypeId,
        e.LocationId
    FROM Employees e
    INNER JOIN Departments d ON e.DepartmentId = d.Id
    INNER JOIN Locations l ON e.LocationId = l.Id
    INNER JOIN EmploymentTypes et ON e.EmploymentTypeId = et.Id
    WHERE (@DepartmentId IS NULL OR e.DepartmentId = @DepartmentId)
      AND (@EmploymentTypeId IS NULL OR e.EmploymentTypeId = @EmploymentTypeId)
      AND (@LocationId IS NULL OR e.LocationId = @LocationId)
    ORDER BY e.ActiveProjects DESC, e.Id
    OFFSET @offset ROWS FETCH NEXT @size ROWS ONLY
[2026-09-07 14:11:21] [INF] HTTP GET /api/dashboard/projects-summary responded 200 in 299.4993 ms
[2026-09-07 14:11:21] [INF] Fetched 10 top contributors from page 0 with total 70000
[2026-09-07 14:11:21] [INF] HTTP GET /api/employees/top-contributors responded 200 in 441.3327 ms
[2026-09-07 14:12:04] [INF] Executing dashboard summary query. Filters: DepartmentId=ALL, EmploymentTypeId=1, LocationId=ALL. Query: 
        SELECT
            COUNT(*) AS TotalEmployees,
            COALESCE(SUM(CASE WHEN IsActive = 1 THEN 1 ELSE 0 END), 0) AS ActiveEmployees,
            COALESCE(AVG(CAST(Attendance AS DECIMAL(10, 2))), 0) AS AverageAttendance,
            COALESCE(AVG(CAST(Performance AS DECIMAL(10, 2))), 0) AS AveragePerformance
        FROM Employees
        WHERE (@DepartmentId IS NULL OR DepartmentId = @DepartmentId)
          AND (@EmploymentTypeId IS NULL OR EmploymentTypeId = @EmploymentTypeId)
          AND (@LocationId IS NULL OR LocationId = @LocationId)
[2026-09-07 14:12:04] [INF] Dashboard summary query executed. Filters: DepartmentId=ALL, EmploymentTypeId=1, LocationId=ALL. Result: TotalEmployees=70000, ActiveEmployees=65001
[2026-09-07 14:12:04] [INF] HTTP GET /api/dashboard/summary responded 200 in 176.1063 ms
[2026-09-07 14:12:07] [INF] Executing dashboard summary query. Filters: DepartmentId=ALL, EmploymentTypeId=ALL, LocationId=ALL. Query: 
        SELECT
            COUNT(*) AS TotalEmployees,
            COALESCE(SUM(CASE WHEN IsActive = 1 THEN 1 ELSE 0 END), 0) AS ActiveEmployees,
            COALESCE(AVG(CAST(Attendance AS DECIMAL(10, 2))), 0) AS AverageAttendance,
            COALESCE(AVG(CAST(Performance AS DECIMAL(10, 2))), 0) AS AveragePerformance
        FROM Employees
        WHERE (@DepartmentId IS NULL OR DepartmentId = @DepartmentId)
          AND (@EmploymentTypeId IS NULL OR EmploymentTypeId = @EmploymentTypeId)
          AND (@LocationId IS NULL OR LocationId = @LocationId)
[2026-09-07 14:12:08] [INF] Dashboard summary query executed. Filters: DepartmentId=ALL, EmploymentTypeId=ALL, LocationId=ALL. Result: TotalEmployees=100000, ActiveEmployees=93334
[2026-09-07 14:12:08] [INF] HTTP GET /api/dashboard/summary responded 200 in 170.2905 ms
[2026-09-07 14:12:08] [INF] GetFilters started
[2026-09-07 14:12:08] [INF] GetFilters ended in 0.28 ms
[2026-09-07 14:12:08] [INF] HTTP GET /api/filters responded 200 in 1.1292 ms
[2026-09-07 14:12:10] [INF] Query executed :
        SELECT
            COALESCE(SUM(e.ActiveProjects), 0) AS TotalProjects,
            COALESCE(AVG(CAST(e.ActiveProjects AS DECIMAL(10, 2))), 0) AS AverageProjects,
            COALESCE(SUM(CASE WHEN e.IsActive = 1 THEN 1 ELSE 0 END), 0) AS ActiveEmployees,
            COALESCE(MAX(e.ActiveProjects), 0) AS HighestProjects
        FROM Employees e
        WHERE (@DepartmentId IS NULL OR e.DepartmentId = @DepartmentId)
          AND (@EmploymentTypeId IS NULL OR e.EmploymentTypeId = @EmploymentTypeId)
          AND (@LocationId IS NULL OR e.LocationId = @LocationId);

        SELECT
            d.Name AS Department,
            COALESCE(SUM(e.ActiveProjects), 0) AS Projects
        FROM Employees e
        INNER JOIN Departments d ON e.DepartmentId = d.Id
        WHERE (@DepartmentId IS NULL OR e.DepartmentId = @DepartmentId)
          AND (@EmploymentTypeId IS NULL OR e.EmploymentTypeId = @EmploymentTypeId)
          AND (@LocationId IS NULL OR e.LocationId = @LocationId)
        GROUP BY d.Name
[2026-09-07 14:12:10] [INF] Query executed :
    SELECT
        e.Id,
        e.EmployeeCode,
        e.Name,
        d.Name AS Department,
        et.Name AS EmploymentType,
        l.Name AS Location,
        e.Attendance,
        e.Performance,
        e.ActiveProjects,
        e.ExperienceYears,
        e.Salary,
        e.JoiningYear,
        e.IsActive,
        e.DepartmentId,
        e.EmploymentTypeId,
        e.LocationId
    FROM Employees e
    INNER JOIN Departments d ON e.DepartmentId = d.Id
    INNER JOIN Locations l ON e.LocationId = l.Id
    INNER JOIN EmploymentTypes et ON e.EmploymentTypeId = et.Id
    WHERE (@DepartmentId IS NULL OR e.DepartmentId = @DepartmentId)
      AND (@EmploymentTypeId IS NULL OR e.EmploymentTypeId = @EmploymentTypeId)
      AND (@LocationId IS NULL OR e.LocationId = @LocationId)
    ORDER BY e.ActiveProjects DESC, e.Id
    OFFSET @offset ROWS FETCH NEXT @size ROWS ONLY
[2026-09-07 14:12:10] [INF] HTTP GET /api/dashboard/projects-summary responded 200 in 274.6395 ms
[2026-09-07 14:12:10] [INF] Fetched 10 top contributors from page 0 with total 100000
[2026-09-07 14:12:10] [INF] HTTP GET /api/employees/top-contributors responded 200 in 474.8617 ms
[2026-09-07 14:12:15] [INF] Query executed :
    SELECT
        e.Id,
        e.EmployeeCode,
        e.Name,
        d.Name AS Department,
        et.Name AS EmploymentType,
        l.Name AS Location,
        e.Attendance,
        e.Performance,
        e.ActiveProjects,
        e.ExperienceYears,
        e.Salary,
        e.JoiningYear,
        e.IsActive,
        e.DepartmentId,
        e.EmploymentTypeId,
        e.LocationId
    FROM Employees e
    INNER JOIN Departments d ON e.DepartmentId = d.Id
    INNER JOIN Locations l ON e.LocationId = l.Id
    INNER JOIN EmploymentTypes et ON e.EmploymentTypeId = et.Id
    WHERE (@DepartmentId IS NULL OR e.DepartmentId = @DepartmentId)
      AND (@EmploymentTypeId IS NULL OR e.EmploymentTypeId = @EmploymentTypeId)
      AND (@LocationId IS NULL OR e.LocationId = @LocationId)
    ORDER BY e.ActiveProjects DESC, e.Id
    OFFSET @offset ROWS FETCH NEXT @size ROWS ONLY
[2026-09-07 14:12:16] [INF] Fetched 10 top contributors from page 99990 with total 100000
[2026-09-07 14:12:16] [INF] HTTP GET /api/employees/top-contributors responded 200 in 1181.7330 ms
[2026-09-07 14:12:17] [INF] Query Executed 
    SELECT
        e.Id,
        e.EmployeeCode,
        e.Name,
        d.Name AS Department,
        et.Name AS EmploymentType,
        l.Name AS Location,
        e.Attendance,
        e.Performance,
        e.ActiveProjects,
        e.ExperienceYears,
        e.Salary,
        e.JoiningYear,
        e.IsActive,
        e.DepartmentId,
        e.EmploymentTypeId,
        e.LocationId
    FROM Employees e
    INNER JOIN Departments d
        ON e.DepartmentId = d.Id
    INNER JOIN Locations l
        ON e.LocationId = l.Id
    INNER JOIN EmploymentTypes et
        ON e.EmploymentTypeId = et.Id
    WHERE (@DepartmentId IS NULL OR e.DepartmentId = @DepartmentId)
      AND (@EmploymentTypeId IS NULL OR e.EmploymentTypeId = @EmploymentTypeId)
      AND (@LocationId IS NULL OR e.LocationId = @LocationId)
        order by e.Id
        OFFSET @offset rows
        FETCH NEXT  @size rows only
        
[2026-09-07 14:12:17] [INF] Query executed :
        SELECT
            COALESCE(AVG(CAST(e.Attendance AS DECIMAL(10, 2))), 0) AS AverageAttendance,
            COALESCE(MAX(e.Attendance), 0) AS HighestAttendance,
            COALESCE(SUM(CASE WHEN e.Attendance >= 95 THEN 1 ELSE 0 END), 0) AS ExcellentCount,
            COALESCE(SUM(CASE WHEN e.Attendance < 85 THEN 1 ELSE 0 END), 0) AS LowCount
        FROM Employees e
        WHERE (@DepartmentId IS NULL OR e.DepartmentId = @DepartmentId)
          AND (@EmploymentTypeId IS NULL OR e.EmploymentTypeId = @EmploymentTypeId)
          AND (@LocationId IS NULL OR e.LocationId = @LocationId);

        SELECT
            d.Name AS Department,
            COALESCE(AVG(CAST(e.Attendance AS DECIMAL(10, 2))), 0) AS Attendance
        FROM Employees e
        INNER JOIN Departments d ON e.DepartmentId = d.Id
        WHERE (@DepartmentId IS NULL OR e.DepartmentId = @DepartmentId)
          AND (@EmploymentTypeId IS NULL OR e.EmploymentTypeId = @EmploymentTypeId)
          AND (@LocationId IS NULL OR e.LocationId = @LocationId)
        GROUP BY d.Name
[2026-09-07 14:12:17] [INF] Fetched 10 employees from page 0 with total 100000
[2026-09-07 14:12:17] [INF] HTTP GET /api/employees/paginated responded 200 in 86.7383 ms
[2026-09-07 14:12:17] [INF] HTTP GET /api/dashboard/attendance-summary responded 200 in 350.9185 ms
[2026-09-07 14:12:20] [INF] Query Executed 
    SELECT
        e.Id,
        e.EmployeeCode,
        e.Name,
        d.Name AS Department,
        et.Name AS EmploymentType,
        l.Name AS Location,
        e.Attendance,
        e.Performance,
        e.ActiveProjects,
        e.ExperienceYears,
        e.Salary,
        e.JoiningYear,
        e.IsActive,
        e.DepartmentId,
        e.EmploymentTypeId,
        e.LocationId
    FROM Employees e
    INNER JOIN Departments d
        ON e.DepartmentId = d.Id
    INNER JOIN Locations l
        ON e.LocationId = l.Id
    INNER JOIN EmploymentTypes et
        ON e.EmploymentTypeId = et.Id
    WHERE (@DepartmentId IS NULL OR e.DepartmentId = @DepartmentId)
      AND (@EmploymentTypeId IS NULL OR e.EmploymentTypeId = @EmploymentTypeId)
      AND (@LocationId IS NULL OR e.LocationId = @LocationId)
        order by e.Id
        OFFSET @offset rows
        FETCH NEXT  @size rows only
        
[2026-09-07 14:12:21] [INF] Fetched 10 employees from page 99990 with total 100000
[2026-09-07 14:12:21] [INF] HTTP GET /api/employees/paginated responded 200 in 935.9060 ms
[2026-09-07 14:12:22] [INF] Query Executed 
    SELECT
        e.Id,
        e.EmployeeCode,
        e.Name,
        d.Name AS Department,
        et.Name AS EmploymentType,
        l.Name AS Location,
        e.Attendance,
        e.Performance,
        e.ActiveProjects,
        e.ExperienceYears,
        e.Salary,
        e.JoiningYear,
        e.IsActive,
        e.DepartmentId,
        e.EmploymentTypeId,
        e.LocationId
    FROM Employees e
    INNER JOIN Departments d
        ON e.DepartmentId = d.Id
    INNER JOIN Locations l
        ON e.LocationId = l.Id
    INNER JOIN EmploymentTypes et
        ON e.EmploymentTypeId = et.Id
    WHERE (@DepartmentId IS NULL OR e.DepartmentId = @DepartmentId)
      AND (@EmploymentTypeId IS NULL OR e.EmploymentTypeId = @EmploymentTypeId)
      AND (@LocationId IS NULL OR e.LocationId = @LocationId)
        order by e.Id
        OFFSET @offset rows
        FETCH NEXT  @size rows only
        
[2026-09-07 14:12:22] [INF] Fetched 10 employees from page 0 with total 100000
[2026-09-07 14:12:22] [INF] HTTP GET /api/employees/paginated responded 200 in 34.7393 ms
